cycle,current_A,capacity_mAh,degradation_pct,ocv_V,median_discharge_V,internal_resistance_mOhm,temperature_C,coulombic_efficiency,energy_Wh
1,0.5,999.2503185961226,0.07496814038774335,3.699666838456612,3.6698159577771174,58.66433975699932,24.97231952724399,0.9990350134719693,3.6670647649979196
2,0.5,998.5083527442738,0.14916472557262583,3.699655324597091,3.6632969375498923,63.73265360835138,25.111124074648885,0.9989864616975037,3.657832590726086
3,0.5,997.7740066003267,0.22259933996732206,3.6994325230277294,3.6661158376308327,67.32867951399864,25.086832178214873,0.9990579207914728,3.657955087973829
4,0.5,997.04718551075,0.29528144892499997,3.7011361041442425,3.666408638723861,70.11797390542625,24.801360662153694,0.9989489240244828,3.655582414171926
5,0.5,996.3277959978167,0.3672204002183266,3.7002723521502916,3.6680070979492285,72.39699336535068,25.041068487742443,0.9989942552638829,3.6545374276041027
6,0.5,995.6157457449991,0.43842542550008856,3.7008004971855017,3.65927792285988,74.32387686319142,24.94060251914235,0.9990240038409154,3.6432347180563505
7,0.5,994.9109435825438,0.5089056417456161,3.7014414653857117,3.6627230667322475,75.99301927099795,25.152979957606373,0.9990118106724664,3.6440832624041293
8,0.5,994.2132994732266,0.5786700526773436,3.7012174515858014,3.6591451313347054,77.46530721670275,25.2161894919899,0.998923588266128,3.6379707542756705
9,0.5,993.522724498283,0.6477275501717061,3.6943714726254595,3.6531596436096483,78.78231366242558,24.77668555752477,0.9990430291835813,3.629497122146234
10,0.5,992.8391308435154,0.7160869156484617,3.700898879649837,3.65725480997096,79.97369090997964,25.311351284147257,0.9989490327159307,3.631065686804834
11,0.5,992.1624317855722,0.7837568214427826,3.699357258214462,3.657944892319417,81.06133312234999,25.09718310009542,0.9990399889584344,3.6292754997012455
12,0.5,991.4925416783957,0.8507458321604267,3.700766380082289,3.660785101903762,82.0618669682692,25.263555857913317,0.9990228960304539,3.629641125224966
13,0.5,990.8293759398414,0.9170624060158561,3.698195791625951,3.654549570034406,82.98821662019074,24.933295232044912,0.9990238520343095,3.621035069818406
14,0.5,990.1728510384603,0.9827148961539689,3.6989101399203133,3.663992088830866,83.85062751377762,24.83421223734405,0.9989438562700048,3.627985492780022
15,0.5,989.5228844804486,1.0477115519551328,3.7009083200997663,3.662845190529798,84.65735902799727,25.237422092966064,0.9990405051530127,3.6244691383383842
16,0.5,988.8793947967563,1.112060520324376,3.7021854536426897,3.65919578781429,85.4151668007027,24.66454089148688,0.9989720247440126,3.6185033160966347
17,0.5,988.2423015303584,1.1757698469641586,3.701200329606455,3.653804470901369,86.12964697370205,25.107202253379036,0.99901120472511,3.6108441396654825
18,0.5,987.6115252236831,1.2388474776316882,3.698625507183794,3.657393659523108,86.8054872395805,25.277091065315112,0.9991145275687022,3.612084130425045
19,0.5,986.9869874061966,1.3013012593803386,3.700459154779918,3.6549076176942763,87.44665341942488,24.94003215087122,0.9989567923735093,3.6073462588360328
20,0.5,986.3686105821416,1.3631389417858353,3.7010866637545603,3.6553579000143475,88.05653047154279,25.093207482175533,0.9990357508452502,3.6055302930176065
21,0.5,985.7563182184284,1.4243681781571538,3.697698453111803,3.6524984638874605,88.63803066697895,24.567614120318826,0.998944076069048,3.6004734380601686
22,0.5,985.150034732677,1.4849965267322962,3.6979735292595772,3.65462397337557,89.19367769911437,25.483762267447275,0.9989971909450561,3.6003529343058167
23,0.5,984.5496854814062,1.54503145185938,3.699595709687284,3.655236781353251,89.72567287934932,25.456850905464652,0.9990426963313656,3.5987622234414105
24,0.5,983.9551967483716,1.6044803251628381,3.6995846984357175,3.651433891619955,90.23594781085251,25.408158451446237,0.9990169952135406,3.5928473532425853
25,0.5,983.3664957330463,1.6633504266953647,3.701455872843411,3.656003049702733,90.72620672526853,25.728787420202295,0.998979913325841,3.5951909073755073
26,0.5,982.7835105392465,1.7216489460753492,3.7021531314608813,3.656899507966176,91.19796082505411,24.99369072579778,0.9989413490349318,3.5939405361282417
27,0.5,982.2061701638966,1.7793829836103447,3.6986303091067563,3.6570739939966628,91.65255637719005,25.39919806327013,0.999032129907499,3.592000641649447
28,0.5,981.6344044859356,1.836559551406436,3.694146319122974,3.6502336127992687,92.09119787483093,25.32675572327595,0.9989701036857798,3.5831948987347557
29,0.5,981.0681442553607,1.8931855744639292,3.697609319922961,3.651344904932132,92.51496727077695,25.683177164658908,0.9989447592507431,3.582218169918033
30,0.5,980.5073210824057,1.949267891759432,3.6979748291954717,3.6555977634184913,92.92484005606433,25.037583331600246,0.9989792159976355,3.584340369964299
31,0.5,979.9518674268564,2.004813257314353,3.6989926647401887,3.6486079472177835,93.32169878499658,25.24312648618786,0.9989368619772941,3.5754601713845364
32,0.5,979.4017165874961,2.0598283412503915,3.700534499615966,3.6536908698250743,93.706344518331,25.867886582911467,0.9990112991685337,3.57843110978674
33,0.5,978.8568026916846,2.1143197308315376,3.701462787142367,3.6505132419483637,94.07950655770202,25.151929625514867,0.9990133287112721,3.5733297201972314
34,0.5,978.3170606850638,2.1682939314936256,3.7021904654778464,3.6499267922794743,94.44185076861767,25.491471618228363,0.9990266534149765,3.5707856511385185
35,0.5,977.7824263213947,2.221757367860533,3.7017340379707604,3.6564742011596456,94.79398673070138,25.215621355531184,0.9989709175174791,3.5752362161914615
36,0.5,977.2528361525173,2.2747163847482765,3.6961388107334656,3.6491568420741483,95.13647390805279,25.148205255015693,0.9990979276526182,3.566148873482325
37,0.5,976.7282275184376,2.3271772481562425,3.697381643995137,3.650607906032462,95.46982699657983,24.74072814552585,0.9989770554425123,3.5656517894238813
38,0.5,976.2085385375367,2.379146146246325,3.699094808072435,3.6536694278216832,95.79452057662058,25.651573363191286,0.9989945354483264,3.5667432924330833
39,0.5,975.6937080969011,2.4306291903098853,3.6963071327276924,3.649625187337955,96.1109931764242,25.377953272381284,0.999021240059999,3.5609163321976167
40,0.5,975.1836758427745,2.4816324157225456,3.697110445152217,3.652300772928076,96.41965083380384,25.254940201842782,0.9990315626596572,3.561664093027408
41,0.5,974.6783821711267,2.532161782887332,3.7010288494104566,3.654496231257883,96.7208702285421,25.320240522680248,0.9991041254760407,3.561958474332913
42,0.5,974.1777682183408,2.582223178165921,3.6989380721750447,3.649542678753644,97.01500144616952,25.273590111274906,0.9990705384334219,3.5553033418058098
43,0.5,973.6817758520153,2.631822414798468,3.6986583315248946,3.651565279278323,97.30237042397827,25.604433717813933,0.998970671355203,3.555462565767278
44,0.5,973.1903476618816,2.6809652338118495,3.694938281321206,3.6470449102167906,97.583281122129,25.32034900978576,0.9989658280625006,3.549268904112374
45,0.5,972.7034269508318,2.7296573049168105,3.7001043783791348,3.6529980717820316,97.85801745611369,24.958645130663033,0.9990220537793439,3.553283743067163
46,0.5,972.220957726062,2.7779042273938015,3.697941047545759,3.644428549224449,98.12684502137573,25.398742212776934,0.9989937964115231,3.5431898144911966
47,0.5,971.7428846903215,2.825711530967856,3.6968140072830398,3.6491878377255555,98.39001263634863,25.41499941022914,0.9989670945693743,3.546072316208268
48,0.5,971.2691532332726,2.8730846766727436,3.699076853575066,3.652798171520452,98.64775372638283,25.060485723580005,0.9990149302156557,3.547850186984716
49,0.5,970.7997094229594,2.9200290577040655,3.6982534940663405,3.6556013812143675,98.90028756785183,24.721309108766544,0.9990305641965703,3.548856758649077
50,0.5,970.3344999973781,2.9665500002621914,3.6976075799602803,3.647733077109264,99.14782040905408,25.856190978629265,0.9989952856281513,3.539521251500715
51,0.5,969.8734723561571,3.0126527643842937,3.702674295748921,3.651652578611546,99.39054648226784,25.396582183833004,0.9989710861963448,3.541640966256295
52,0.5,969.4165745523366,3.058342544766346,3.696783618447905,3.6471567433675585,99.62864891940153,25.212371399538128,0.9990056674363422,3.5356141970108337
53,0.5,968.9637552842524,3.1036244715747507,3.693927769581607,3.6500040223564088,99.86230058205344,25.252758070222757,0.9990826024181688,3.536721604305092
54,0.5,968.5149638875204,3.148503611247966,3.6960966735810388,3.6469284482875084,100.0916648154059,26.258054059014494,0.9989518849694161,3.532104774393547
55,0.5,968.0701503271184,3.1929849672881594,3.6950936094734104,3.6432956328003057,100.31689613418936,25.456032242482493,0.9990299527162888,3.526965750931126
56,0.5,967.6292651895704,3.2370734810429513,3.7006384892874173,3.6495983816682713,100.53814084793187,24.839324772149908,0.9989734485097762,3.531458200290715
57,0.5,967.1922596752238,3.280774032477618,3.7005119809701172,3.651531200113716,100.75553763183022,24.738632650101785,0.9989933617101299,3.5317327127125666
58,0.5,966.7590855906253,3.324091440937471,3.7008018813180823,3.6566969167045227,100.96921804882149,25.499934563064006,0.9990104936870685,3.5351449674753237
59,0.5,966.3296953409899,3.367030465901011,3.6954993703844883,3.6423799882486976,101.17930702777626,25.35121761439471,0.9990201027441835,3.519739944360482
60,0.5,965.904041922765,3.409595807723498,3.6991146108976056,3.64698702358112,101.38592330216638,24.997274474330087,0.9989559680508022,3.522639506916878
61,0.5,965.4820789162852,3.4517921083714764,3.695614975946458,3.646750613588218,101.58917981306365,24.65488709675773,0.9989781075272909,3.5208723636963914
62,0.5,965.0637604785197,3.4936239521480283,3.6988035822929137,3.652475028426961,101.78918407989417,25.375675616801008,0.9990447499112615,3.5248712859876115
63,0.5,964.6490413359087,3.5350958664091325,3.6970809343365922,3.643854703105998,101.98603854199591,25.15768208846876,0.999070966789095,3.515040946118543
64,0.5,964.2378767772896,3.576212322271044,3.6998427148944333,3.650214988236973,102.17984087369545,26.36479494478282,0.998992897217088,3.519675550038258
65,0.5,963.8302226469112,3.6169777353088794,3.6990705126608727,3.648807945180883,102.37068427533032,25.30486286439132,0.9991102371388172,3.5168313741995094
66,0.5,963.4260353375331,3.6573964662466873,3.700818771726327,3.6453410039512715,102.55865774238706,25.25718896045729,0.9990157596840612,3.512016430890116
67,0.5,963.0252717836137,3.6974728216386366,3.699347882737101,3.64393061837031,102.74384631470133,24.706188666750602,0.998898938794419,3.509197274116699
68,0.5,962.6278894545792,3.737211054542078,3.6976154504405927,3.6458426752497406,102.92633130746576,25.492137241405782,0.9989556876896775,3.5095898397590943
69,0.5,962.2338463481798,3.7766153651820233,3.695285555429079,3.6376633249935324,103.10619052561698,25.493041921909946,0.9990125884122101,3.5002827729282355
70,0.5,961.8431009839254,3.8156899016074552,3.699696573399747,3.6504272112321763,103.28349846301643,25.342785325718914,0.9990614630481377,3.5111382287676594
71,0.5,961.4556123966056,3.8544387603394403,3.6974146029207433,3.643702930517939,103.4583264877007,25.249540752723217,0.998964673703479,3.5032586324524315
72,0.5,961.0713401298872,3.8928659870112847,3.693332806968793,3.6419864136205726,103.63074301435489,25.48639424895722,0.9989757152808845,3.5002087632731653
73,0.5,960.690244229994,3.930975577000595,3.6962137317136268,3.6454287363541664,103.80081366505212,25.932204033407164,0.9989956556147681,3.5021278230511226
74,0.5,960.312285239464,3.968771476053601,3.696603469899949,3.642844827583078,103.96860141920388,25.401930211413596,0.9989304188643051,3.4982686411490667
75,0.5,959.9374241909828,4.006257580901718,3.697345724075063,3.6454621874912836,104.13416675357914,25.981975034901286,0.9990407451167771,3.4994155822460082
76,0.5,959.5656226012965,4.043437739870348,3.6996419958273776,3.6453543663174943,104.29756777317105,25.635262177256585,0.9989365165905582,3.497956732117801
77,0.5,959.1968424651974,4.0803157534802565,3.698175731941294,3.6472025135557407,104.45886033361988,25.21007717518133,0.9990933689902581,3.4983851348337978
78,0.5,958.8310462495865,4.116895375041352,3.6986646101004768,3.6406473761138742,104.61809815583779,25.611572251693026,0.9989729436947697,3.490765732665078
79,0.5,958.4681968876077,4.153180311239224,3.697510844244889,3.64652047215092,104.77533293342351,25.568588371622035,0.9988912710042769,3.4950739018562405
80,0.5,958.1082577728579,4.189174222714209,3.6951698559791444,3.6450224212381652,104.9306144334055,25.84750413191164,0.9990883005014759,3.4923260815555026
81,0.5,957.7511927536648,4.224880724633517,3.701071408042526,3.6423628029332336,105.08399059080315,25.693701779138078,0.9988972426328013,3.488477318950886
82,0.5,957.3969661274405,4.260303387255949,3.7006710194247305,3.648813313834468,105.23550759745748,25.12622079217832,0.999093466475926,3.4933627966305316
83,0.5,957.0455426351009,4.295445736489912,3.6987106742986877,3.6403446226390628,105.38520998554142,25.562326149523898,0.9989563287189024,3.4839755947523736
84,0.5,956.6968874555577,4.33031125444423,3.697624404207274,3.643462250010544,105.53314070612896,25.892048165880595,0.9989216356805908,3.4856889941469102
85,0.5,956.3509662002774,4.3649033799722625,3.69801586830854,3.6506187627287554,105.67934120316885,25.237626196023204,0.9990032467195171,3.4912727809645068
86,0.5,956.0077449079068,4.399225509209314,3.697764467976375,3.642783435668148,105.8238514831823,25.68579665825815,0.9989974810855191,3.4825291775209832
87,0.5,955.6671900389684,4.43328099610315,3.6954524963927717,3.6477551896169795,105.96671018097759,25.7346273561198,0.9989841875098918,3.4860399520113234
88,0.5,955.3292684706183,4.467073152938172,3.69604640657335,3.6406393413958926,106.10795462165174,25.872139434625307,0.9989851332311301,3.478009318781092
89,0.5,954.9939474914711,4.500605250852896,3.698218513257218,3.644541332714975,106.2476208791283,25.693494269516638,0.9989865724720651,3.480514914125301
90,0.5,954.6611947964889,4.533880520351108,3.6988073794327434,3.6450648747875483,106.38574383146062,25.76316190342127,0.9990259049197532,3.479801988475395
91,0.5,954.3309784819335,4.5669021518066515,3.697026639107594,3.641186128779758,106.52235721311301,25.237964002836858,0.9989551631589929,3.4748967211132293
92,0.5,954.0032670403813,4.59967329596187,3.6952712207358536,3.644539863167408,106.65749366441571,25.511733591961164,0.999070619334593,3.476902936320611
93,0.5,953.6780293557998,4.632197064420018,3.701779341416758,3.648456416440787,106.79118477837504,25.067023410725557,0.9989729558948516,3.479452725421773
94,0.5,953.3552346986868,4.6644765301313225,3.6970506172480886,3.639123559640127,106.92346114500677,25.46199487395194,0.9990062901726,3.4693774952982337
95,0.5,953.0348527212672,4.69651472787328,3.6962632354708815,3.640430781505469,107.05435239334795,25.315230114988303,0.9990811913293751,3.469457413694032
96,0.5,952.7168534527531,4.728314654724697,3.6968437190465697,3.640761985086873,107.18388723129229,25.436701911362892,0.9990394886139737,3.4686153026023643
97,0.5,952.4012072946585,4.75987927053414,3.6957746963495945,3.6435641915358987,107.31209348338216,25.772651198955625,0.9990291416058958,3.4701349348743764
98,0.5,952.0878850161766,4.791211498382331,3.6999246624433644,3.644553717441114,107.43899812668238,25.8998198586546,0.9989519573200094,3.469935440666354
99,0.5,951.7768577496113,4.822314225038871,3.6963135317109783,3.646119479567734,107.56462732485114,25.812426906647637,0.9989916191632442,3.4702921412426257
100,0.5,951.4680969858666,4.853190301413335,3.6947052581670925,3.642545734418115,107.68900646051574,25.382316761583603,0.998945234330018,3.46576605811079
101,0.5,951.1615745699924,4.88384254300076,3.6957734259653425,3.642606828002017,107.81216016605337,24.940833225513405,0.9990093810148034,3.464707646061804
102,0.5,950.8572626967846,4.914273730321539,3.697399255001227,3.641678619617481,107.93411235287044,25.89393533089225,0.9990218291640418,3.462716563870883
103,0.5,950.5551339064415,4.944486609355847,3.6958207397434566,3.6397832467585105,108.05488623926716,25.797116871210005,0.9989153677506006,3.4598146515129584
104,0.5,950.255161080272,4.974483891972792,3.696350064805308,3.6403696730343995,108.17450437696903,25.615248959681903,0.9990016420404053,3.4592800700410407
105,0.5,949.9573174364593,5.004268256354072,3.6970710148761166,3.6463290647665745,108.29298867640085,25.668418910389605,0.9989752503874391,3.4638569768562486
106,0.5,949.6615765258749,5.033842347412509,3.6945579847764374,3.6425183539516235,108.41036043077384,25.76415824946979,0.9990634547629591,3.459159722538134
107,0.5,949.3679122279475,5.0632087772052525,3.6954671650667734,3.6412830990175045,108.52664033905275,25.59382076215039,0.9989864480284661,3.456917333545159
108,0.5,949.0762987465803,5.092370125341972,3.696965358347449,3.6375008156126727,108.6418485278643,25.864638517350553,0.9990234031507095,3.4522658107693425
109,0.5,948.7867106061208,5.121328939387926,3.699188149438085,3.6515588702513653,108.7560045724052,25.527166984766414,0.9989888499840356,3.464550529090395
110,0.5,948.4991226473802,5.150087735261977,3.69692951448909,3.6483215070830135,108.86912751640416,25.10920551175095,0.9990148598270817,3.4604297486038065
111,0.5,948.213510023702,5.178648997629798,3.6939511478665255,3.6317158175745616,108.98123589118866,25.028035876839333,0.9989213972865003,3.4436420027909738
112,0.5,947.9298481970803,5.207015180291963,3.6990138417706664,3.641862586664817,109.09234773390426,25.571762702215576,0.9989322243619909,3.4522302489318064
113,0.5,947.6481129343246,5.2351887065675395,3.698080787732509,3.640173662856541,109.20248060493121,26.041009938515835,0.998940659015001,3.449603702359229
114,0.5,947.3682803032742,5.263171969672575,3.6953124419422396,3.6410248392761764,109.31165160454061,25.65884193767693,0.9990614630758663,3.449391440526577
115,0.5,947.0903266690585,5.290967333094143,3.69706623417633,3.6387327926168322,109.41987738882956,25.489042274913963,0.9989615036599744,3.4462086292208913
116,0.5,946.8142286904041,5.318577130959589,3.6982589381636872,3.6446467300976377,109.52717418497195,25.6270398359535,0.9990335375038574,3.450803382606398
117,0.5,946.5399633159873,5.346003668401266,3.6957354049646027,3.6405099248167563,109.63355780582083,25.722799549871414,0.9990663804927096,3.44588813068754
118,0.5,946.2675077808325,5.373249221916754,3.696578984106203,3.6406570655478117,109.73904366389414,25.360534602972027,0.9990241883234515,3.4450354881006064
119,0.5,945.9968396027556,5.40031603972444,3.6955845196276713,3.641693751288887,109.84364678477556,25.109517032883087,0.9990419593479408,3.445030779520391
120,0.5,945.7279365788501,5.4272063421149985,3.694079800658754,3.636774082658048,109.94738181995926,26.00328862617008,0.9989229907489156,3.4393988489956357
121,0.5,945.4607767820189,5.45392232179811,3.696568736536175,3.6417663732498333,110.05026305916572,25.391861527428716,0.999056775221506,3.443147264111423
122,0.5,945.1953385575473,5.480466144245266,3.6997092769181017,3.6387182721862392,110.1523044421552,25.262445767923307,0.9990299544672675,3.439299549194606
123,0.5,944.9316005197204,5.506839948027964,3.694089847760449,3.6377971759147165,110.25351957006295,25.741722769357292,0.9990240496469728,3.437469507803212
124,0.5,944.6695415484801,5.533045845151996,3.6962336673040865,3.6413423692053533,110.35392171627878,25.475551553366284,0.9990539895084931,3.4398652265382776
125,0.5,944.4091407861263,5.559085921387375,3.6956739207333644,3.6414663574776456,110.45352383689347,25.560794288310746,0.9989946018888224,3.439034113867048
126,0.5,944.1503776340576,5.5849622365942375,3.696312696449244,3.6405491346441825,110.5523385807324,25.415865742536848,0.9990290206397119,3.4372258402696465
127,0.5,943.8932317495522,5.610676825044781,3.69946167873845,3.644865933882291,110.65037829899521,25.9454148678386,0.9990310176797502,3.4403642856260053
128,0.5,943.6376830425899,5.636231695741012,3.698474232544537,3.644010475271354,110.7476550545209,25.795105755423293,0.9990322289350296,3.4386256018679875
129,0.5,943.3837116727124,5.66162883272876,3.6967406873515687,3.6383968418549264,110.8441806306948,25.744297363479635,0.9988945220875659,3.432404317207375
130,0.5,943.131298045924,5.6868701954076,3.696576077405245,3.6423462111441305,110.9399665400144,26.113651375751328,0.998996421006727,3.435210710049017
131,0.5,942.8804228116289,5.711957718837102,3.698429105011061,3.6429099804523224,111.03502403232963,25.441528524757384,0.9989182024426855,3.4348285026335885
132,0.5,942.6310668596092,5.736893314039082,3.6946183952553024,3.634955270047976,111.12936410277192,25.944398057441493,0.9989783049800007,3.4264217641922823
133,0.5,942.3832113170367,5.761678868296327,3.6976836224590532,3.6422924179988545,111.2229974993864,26.07321486341664,0.9990416096395445,3.4324352254294554
134,0.5,942.1368375455263,5.786316245447365,3.6952375342371777,3.6387566189891025,111.31593473048036,25.6058657096819,0.9989074486819273,3.4282066536122446
135,0.5,941.8919271382223,5.810807286177766,3.6978639499190953,3.6457262412478255,111.40818607170067,25.76950005404631,0.9989637689605061,3.4338801151873017
136,0.5,941.6484619169224,5.8351538083077585,3.698680717772795,3.635895950119323,111.49976157285155,25.83038541592347,0.9989955070558479,3.4237358291198277
137,0.5,941.4064239292378,5.859357607076221,3.6953426713267032,3.6437220593867488,111.59067106446506,26.074077768573492,0.9989751992804722,3.430223353719357
138,0.5,941.1657954457877,5.883420455421229,3.6962965557466436,3.639292021773931,111.68092416413364,25.63493545597514,0.9989227614322282,3.4251771705323706
139,0.5,940.9265589574295,5.907344104257051,3.699215490444839,3.646414225754403,111.77053028261629,26.03373561362755,0.998933368918297,3.4310079899725103
140,0.5,940.6886971725222,5.931130282747777,3.700603012159618,3.6506137586414265,111.8594986297271,25.856417150700388,0.998942788967393,3.4340911004964876
141,0.5,940.4521930142256,5.954780698577444,3.6946942714137654,3.639975998197023,111.94783822001577,25.531810043631012,0.9989862037415015,3.4232234100235353
142,0.5,940.2170296178306,5.97829703821694,3.698590311196644,3.6380520610264697,112.03555787824884,26.413147180107288,0.9990661639918783,3.420558502413334
143,0.5,939.9831903281258,6.001680967187417,3.6939248197204124,3.6336225627153214,112.1226662447,25.73211630107502,0.9989361856971278,3.415544128949408
144,0.5,939.7506586967936,6.024934130320636,3.695857597867987,3.632009454081633,112.20917178025718,25.754246526296548,0.999077799966436,3.4131832768661963
145,0.5,939.5194184798407,6.048058152015923,3.6941379757073154,3.6371712278111503,112.2950827713542,25.381688668289165,0.9990194833048335,3.4171929968647405
146,0.5,939.2894536350603,6.071054636493967,3.6959067288396095,3.64553872435122,112.3804073347342,25.896337547317533,0.9989688767158739,3.4242160766013123
147,0.5,939.0607483195245,6.093925168047553,3.697444189890683,3.639692929302093,112.46515342205143,25.438207546654223,0.9990024973884895,3.4178927658437055
148,0.5,938.83328688711,6.116671311289002,3.6959802596168094,3.6402045403556667,112.54932882431822,25.958351485482307,0.9989617983021346,3.417545193563492
149,0.5,938.6070538860522,6.139294611394785,3.697159575978148,3.646056195109476,112.63294117620319,25.51908871251102,0.9990740998467902,3.4222140635946943
150,0.5,938.3820340565322,6.1617965943467805,3.695817315541413,3.637159436623772,112.71599796018657,26.585309028488396,0.9989948939387991,3.413045070326926
151,0.5,938.1582123282907,6.184178767170934,3.69903029874888,3.6450838282163445,112.79850651057845,25.358678695345223,0.9989930981227898,3.419665328066208
152,0.5,937.9355738182745,6.206442618172547,3.6952254949097556,3.634759880116065,112.88047401740545,25.337058018675496,0.9989920859407576,3.4091705938483043
153,0.5,937.7141038283112,6.228589617168878,3.697443352251297,3.6421344030419203,112.96190753017036,25.78253714773737,0.9989469598653054,3.4152807977707154
154,0.5,937.4937878428113,6.250621215718866,3.6942759049073346,3.636089016143211,113.04281396149058,25.57008343906378,0.9989766362674349,3.40881086467774
155,0.5,937.2746115265013,6.272538847349873,3.6961907025236527,3.636941137983511,113.12320009061922,25.81609924538528,0.9989486982837898,3.4088125922482466
156,0.5,937.0565607221828,6.29434392778172,3.696214448832827,3.641134175673264,113.20307256685385,25.944866141613197,0.9990102361151532,3.411948667784389
157,0.5,936.8396214485216,6.316037855147838,3.6929063481316957,3.6351290396795415,113.28243791283708,25.980164670162093,0.9990186009801224,3.4055329134499095
158,0.5,936.623779897862,6.337622010213795,3.693001420068392,3.6367983035659694,113.3613025277529,26.264783337416635,0.9989775266080666,3.4063117738120905
159,0.5,936.40902243407,6.359097756592991,3.695995025123091,3.6406265594239575,113.43967269042284,25.982706883758663,0.9990201032960843,3.4091155575577
160,0.5,936.195335590402,6.380466440959798,3.696316547863594,3.640015258793499,113.51755456230579,25.679552383143406,0.9989777638212176,3.4077653067603637
161,0.5,935.9827060674014,6.401729393259858,3.6986652064385814,3.6412552200764012,113.59495419040479,25.869430716155613,0.998961624831404,3.408151914369161
162,0.5,935.7711207308201,6.422887926917986,3.6977206390087307,3.6383206630207003,113.67187751008454,26.1988649442299,0.9989392656160012,3.404635404412981
163,0.5,935.5605666095656,6.443943339043434,3.6940180717462874,3.6377617249586685,113.7483303478025,25.970482412309114,0.9990009064365792,3.4033464205929227
164,0.5,935.351030893676,6.464896910632401,3.6982461360953995,3.64009648898792,113.82431842375725,26.07004093501104,0.9989404519938754,3.4047680035273014
165,0.5,935.142500932316,6.485749906768401,3.698626888115337,3.6435743404373686,113.8998473544568,26.103812772463115,0.9989952510674226,3.407261221049415
166,0.5,934.9349642318027,6.506503576819722,3.6945248989656303,3.6365553229530234,113.97492265520945,26.099105267118933,0.9989848122225947,3.3999427207920565
167,0.5,934.7284084536515,6.5271591546348535,3.6963311938321626,3.635226960440487,114.04954974254073,26.008613908248588,0.9989510893447786,3.3979499111003415
168,0.5,934.5228214126493,6.54771785873508,3.6939046961772544,3.6363787730404264,114.1237339365384,25.403048724216216,0.9990205284995204,3.398278950706807
169,0.5,934.3181910749494,6.56818089250506,3.6977631172598797,3.6405040687305754,114.19748046312827,25.667579633348712,0.9989382458446936,3.4013891760973443
170,0.5,934.1145055561931,6.588549444380687,3.6957446242264353,3.631338025804785,114.27079445628326,26.02557160635088,0.9990186501726276,3.392085524482039
171,0.5,933.9117531196508,6.60882468803492,3.6954109154901476,3.636755867901835,114.34368096016816,26.031733034713458,0.9990028750604949,3.3964090482603795
172,0.5,933.7099221743891,6.629007782561091,3.6982108988341955,3.641058016406224,114.41614493122225,25.775929847396988,0.9989621938905585,3.3996919971310913
173,0.5,933.5090012734595,6.649099872654052,3.696374431560128,3.643798937065028,114.4881912401816,25.892489437135122,0.9989325450956014,3.4015191065808676
174,0.5,933.3089791121097,6.669102088789036,3.6942583255064614,3.63068940935077,114.55982467404394,26.093223913590027,0.9989170194998216,3.388555026114316
175,0.5,933.1098445260172,6.689015547398281,3.693519571616336,3.6302760028048833,114.63104993797688,25.664603486125092,0.9990134207238469,3.387446276563796
176,0.5,932.9115864895452,6.70884135104548,3.6933519869561224,3.6307521241173277,114.70187165717287,26.059193225905247,0.9989678557212675,3.3871707242605824
177,0.5,932.7141941140197,6.728580588598032,3.6968272316738817,3.64166276389928,114.77229437865107,26.008878892268637,0.9989199405301095,3.3966305500653506
178,0.5,932.5176566460271,6.748234335397285,3.6957034594763076,3.639783076630253,114.84232257300944,25.8422461700245,0.9989128697947572,3.3941619853191103
179,0.5,932.3219634657361,6.767803653426396,3.6981445419296954,3.6394428186820784,114.91196063612763,25.90008813913271,0.9989854552549436,3.3931324746349483
180,0.5,932.1271040852362,6.787289591476386,3.6979885709601326,3.641288823770591,114.98121289082283,25.928603632664313,0.9990186780958348,3.394144006439217
181,0.5,931.9330681468997,6.806693185310031,3.700210033074429,3.646848350054516,115.05008358845994,26.236147140489113,0.9989283716902928,3.398618571932764
182,0.5,931.7398454217644,6.826015457823564,3.7034085082114365,3.642253248400162,115.11857691051776,25.92845912894426,0.9989494055402885,3.393632478651286
183,0.5,931.5474258079331,6.8452574192066855,3.6991466292715223,3.6428140010128933,115.18669697011232,25.61757679685821,0.9989976936445774,3.3934540053406583
184,0.5,931.3557993289974,6.864420067100263,3.696975159295438,3.6383924863180224,115.25444781347906,25.685371634634212,0.9989479769005305,3.38863794236734
185,0.5,931.1649561324771,6.883504386752293,3.6949961993297,3.6374034772058126,115.32183342141502,25.901169872233833,0.9990209038773551,3.38702264928847
186,0.5,930.9748864882819,6.902511351171814,3.6939585981931917,3.631070008732323,115.38885771068234,25.84103910969637,0.9990515016751762,3.3804349892105794
187,0.5,930.7855807871903,6.921441921280969,3.6947008222329303,3.643995486628617,115.45552453537438,26.216016698886886,0.9989257501253592,3.391778455407517
188,0.5,930.5970295393489,6.940297046065114,3.6941672493787947,3.6371364479488535,115.52183768824553,25.72099253760028,0.9991026146469374,3.3847083744905015
189,0.5,930.4092233727889,6.959077662721114,3.693842771840581,3.63809170175743,115.58780090200607,26.51803896707804,0.9989783399796498,3.384914074791119
190,0.5,930.2221530319616,6.977784696803835,3.693821606931155,3.63517569897904,115.65341785058287,26.194379204954508,0.9990275018903574,3.3815209653537486
191,0.5,930.0358093762936,6.99641906237064,3.69591558243457,3.633855569081454,115.71869215034727,26.104125743411483,0.9989499606628509,3.379615805347222
192,0.5,929.8501833787564,7.014981662124365,3.691424539327875,3.631440045082728,115.78362736131108,25.66740765470648,0.9990128855775063,3.376695191849134
193,0.5,929.6652661244575,7.0334733875542454,3.6996682454755496,3.647320392951685,115.8482269882916,25.930894519522507,0.998960087424346,3.3907870837545895
194,0.5,929.4810488092472,7.051895119075279,3.6971464269272025,3.6423740365223978,115.91249448204684,25.982949852603525,0.9989762396316578,3.38551763962241
195,0.5,929.2975227383425,7.070247726165746,3.7001717100626066,3.6418611388857545,115.97643324038147,25.96868928159837,0.9989892814134795,3.3843725345235702
196,0.5,929.1146793249685,7.0885320675031505,3.696906285483758,3.63582133660749,116.04004660922485,26.045479158298935,0.998924881969064,3.3780949752449465
197,0.5,928.9325100890173,7.106748991098266,3.69517942349834,3.6427585281428394,116.10333788368168,26.34823093931465,0.9989784871231784,3.383876823195902
198,0.5,928.7510066557227,7.124899334427736,3.693858836348171,3.634841457315205,116.16631030905616,26.446648569752135,0.9989549442309136,3.3758626625154506
199,0.5,928.5701607543508,7.142983924564916,3.6986150509603015,3.6363796583535906,116.22896708185047,26.050128969157292,0.999070081073807,3.376633643921245
200,0.5,928.3899642169092,7.161003578309078,3.6916877203149077,3.637107304111588,116.29131135073845,25.587444020465014,0.9989783531505039,3.3766539199172163
201,0.5,928.2104089768694,7.178959102313054,3.69534755506179,3.6396437624251674,116.35334621751508,25.202208484734115,0.9988868809379289,3.3783552252507767
202,0.5,928.0314870679075,7.196851293209249,3.694549856636807,3.636453004388624,116.41507473802233,25.88632065794798,0.9989716423654581,3.3747428893153346
203,0.5,927.8531906226581,7.214680937734197,3.6932988451037385,3.6338567762403966,116.47649992305271,25.905970155392946,0.9989948010650508,3.3716856041004184
204,0.5,927.6755118714863,7.232448812851377,3.696823370412775,3.642853348231581,116.53762473923011,25.96878872214941,0.9989666146945516,3.3793858444934894
205,0.5,927.4984431412729,7.250155685872706,3.6957453974433614,3.636561413587154,116.59845210986977,26.15583140729802,0.9989043196349772,3.372905049489712
206,0.5,927.3219768542161,7.267802314578386,3.6963828282583937,3.635307761119581,116.6589849158171,25.890054386743877,0.9989029365469477,3.3711007795148844
207,0.5,927.1461055266469,7.2853894473353105,3.697950769592922,3.639169329290897,116.71922599626647,26.527704737571142,0.9989958722269495,3.374041671004075
208,0.5,926.9708217678595,7.302917823214051,3.69221152745348,3.6305708490860154,116.77917814956014,26.41595102075361,0.9989438872928619,3.3654332434636993
209,0.5,926.7961182789576,7.320388172104241,3.6934270789989876,3.6344695195471863,116.83884413396837,26.141195565458837,0.9989314923443311,3.3684122427195202
210,0.5,926.6219878517126,7.337801214828743,3.6949450287598764,3.635060437405642,116.89822666845085,25.42300310876232,0.9990071331763477,3.3683269284699318
211,0.5,926.4484233674385,7.355157663256151,3.69396415546934,3.6393988095269156,116.95732843340014,25.86067701513645,0.9989029343667282,3.3717152890915436
212,0.5,926.2754177958786,7.3724582204121365,3.6979517729557263,3.6346885315726536,117.01615207136781,26.02057629061482,0.9990116954073529,3.3667226381403483
213,0.5,926.1029641941079,7.389703580589202,3.694906885651537,3.6314031196509227,117.07470018777313,26.27355342752635,0.9989720267115842,3.36305319329245
214,0.5,925.9310557054474,7.4068944294552574,3.6981235734704625,3.6413230295066956,117.13297535159577,27.133571432290612,0.9988993624410581,3.3716140768756926
215,0.5,925.7596855583932,7.424031444160672,3.695502231626914,3.6337067781057866,117.19098009605207,26.574996578821033,0.9990226633274591,3.3639392443106155
216,0.5,925.5888470655589,7.441115293444112,3.697043406477036,3.636087052147652,117.24871691925576,26.010740241670646,0.9988800017199025,3.3655216224273516
217,0.5,925.4185336226293,7.458146637737073,3.698944112301176,3.641815676041633,117.30618828486361,26.161742014844123,0.999028075767177,3.3702037226463526
218,0.5,925.2487387073298,7.475126129267018,3.6970167553957087,3.641260849668568,117.36339662270625,25.758653052338335,0.9989456224885644,3.369072008460223
219,0.5,925.0794558784067,7.492054412159321,3.6958956513148395,3.6382517425857674,117.42034432940454,26.538599030463377,0.9989307967939158,3.365671942379907
220,0.5,924.910678774621,7.508932122537892,3.695749058998033,3.643626603489477,117.47703376897189,26.46471945042609,0.9990246710013483,3.370029155034719
221,0.5,924.7424011137541,7.525759888624584,3.6954461695262912,3.6389823169286477,117.5334672734035,26.804054078866464,0.9989863892422204,3.3651212453670896
222,0.5,924.5746166916266,7.5425383308373455,3.6979224338111525,3.6365021921045324,117.58964714325148,26.445601058560676,0.9990261822623313,3.362217620363308
223,0.5,924.4073193811281,7.559268061887192,3.693960432404351,3.6384320171759037,117.645575648188,26.071711735475787,0.9989406237514087,3.3633931877480476
224,0.5,924.2405031312609,7.575949686873917,3.6954520454856654,3.6423973872008175,117.70125502755526,26.37274588592184,0.9990275892391027,3.3664511937504735
225,0.5,924.074161966194,7.592583803380604,3.6939808542753516,3.6353350028971283,117.75668749090357,25.932747374718158,0.9989521589670474,3.359319146268535
226,0.5,923.908289984329,7.609171001567095,3.697105778736644,3.638084649209652,117.81187521851754,26.72681747407178,0.998970507749368,3.3612565670695274
227,0.5,923.7428813573789,7.625711864262108,3.695028701026498,3.639925335488733,117.86682036193051,26.102557905458905,0.9989045546268509,3.362355117330086
228,0.5,923.5779303294562,7.642206967054377,3.6980172296613447,3.6402990307669594,117.92152504442801,25.653298658583676,0.9989826836089256,3.3620998446160737
229,0.5,923.4134312161747,7.65865687838253,3.694597231874604,3.640843755174192,117.97599136153995,26.089874004605917,0.9989513330257852,3.3620040244873826
230,0.5,923.2493784037603,7.675062159623969,3.693574161057279,3.631396882106538,118.03022138152241,26.10413693807932,0.9989084894905614,3.3526849141422144
231,0.5,923.0857663481748,7.691423365182515,3.6933227512183464,3.6294608869354885,118.08421714582886,25.870816384264973,0.9989022162484366,3.3503036842475717
232,0.5,922.9225895742488,7.707741042575112,3.694333037505934,3.6332129815343848,118.13798066957126,25.95777316642176,0.9990040278294653,3.353174333392492
233,0.5,922.759842674827,7.724015732517298,3.6952694387973506,3.634877753968839,118.19151394197127,26.19223658771054,0.9990596725495083,3.3541192243945144
234,0.5,922.5975203099223,7.740247969007774,3.69583547943435,3.6381392049519334,118.24481892680198,25.56133087397994,0.9989472561326727,3.356538209030966
235,0.5,922.4356172058821,7.7564382794117925,3.6910041234643414,3.630576561701384,118.29789756282013,26.45485018676002,0.9989461422545023,3.3489731315062254
236,0.5,922.2741281545644,7.772587184543555,3.6963736653497588,3.634130039542498,118.35075176418914,26.521312372835695,0.9989020909620397,3.35166411381937
237,0.5,922.1130480125239,7.788695198747608,3.694803406378135,3.6368611362617598,118.40338342089342,26.515061950750944,0.9989733225461412,3.353597107556622
238,0.5,921.9523717002077,7.804762829979229,3.6991965708412735,3.638725414130755,118.45579439914388,26.224701277259204,0.9988416246267169,3.35473152552367
239,0.5,921.7920942011625,7.820790579883752,3.69884539330097,3.6384844051565564,118.5079865417749,26.012909636999204,0.9990455595080671,3.3539261595475334
240,0.5,921.6322105612503,7.836778943874966,3.6977689448806266,3.6388139409200084,118.55996166863318,25.94095210083995,0.999000377373975,3.3536481361912025
241,0.5,921.4727158878744,7.852728411212562,3.6940455789763864,3.631227402801814,118.61172157695859,26.690154567285912,0.9988727132528236,3.3460769768662604
242,0.5,921.3136053492146,7.86863946507853,3.6964131428356874,3.6384595741045196,118.66326804175684,26.998160383793948,0.9989955158344487,3.3521623081356027
243,0.5,921.1548741734734,7.8845125826526585,3.691152429468081,3.6292867650972864,118.71460281616501,26.407971504963108,0.9989969496107519,3.3431351934426434
244,0.5,920.9965176481284,7.90034823518716,3.6972214232115754,3.631959532109434,118.76572763180909,26.295300808125695,0.9990275787615909,3.3450220813117144
245,0.5,920.838531119198,7.9161468880802,3.698338251458237,3.644513000828598,118.81664419915454,26.282934246790653,0.9990338802628302,3.3560079983278266
246,0.5,920.6809099905125,7.931909000948744,3.6986642792842486,3.6428248107505024,118.86735420784973,26.622819864323894,0.9990203041321047,3.353879261697789
247,0.5,920.5236497229976,7.947635027700239,3.693651650360177,3.6298509713836022,118.91785932706229,26.70628295002058,0.9989614752310094,3.3413636641286018
248,0.5,920.3667458339636,7.96332541660364,3.695165737588601,3.633945496829954,118.96816120580884,26.29927080458795,0.9989903803268771,3.3445625914553707
249,0.5,920.210193896406,7.9789806103593985,3.693168892885401,3.6338652621845124,119.01826147327807,26.496673605425865,0.9989747893718177,3.3439198575082245
250,0.5,920.0539895383132,7.994601046168681,3.6937159797569903,3.636541758447972,119.0681617391473,26.990362517769416,0.9989485092805811,3.3458147529827293
251,0.5,919.8981284419839,8.010187155801606,3.697662813407775,3.640771673788667,119.1178635938928,25.638310198870514,0.9989404260092883,3.3491390488027837
252,0.5,919.742606343352,8.025739365664798,3.693912875771431,3.636674506119227,119.167368609094,26.496546364311246,0.9990021199044735,3.3448044886805204
253,0.5,919.5874190313203,8.041258096867965,3.696447802877622,3.6341427135642292,119.21667833773171,26.221749300263976,0.9989171698375786,3.3419119183580084
254,0.5,919.4325623471032,8.056743765289687,3.694825412542013,3.634835205764787,119.26579431448032,26.502790169528467,0.998941863190124,3.3419858469457777
255,0.5,919.2780321835755,8.072196781642448,3.6969697311273007,3.640063704547129,119.31471805599455,26.921098499743287,0.9990137082519127,3.346230599338941
256,0.5,919.1238244846326,8.087617551536741,3.6955184519460165,3.6378539983339793,119.36345106119023,26.6457826796331,0.9989454663978619,3.343638279865439
257,0.5,918.9699352445547,8.103006475544527,3.697716966798097,3.6431665238488313,119.4119948115202,27.061657382694385,0.9989797327140238,3.34796050450649
258,0.5,918.8163605073825,8.118363949261752,3.6957775225170395,3.6372964238029817,119.46035077124422,26.473522045325534,0.9990088501525964,3.3420074622051734
259,0.5,918.663096366298,8.133690363370205,3.694877426080364,3.6345418156752722,119.50852038769409,27.00769465069599,0.9989860357719951,3.338919438261032
260,0.5,918.5101389630146,8.14898610369854,3.695244628739936,3.6381124340252664,119.55650509153367,26.53081417444908,0.9989922953985747,3.3416431573396186
261,0.5,918.3574844871744,8.164251551282565,3.6949743207162724,3.6315109180913,119.60430629701371,26.482137056695386,0.9989207843333329,3.335025231626035
262,0.5,918.205129175752,8.179487082424808,3.695512610201927,3.632142332861218,119.65192540222205,26.772155596607835,0.9990150045954228,3.335051719929552
263,0.5,918.0530693124674,8.194693068753256,3.6956440406632556,3.6354939571355227,119.69936378932896,26.627747526717638,0.9988792072259942,3.3375763858151943
264,0.5,917.9013012272048,8.20986987727952,3.692880438280236,3.6325609270784804,119.74662282482778,26.612149258634197,0.9989734016399613,3.3343324017524387
265,0.5,917.7498212954397,8.22501787045603,3.693055769000958,3.633559255174936,119.79370385977124,26.37817558754505,0.9989238558621159,3.3346983571031883
266,0.5,917.5986259376715,8.24013740623285,3.6957149215864282,3.6351646828523134,119.84060823000311,26.878944952708935,0.9990104766033477,3.335622118042434
267,0.5,917.4477116188655,8.25522883811345,3.696516205364825,3.6375375366071503,119.88733725638569,26.27216089254599,0.9989303329286078,3.337250488887955
268,0.5,917.2970748478994,8.270292515210064,3.6920955082954916,3.640765599665671,119.933892245023,26.207595134682762,0.9989665369797058,3.339663634780178
269,0.5,917.1467121770187,8.28532878229813,3.694308024399748,3.633474594291724,119.9802744874797,26.36192770523893,0.9988835256146794,3.3324292779333815
270,0.5,916.9966202012976,8.300337979870243,3.6930234097370915,3.628838158515912,120.02648526099627,26.50482326555907,0.9989426471725895,3.327632326616592
271,0.5,916.8467955581066,8.315320444189345,3.6936364472156993,3.6342478220382946,120.07252582869997,26.37373590491395,0.999023376135405,3.3320484698998385
272,0.5,916.6972349265877,8.330276507341228,3.6942294745229773,3.634845745987743,120.11839743981199,26.15669669885791,0.9990095293653307,3.332053044731634
273,0.5,916.5479350271354,8.345206497286462,3.6941825093161897,3.635326732901135,120.1641013298509,26.659001550334338,0.9989679278422127,3.331951210189478
274,0.5,916.3988926208838,8.360110737911619,3.6954188117898434,3.6341581031215693,120.20963872083215,26.96954721081666,0.9990232287284485,3.3303384613098177
275,0.5,916.2501045092009,8.374989549079903,3.69593999479215,3.632272068136258,120.25501082146437,26.241636874754334,0.9989432354929595,3.3280696620356975
276,0.5,916.1015675331892,8.389843246681083,3.694476088964883,3.6356700265581803,120.30021882734174,26.308181502549264,0.99903519656071,3.33064301036338
277,0.5,915.9532785731909,8.404672142680914,3.694964386366473,3.6287534090818023,120.34526392113295,26.440262008939367,0.998846997878633,3.32376858218212
278,0.5,915.8052345483017,8.419476545169836,3.693444856659112,3.6316023994743696,120.39014727276707,26.405448388200462,0.9989599087514586,3.3258404872368
279,0.5,915.6574324158889,8.434256758411108,3.6941512423151894,3.6321526042345775,120.43487003961562,27.045034787899763,0.9990368308266674,3.3258075277361177
280,0.5,915.5098691711158,8.449013082888413,3.6926469108366877,3.636168893848892,120.47943336667181,26.113589755435832,0.9989352693915141,3.32894850829168
281,0.5,915.3625418464728,8.46374581535272,3.6979721380025925,3.6309915587949773,120.52383838672642,26.778149984594172,0.9989132395798863,3.323673662681657
282,0.5,915.2154475113125,8.478455248868755,3.694624926601073,3.633800273858694,120.56808622054047,27.12058983494001,0.9989352983993544,3.325710143806315
283,0.5,915.0685832713934,8.49314167286066,3.6947660846297903,3.6363410550880384,120.61217797701507,26.541609609703883,0.9989346394908046,3.327501457571015
284,0.5,914.9219462684263,8.507805373157373,3.6947769172164016,3.6347293942972954,120.65611475335814,26.888073773029856,0.998928504525577,3.3254936915895397
285,0.5,914.7755336796286,8.52244663203714,3.6939882709938017,3.6346071502447503,120.69989763524815,26.57842119737022,0.9989663074170223,3.3248496955809355
286,0.5,914.6293427172826,8.537065728271742,3.6948437543563886,3.63238447204318,120.74352769699526,26.394378593795903,0.9989975222232162,3.3222854221613174
287,0.5,914.4833706283002,8.55166293716998,3.692678802052115,3.6357814506048878,120.78700600169934,26.705191473958976,0.9989115729454215,3.324861675817009
288,0.5,914.3376146937932,8.566238530620684,3.6954263108730583,3.6355129798696124,120.8303336014054,26.874362700849474,0.9990332567643065,3.3240862662023054
289,0.5,914.1920722286471,8.580792777135283,3.6941186861023896,3.6315586422106416,120.87351153725649,26.469634108262294,0.9989261741499885,3.319942120542399
290,0.5,914.0467405811034,8.595325941889653,3.6933499213012038,3.633745158194216,120.91654083964367,26.661722600988508,0.9989505750067812,3.3214129179497895
291,0.5,913.9016171323435,8.609838286765648,3.693357585406376,3.6339215329507337,120.95942252835353,26.512377439040584,0.9989230493057185,3.32104676549572
292,0.5,913.7566992960806,8.624330070391938,3.6945220522425526,3.633227492641911,121.00215761271333,26.347559040642423,0.9990163302463845,3.3198859614682474
293,0.5,913.6119845181553,8.638801548184471,3.696508743930799,3.6361090514384635,121.04474709173351,26.71359782495843,0.9990012511192731,3.321992806409122
294,0.5,913.4674702761363,8.653252972386372,3.694746203272041,3.636876484028845,121.08719195424776,27.176802545409846,0.9989788246521264,3.3221683615725977
295,0.5,913.3231540789266,8.667684592107339,3.6956798960926895,3.6377355045070483,121.12949317905075,26.584301443674683,0.9989182990598546,3.3224280646812727
296,0.5,913.1790334663741,8.682096653362592,3.6966027436386746,3.631310624700919,121.17165173503375,27.228079578435192,0.9990181502428477,3.3160367264805606
297,0.5,913.0351060088873,8.696489399111273,3.6951574886995537,3.6347039422106207,121.21366858131756,27.22255024157674,0.9989272315593042,3.3186122991871945
298,0.5,912.891369307055,8.710863069294493,3.6924530952377763,3.630030915129948,121.25554466738357,26.624317897636075,0.9989241336808373,3.3138238927399204
299,0.5,912.7478209912731,8.725217900872694,3.6950725914066185,3.634831785782046,121.29728093320252,26.46441428417508,0.9990545240611935,3.3176847921423804
300,0.5,912.6044587213719,8.739554127862814,3.6919721196435265,3.62747251191288,121.33887830936094,26.82712172379825,0.9989639115700735,3.3104475882609092
301,0.5,912.4612801862526,8.75387198137474,3.695583130521017,3.633036049799611,121.38033771718585,26.409998066594746,0.9989419228263122,3.3150047249629586
302,0.5,912.318283103525,8.768171689647497,3.6933719063721395,3.63423606436271,121.42166006886713,26.58172677952214,0.9990121858045888,3.315580006632299
303,0.5,912.1754652191514,8.78245347808486,3.695906678604759,3.6382970444678713,121.46284626757777,27.001644280076135,0.9990132462126264,3.318765299142944
304,0.5,912.032824307094,8.796717569290601,3.6962616753964457,3.6339596499840767,121.50389720759264,26.65857761462077,0.9988824365003498,3.314290482992996
305,0.5,911.8903581689674,8.810964183103264,3.6952969226139234,3.632503217986251,121.54481377440476,26.863320782162305,0.9990002313467862,3.312444660499409
306,0.5,911.7480646336951,8.825193536630493,3.6920006964688312,3.6281663799484307,121.58559684483996,26.643767527846187,0.9989478913957899,3.3079736750870214
307,0.5,911.6059415571697,8.839405844283032,3.6950303968617013,3.6307510019182794,121.62624728716969,26.768439213932297,0.998889261437195,3.3098141856633503
308,0.5,911.4639868219189,8.853601317808113,3.690377618490325,3.631694226428501,121.66676596122184,26.368405953265178,0.99894560411462,3.310158498538666
309,0.5,911.3221983367737,8.867780166322635,3.6918446060265055,3.626764416797054,121.7071537184899,26.646057317805496,0.9989530078670501,3.3051509211650782
310,0.5,911.1805740365422,8.881942596345782,3.6966360087070687,3.6371108390386904,121.74741140224042,26.693093010229283,0.9990113127479616,3.314064742149804
311,0.5,911.0391118816865,8.896088811831348,3.6968954551489155,3.6372355791707363,121.78753984761852,26.655248015795184,0.9990242730259739,3.3136638717521794
312,0.5,910.8978098580045,8.91021901419955,3.6981909118436924,3.6392587448589513,121.82753988175192,27.314060119977366,0.9990195870886903,3.314992820198609
313,0.5,910.7566659763148,8.924333402368523,3.696343117124836,3.6321388515081563,121.86741232385316,26.454506624779903,0.9989706972543382,3.3079946707626093
314,0.5,910.615678272146,8.938432172785394,3.6912980253085217,3.62856558487689,121.90715798532041,27.054486932546084,0.9989398279433847,3.3042287112276356
315,0.5,910.4748448054299,8.952515519457005,3.695694872725637,3.630667731201039,121.94677766983642,26.651907694844166,0.9990241720214709,3.305631639105348
316,0.5,910.3341636601979,8.966583633980207,3.6950370746933827,3.634914786188183,121.986272173466,27.31713143519267,0.9990377544608388,3.3089871118607066
317,0.5,910.1936329442823,8.980636705571776,3.6928579041702614,3.635798778877396,122.02564228475221,26.626855334634513,0.9989719490797926,3.3092808992008025
318,0.5,910.0532507890199,8.994674921098012,3.694633621216279,3.6368202975644945,122.06488878481055,26.478362865613036,0.998995335901345,3.309700134334059
319,0.5,909.9130153489609,9.008698465103905,3.695642810680097,3.6370253442748997,122.10401244742215,26.759741403659095,0.9990228277545257,3.3093766979097667
320,0.5,909.7729248015796,9.022707519842033,3.6931632875161893,3.635532956736932,122.14301403912519,26.934243478974498,0.9989025672836108,3.307509451263093
321,0.5,909.6329773469902,9.036702265300978,3.695393819317503,3.6348407859391845,122.1818943193051,26.72758881094993,0.9989356730339842,3.306371046296134
322,0.5,909.4931712076657,9.05068287923343,3.6940892043588143,3.62865240629909,122.22065404028322,27.347215839225235,0.9989159860597466,3.3002345842152865
323,0.5,909.3535046281595,9.064649537184055,3.6932386440696763,3.63554369424015,122.25929394740412,27.02122353939596,0.9990083265542804,3.305994399586086
324,0.5,909.2139758748319,9.078602412516812,3.69758625545489,3.6355009198583077,122.29781477912172,26.537480094216928,0.9990144419698905,3.3054482456409806
325,0.5,909.0745832355782,9.092541676442178,3.6961370315746063,3.63398825467703,122.33621726708384,26.47746888014217,0.9990341003847218,3.3035663581035073
326,0.5,908.9353250195628,9.106467498043724,3.695687814277505,3.6303801414443457,122.37450213621565,27.096843287815005,0.9989000082726031,3.299780753808283
327,0.5,908.7961995569528,9.12038004430472,3.693562511090777,3.628986247686304,122.41267010480179,26.67722225688474,0.9989303058783227,3.2980089101417596
328,0.5,908.6572051986595,9.134279480134044,3.69329281068624,3.6342402416300974,122.45072188456714,26.962663004402838,0.9990033222943879,3.302278580980105
329,0.5,908.5183403160785,9.148165968392153,3.696695784666051,3.6343333480619244,122.48865818075659,26.903968404976254,0.9989987076498918,3.3018585015365964
330,0.5,908.3796033008368,9.162039669916322,3.697916253343248,3.639350248257287,122.52647969221329,27.300179632340413,0.9990226625219373,3.3059115347847565
331,0.5,908.240992564541,9.175900743545906,3.6966089903888193,3.6299728863353344,122.56418711145609,27.15568632969561,0.9989822748137644,3.296890177267576
332,0.5,908.1025065385285,9.189749346147158,3.6945945791411026,3.631711923163779,122.60178112475555,26.769560633658664,0.9989923518940842,3.2979667004508872
333,0.5,907.9641436736234,9.203585632637656,3.6961578001475743,3.6303448121266704,122.63926241220875,26.96828828905496,0.9989434228039248,3.2962229185825738
334,0.5,907.8259024398939,9.217409756010609,3.692567948613751,3.632407499615679,122.67663164781332,26.809956079002877,0.9989384195945377,3.297593616368043
335,0.5,907.6877813264134,9.231221867358663,3.6929229368067547,3.6324098886029574,122.71388949954004,26.911274232010275,0.9989167036954378,3.297094072654143
336,0.5,907.5497788410238,9.245022115897616,3.6927709914709497,3.630847953717316,122.75103662940452,27.041544343039064,0.9989187142746951,3.2951752574015343
337,0.5,907.4118935101038,9.258810648989613,3.6954209267964653,3.631554881775858,122.78807369353774,27.744037665324058,0.9989240641426075,3.295316091658093
338,0.5,907.2741238783368,9.272587612166316,3.692856196352125,3.632025705805558,122.82500134225562,26.660714281279837,0.9990124101329588,3.2952429401383356
339,0.5,907.1364685084851,9.286353149151495,3.698031020804023,3.63543725128163,122.8618202201276,26.988974169507188,0.9989450548738287,3.297837709611812
340,0.5,906.9989259811642,9.300107401883572,3.6944198777769066,3.637265815549394,122.89853096604398,27.211131002169154,0.9989256458961819,3.2989961882113037
341,0.5,906.8614948946217,9.313850510537824,3.697503498424109,3.6395221153044672,122.93513421328255,27.09448192419166,0.9989378105577554,3.300542466187045
342,0.5,906.7241738645183,9.327582613548168,3.6945348655113426,3.630662652393942,122.97163058957423,27.094567445187298,0.9989548621593696,3.292009594072658
343,0.5,906.5869615237106,9.341303847628946,3.689925293633862,3.6311998924441102,123.00802071716748,27.017435911304897,0.9990245241534568,3.2919984771761306
344,0.5,906.4498565220387,9.355014347796132,3.69411463192503,3.6331578791753274,123.044305212892,27.300312129060295,0.9989899041392857,3.2932754383003897
345,0.5,906.3128575261142,9.368714247388588,3.6949547749120026,3.6430577054836193,123.08048468822155,26.920728514182287,0.9989788878589175,3.301750039189388
346,0.5,906.1759632191128,9.382403678088725,3.6978386151954945,3.6338653122162414,123.11655974933574,26.66484366669729,0.9988987395671137,3.2929213995060747
347,0.5,906.0391723005677,9.396082769943238,3.6954296752567246,3.6357303019923752,123.15253099718093,27.20530343682362,0.9989025791388548,3.294114073525265
348,0.5,905.9024834861667,9.409751651383324,3.696365867328134,3.638363465458549,123.18839902753034,26.959378031174126,0.9989717997518692,3.296002499184236
349,0.5,905.7658955075523,9.423410449244773,3.695697145286978,3.635186493571885,123.22416443104322,27.186876613798706,0.9989157814113875,3.2926279496870974
350,0.5,905.6294071121217,9.43705928878783,3.693988519655275,3.628721185679397,123.25982779332332,27.189383085616875,0.9989965108231139,3.286276615962027
351,0.5,905.4930170628329,9.450698293716709,3.694131951042154,3.6333746538828966,123.29538969497622,26.538759378274996,0.9990128105489336,3.2899953774640505
352,0.5,905.3567241380105,9.464327586198952,3.6933868613084373,3.632108588992851,123.3308507116662,27.346039487122145,0.9989320035410149,3.2883539338440992
353,0.5,905.2205271311552,9.477947286884481,3.696707698664232,3.635396818885682,123.36621141417217,27.02559990379822,0.998997545135561,3.290835824722622
354,0.5,905.0844248507544,9.491557514924553,3.691811014326112,3.631892596674574,123.4014723684427,27.041309980468718,0.9990214709909874,3.2871694219809195
355,0.5,904.9484161200977,9.505158387990232,3.6938632909046154,3.631055021496444,123.43663413565038,27.139462874368448,0.9989666030389452,3.2859174905481345
356,0.5,904.8124997770913,9.518750022290877,3.691940812637503,3.629623090812067,123.47169727224548,27.414574720241973,0.9989648305279923,3.2841283420463183
357,0.5,904.676674674077,9.532332532592292,3.6925396805589097,3.6329341604095564,123.50666233000875,26.483966898917654,0.9988633866374688,3.2866307955491774
358,0.5,904.5409396776543,9.545906032234575,3.694264155788313,3.6330361665528543,123.54152985610347,27.11183404920219,0.9989246751411548,3.2862299479766217
359,0.5,904.4052936685003,9.559470633149969,3.69396331837984,3.627978968427747,123.57630039312694,27.117297264632857,0.9988884626286996,3.281163384364039
360,0.5,904.2697355411979,9.573026445880217,3.693957698649114,3.632936949342932,123.610974479161,26.530155147315696,0.9989430177108674,3.2851549344201794
361,0.5,904.1342642040609,9.586573579593916,3.6958243483450737,3.638648475671934,123.64555264782213,26.611669056381658,0.9989860530657787,3.289826762248872
362,0.5,903.9988785789646,9.600112142103534,3.691768033965307,3.6258922422454267,123.68003542831063,27.547393577890734,0.9990023805403639,3.2778025208380335
363,0.5,903.8635776011772,9.613642239882282,3.692623426061413,3.6314232973951728,123.71442334545925,27.26686961516486,0.9989779503471052,3.2823112533678644
364,0.5,903.7283602191927,9.627163978080732,3.6987182591005503,3.6386612380640746,123.74871691978116,26.182105513871345,0.9989542900118716,3.2883613540687837
365,0.5,903.5932253945673,9.640677460543268,3.6927424410878893,3.6302385424207113,123.78291666751706,27.089754054604022,0.9989361571394159,3.2802589534976034
366,0.5,903.4581721017572,9.654182789824283,3.6920376551141136,3.634219360036601,123.81702310068215,27.270631169613143,0.9989350916039154,3.283365180035485
367,0.5,903.3231993279578,9.66768006720422,3.695558691266546,3.635658714602512,123.85103672711165,27.47733509548676,0.9989157771908141,3.284174861739312
368,0.5,903.1883060729459,9.681169392705414,3.695751061623086,3.6319852175643117,123.88495805050658,27.44937051426489,0.9989588346851223,3.2803665763338903
369,0.5,903.0534913489234,9.694650865107658,3.6896396510156553,3.627786319151476,123.91878757047836,26.57332267196643,0.9989575139572742,3.2760851013776002
370,0.5,902.9187541803625,9.708124581963752,3.694058741990412,3.6308785640516854,123.95252578259294,26.668209748696146,0.9989124992689248,3.2783883496337314
371,0.5,902.7840936038539,9.721590639614607,3.6924778644175666,3.6297404519952923,123.98617317841433,27.50654993397397,0.9990036542715187,3.276871943971813
372,0.5,902.6495086679557,9.735049133204432,3.693214580053098,3.635026348046522,124.01973024554769,26.715295539583867,0.9990023653515675,3.281154747059267
373,0.5,902.5149984330454,9.74850015669546,3.6938004305055796,3.6324828061436727,124.05319746768164,27.322967229792287,0.9989340498205977,3.278370214094821
374,0.5,902.3805619711721,9.761943802882788,3.6957451499860445,3.6336739323650318,124.08657532463012,27.860682527768905,0.9989527298028823,3.278956725107556
375,0.5,902.2461983659127,9.77538016340873,3.6966731215750177,3.636554460706818,124.11986429237368,26.79061921792193,0.9990358882548189,3.2810674373233284
376,0.5,902.1119067122277,9.788809328777237,3.6920058927954797,3.6232333748627834,124.15306484310014,27.404566134375017,0.9990212190978358,3.268561968260845
377,0.5,901.9776861163201,9.802231388367987,3.6942227124291045,3.631346565770708,124.18617744524485,27.62939025413302,0.999003279117975,3.2753935728803083
378,0.5,901.8435356954965,9.815646430450354,3.6927988802942746,3.6328838779514174,124.21920256353035,26.78701251108394,0.998939651603115,3.276292841262873
379,0.5,901.7094545780275,9.829054542197257,3.69200030721028,3.623274184740662,124.2521406590054,26.812526521477643,0.9990286306808683,3.26714058890915
380,0.5,901.5754419030131,9.84245580969868,3.691898882756457,3.6281062905719055,124.28499218908375,26.823136466432285,0.9990107089322598,3.2710115321934676
381,0.5,901.4414968202477,9.855850317975223,3.6940888847055495,3.6334022417824627,124.3177576075822,27.145436822983413,0.9989087915087818,3.2752995553824267
382,0.5,901.3076184900868,9.869238150991311,3.6921305715182178,3.6324671506567423,124.35043736475806,27.16563513420201,0.9990059772272933,3.2739703168019
383,0.5,901.1738060833162,9.88261939166838,3.6877452366239836,3.6288840468773755,124.38303190734659,27.040381271767988,0.9990758142908912,3.2702552483595118
384,0.5,901.0400587810224,9.895994121897767,3.693040893360445,3.630917929136185,124.4155416785973,27.392399002984963,0.9989232959562702,3.2716025042979364
385,0.5,900.9063757744647,9.909362422553535,3.695799858408396,3.631640227122675,124.44796711831039,27.586730926467833,0.9990066603128368,3.2717678351338426
386,0.5,900.7727562649483,9.922724373505176,3.6950376386691492,3.6306249018015437,124.48030866287228,27.142542935137666,0.9989819098661322,3.2703679997599338
387,0.5,900.6391994637006,9.936080053629937,3.6899716664867346,3.6260601352246904,124.51256674529093,27.492850622596002,0.9989034195328078,3.2657718973960033
388,0.5,900.505704591747,9.949429540825305,3.6965882988906213,3.632430982428896,124.54474179523056,27.314120060055004,0.9989093596646574,3.2710248212130244
389,0.5,900.3722708797893,9.962772912021068,3.6949910927816445,3.6340908597545987,124.57683423904615,27.56376933014182,0.9990343606480226,3.272034639980734
390,0.5,900.2388975680858,9.976110243191416,3.6965213812374915,3.6348437159389166,124.60884449981707,26.86072219306256,0.9990327596827605,3.2722276996691346
391,0.5,900.1055839063328,9.989441609366722,3.691398065562768,3.62776154957307,124.64077299738076,27.45541829699802,0.9989886635988775,3.2653684278514112
392,0.5,899.9723291535462,10.002767084645381,3.6971844705164623,3.634836000162435,124.67262014836575,26.732979308070274,0.998952637079768,3.271251821157346
393,0.5,899.8391325779475,10.016086742205255,3.694338468933503,3.6309344486680852,124.70438636622418,27.6694503512213,0.9989539336551403,3.267256904736878
394,0.5,899.7059934568479,10.029400654315213,3.6911106650075234,3.6301429973737465,124.73607206126403,26.907123006358887,0.9990512231884117,3.266061411842566
395,0.5,899.5729110765361,10.042708892346386,3.6945145630741267,3.6279208710548363,124.76767764068101,27.58096040519156,0.9990846051845507,3.2635793391301218
396,0.5,899.439884732167,10.056011526783305,3.689958280977855,3.630267899750473,124.79920350858988,27.408065416958998,0.9989748411577045,3.2652077412984517
397,0.5,899.3069137276503,10.069308627234964,3.6946450716639134,3.633705403625412,124.83065006605547,27.060669977967283,0.9990365209204773,3.2678163919298555
398,0.5,899.1739973755441,10.082600262445585,3.6912513915204967,3.6346960727757742,124.86201771112331,27.73259187915011,0.9989065789619552,3.2682241970029846
399,0.5,899.0411349969448,10.095886500305518,3.693931667837816,3.635744591379824,124.89330683884975,27.13270166994855,0.9989576795727632,3.2686839439931203
400,0.5,898.9083259213829,10.109167407861708,3.693129744759337,3.634169904262688,124.92451784133212,27.10340945977701,0.9989652230059884,3.266785584754645
401,0.5,898.7755694867172,10.122443051328279,3.69500696497294,3.631906334282989,124.95565110773776,27.031499113724802,0.9988985511413144,3.264268683917609
402,0.5,898.6428650390321,10.135713496096788,3.6908820590251303,3.624849292762128,124.98670702433353,26.780977990946724,0.9989291990177468,3.257444953782468
403,0.5,898.5102119325352,10.148978806746477,3.6945110423264698,3.6321644854456596,125.01768597451436,27.054867218507557,0.998914556195088,3.263536881591607
404,0.5,898.3776095294556,10.162239047054433,3.691915879445931,3.6252278912084424,125.04858833883175,26.937808155246508,0.9990010895072601,3.25682356690335
405,0.5,898.2450571999458,10.175494280005426,3.6910854804182467,3.628597720716682,125.07941449502167,27.128869559240663,0.9990866829386246,3.259369967200749
406,0.5,898.1125543219814,10.188744567801855,3.6902928971927698,3.628317717348531,125.11016481803243,27.219874821800676,0.998926643481776,3.25863769301959
407,0.5,897.9801002812659,10.201989971873415,3.69450923192546,3.632405565937258,125.14083968005201,27.00504273649141,0.9989864281536565,3.2618279143625672
408,0.5,897.8476944711329,10.215230552886712,3.6946491988256063,3.635991888270072,125.17143945053503,27.148437207442345,0.9990385507933358,3.264566933999025
409,0.5,897.7153362924528,10.228466370754719,3.6934692854609525,3.6249402661597703,125.20196449622942,27.494071597360215,0.9989608633468047,3.2541644700756716
410,0.5,897.583025153538,10.241697484646206,3.69209027959734,3.632273793038291,125.23241518120294,27.201368657578165,0.9990157014232421,3.2602672993412254
411,0.5,897.450760470051,10.254923952994899,3.6936816433729764,3.633301212646968,125.26279186686908,27.552414756916633,0.9989884298243471,3.26070893630678
412,0.5,897.3185416649135,10.268145833508658,3.69177502564155,3.631887617117025,125.29309491201292,27.36081423179403,0.999064798752968,3.2589601000823065
413,0.5,897.1863681682154,10.28136318317846,3.694788521856683,3.6343802382223487,125.32332467281644,27.130532113343936,0.9989442929207201,3.2607164064730423
414,0.5,897.0542394171263,10.294576058287374,3.6940166903536866,3.6278285214766837,125.35348150288372,27.014631074740013,0.9989590851478193,3.254358955069024
415,0.5,896.9221548558071,10.307784514419293,3.69365958689349,3.631574028677343,125.38356575326578,27.7065598116298,0.9989444117033212,3.257239203319667
416,0.5,896.7901139353238,10.320988606467619,3.695169158254232,3.6320284633586457,125.41357777248501,27.31893928278159,0.9989771962597522,3.257167219471739
417,0.5,896.6581161135612,10.334188388643884,3.6896640304237547,3.627141342063997,125.44351790655945,27.19137990049486,0.9989177652158959,3.2523057226527174
418,0.5,896.5261608551385,10.347383914486151,3.690017586816564,3.6259522202941494,125.47338649902673,26.825340607009505,0.9990076775865395,3.2507610235044795
419,0.5,896.3942476313251,10.360575236867486,3.6933050402193137,3.6255072329454574,125.50318389096766,27.192228251866513,0.9990018334018854,3.2498838283580707
420,0.5,896.262375919959,10.373762408004094,3.6925859756215673,3.6289758669925196,125.53291042102977,27.289245035748806,0.9989575861947695,3.252514532706909
421,0.5,896.1305452053642,10.386945479463572,3.690368298625422,3.6274506363788688,125.56256642545014,27.23828647685077,0.9991116032489213,3.2506693164837412
422,0.5,895.9987549782708,10.400124502172925,3.693333908538788,3.6291709586430274,125.59215223807847,27.70797167352967,0.9989560269629534,3.25173266054745
423,0.5,895.8670047357347,10.413299526426535,3.6942587046656397,3.6288255226708266,125.62166819039948,27.883711278276746,0.9989323591233719,3.2509450517037
424,0.5,895.7352939810597,10.426470601894023,3.6944948182041024,3.6350663334909714,125.65111461155523,27.331505665611736,0.9989636496903639,3.256057210870188
425,0.5,895.6036222237201,10.439637777627986,3.6949092440678495,3.634117043894053,125.68049182836714,27.101542033074825,0.9989726455900675,3.254728388096472
426,0.5,895.471988979283,10.452801102071707,3.691837581267592,3.6267465705666595,125.70980016535782,27.239768361310496,0.9990242846067894,3.2476499650691197
427,0.5,895.3403937693332,10.465960623066684,3.6969135782944025,3.6418604161036554,125.73903994477247,27.423034874485953,0.9989213296559082,3.260704739007194
428,0.5,895.2088361213991,10.479116387860088,3.6917735666253035,3.633711903248957,125.7682114866002,26.98420082596774,0.9989474658577902,3.252931003707973
429,0.5,895.0773155688777,10.492268443112229,3.6925725128423976,3.6349238411101186,125.79731510859511,27.147425341741187,0.9990183117382916,3.2535378739981584
430,0.5,894.9458316509624,10.505416834903759,3.6963234560476517,3.632909970404874,125.82635112629683,27.5967914455722,0.9988862071405724,3.251257634777063
431,0.5,894.8143839125707,10.518561608742926,3.6935124474111025,3.629939706318262,125.85531985305138,26.68898234940158,0.9989838259912814,3.2481222619489536
432,0.5,894.6829719042735,10.531702809572652,3.694391311147889,3.626369072197269,125.88422160003113,27.044888679778605,0.9989255069713029,3.244450658735196
433,0.5,894.5515951822242,10.544840481777573,3.692614732146349,3.6287391061205065,125.91305667625505,27.186848444941777,0.9989124928577484,3.2460943558802176
434,0.5,894.4202533080905,10.557974669190951,3.694278241686087,3.629881584874594,125.94182538860856,27.447959818986778,0.9989513160065527,3.2466396066219074
435,0.5,894.288945848984,10.5711054151016,3.694571737371151,3.63112364870427,125.97052804186293,27.744176126458516,0.9989678642121175,3.2472737400470577
436,0.5,894.1576723773948,10.584232762260527,3.6954275289395846,3.6361691931452524,125.99916493869488,27.0532859345201,0.9990087283274994,3.2513085821131487
437,0.5,894.0264324711229,10.597356752887709,3.697207230245069,3.6312757746713427,126.02773637970559,27.487581644892664,0.9989446826524365,3.2464565261482337
438,0.5,893.8952257132134,10.610477428678655,3.6945153814069323,3.6330472356941557,126.05624266343965,27.302068462184987,0.9990280849689755,3.247563578777594
439,0.5,893.7640516918909,10.623594830810912,3.691912481478138,3.6284551825738394,126.08468408640383,27.815649113641296,0.99906004332317,3.242982805359634
440,0.5,893.6329100004946,10.636708999950539,3.692592664115069,3.631883017479429,126.11306094308557,27.580298225700375,0.9988831635312934,3.2455701896915192
441,0.5,893.501800237416,10.649819976258401,3.691699731495957,3.625014732430364,126.14137352597123,27.369004883438752,0.9989413605917923,3.238957189313685
442,0.5,893.370722006035,10.662927799396504,3.6936581409078735,3.63440641163922,126.16962212556419,27.652457139856054,0.9990947674185173,3.2468722800294927
443,0.5,893.2396749146586,10.676032508534139,3.6931075246115666,3.632376379860451,126.1978070304028,27.655752079836873,0.9990373569060575,3.2445826967142337
444,0.5,893.1086585764594,10.689134142354051,3.692829087404395,3.6322518966802306,126.22592852707801,28.025864684287665,0.9989259022148287,3.2439956190558816
445,0.5,892.9776726094157,10.702232739058438,3.693428917033328,3.631814842501711,126.25398690025081,27.412423307692823,0.9989180949395393,3.2431295654055092
446,0.5,892.8467166362502,10.715328336374974,3.6972362689899043,3.6334063274603374,126.28198243266962,28.06879935604282,0.9989363501627597,3.2440749096783383
447,0.5,892.7157902843736,10.728420971562635,3.6931487695819705,3.6323852293182983,126.3099154051873,27.492479970331992,0.9989167423071138,3.24268765060817
448,0.5,892.5848931858242,10.741510681417587,3.6921152712243397,3.6297643952509784,126.33778609677817,27.360165794544724,0.9989660033876783,3.239872865024802
449,0.5,892.454024977211,10.754597502278894,3.6890326697964952,3.624175505576998,126.36559478455456,27.511620758676774,0.9989358822004413,3.2344100171760104
450,0.5,892.3231852996579,10.767681470034207,3.6915522178816462,3.6257050332704504,126.39334174378347,27.59258483865248,0.9990357815477089,3.2353006642448903
451,0.5,892.1923737987462,10.780762620125383,3.6907346897468596,3.626695395493086,126.4210272479029,27.87025773794858,0.9989780657498888,3.235709973949959
452,0.5,892.0615901244599,10.793840987554004,3.6933361806439664,3.628759717049358,126.44865156853793,27.586835708442283,0.9989562039370181,3.237077163370636
453,0.5,891.9308339311312,10.806916606886874,3.6891429265127713,3.623757469331151,126.47621497551684,27.00369475269308,0.9990257242549198,3.2321410215846993
454,0.5,891.8001048773863,10.819989512261374,3.695153303305723,3.6295367421613833,126.50371773688688,27.835749043652406,0.9990835180888908,3.2368212473158486
455,0.5,891.6694026260917,10.833059737390826,3.6922540112354483,3.632886256496704,126.53116011892985,27.70875153502235,0.9989491650390064,3.2393335181389546
456,0.5,891.5387268443021,10.846127315569786,3.6912805025107107,3.6263334561604053,126.55854238617756,27.487240530827897,0.9988451255041589,3.2330167126181455
457,0.5,891.408077203208,10.859192279679197,3.6945454083746987,3.6302872820894825,126.5858648014273,27.74920183651965,0.9989398672101126,3.2360674058226455
458,0.5,891.2774533780845,10.87225466219155,3.699473192689604,3.631194774969295,126.6131276257568,27.33722502073669,0.9989960031293005,3.23640203175444
459,0.5,891.1468550482405,10.885314495175958,3.6981857467847945,3.631888325126186,126.64033111853925,28.171621611358162,0.9989148056723883,3.236545858822622
460,0.5,891.0162818969684,10.898371810303164,3.696047711161708,3.632940157039694,126.66747553745812,28.297570990727664,0.9990496706919405,3.237008831079697
461,0.5,890.8857336114951,10.911426638850497,3.6921576986747455,3.637617522500656,126.69456113852173,27.2970380558382,0.9989448046796566,3.2407015551310265
462,0.5,890.7552098829325,10.924479011706756,3.697061118867951,3.631495975462794,126.72158817607793,27.44759459342157,0.9989669315198653,3.2347739598123852
463,0.5,890.62471040623,10.937528959377008,3.6943424559673734,3.6321297244465534,126.7485569028282,27.422005080057716,0.9989701589615031,3.2348644839930714
464,0.5,890.4942348801259,10.950576511987409,3.69470450491019,3.63582874291346,126.77546756984195,27.74987671789206,0.9988975795995161,3.237684534575892
465,0.5,890.3637830071012,10.963621699289872,3.6934786619748974,3.628215721043968,126.80232042657056,28.052852129696028,0.9988763717323115,3.230431874954545
466,0.5,890.233354493333,10.976664550666705,3.6945334675469956,3.627922720779508,126.82911572086122,28.044474279968867,0.998998615249044,3.2296978135621206
467,0.5,890.1029490486472,10.989705095135271,3.69384483922678,3.6319317285127375,126.85585369897059,27.56750740493732,0.9989937602931952,3.2327931422925387
468,0.5,889.9725663864759,11.002743361352408,3.6932991006186646,3.6320514453364092,126.8825346055785,27.691858596980065,0.9988358261400204,3.2324261460537533
469,0.5,889.8422062238094,11.015779377619062,3.6923632170053176,3.633461115016185,126.90915868380131,28.115762064690735,0.998965027456026,3.2332070548144247
470,0.5,889.7118682811549,11.028813171884511,3.693130644940657,3.62865703743696,126.93572617520523,27.87488255697445,0.9989886661719317,3.2284592321295986
471,0.5,889.5815522824906,11.041844771750942,3.691416709459007,3.6299205412326847,126.96223731981944,28.061297554729006,0.9989118853303594,3.2291103497318705
472,0.5,889.451257955224,11.054874204477594,3.692993392809229,3.6308897411518393,126.98869235614916,27.91396874737668,0.9989385161021422,3.2294994477642214
473,0.5,889.320985030149,11.0679014969851,3.6923019039238265,3.6274027021192685,127.01509152118847,27.8184269286271,0.9989809130986167,3.225925344149732
474,0.5,889.1907332414028,11.080926675859725,3.6933126089067323,3.6256992195152384,127.04143505043302,27.381575384995692,0.9989912126302479,3.2239381475135365
475,0.5,889.0605023264261,11.093949767357392,3.6909014537133684,3.6280466632384134,127.06772317789276,27.60604642777538,0.9989291742889798,3.225552988882458
476,0.5,888.9302920259205,11.106970797407955,3.6933892144442866,3.634871292649809,127.09395613610428,27.80664497462006,0.9989444167136687,3.2311471996518297
477,0.5,888.800102083809,11.119989791619101,3.690381262939157,3.628357911086079,127.12013415614321,28.06672529182505,0.9989894830880499,3.2248848817699027
478,0.5,888.6699322471956,11.13300677528044,3.695652104149312,3.6335087699490063,127.14625746763643,27.340446128703675,0.9989567810833861,3.2289899924101744
479,0.5,888.5397822663258,11.146021773367421,3.6943621229028514,3.6329389943298693,127.1723262987742,27.589219925044357,0.9989557745898583,3.228010823008707
480,0.5,888.4096518945476,11.159034810545243,3.694036318398237,3.6342510270104667,127.19834087632202,28.044428783394007,0.9989911730588859,3.2287036898037704
481,0.5,888.2795408882729,11.172045911172713,3.694089217578666,3.6274012227654744,127.2243014256325,27.418283483878596,0.9989541786958421,3.222146292775675
482,0.5,888.1494490069397,11.18505509930603,3.695372133706568,3.6329330898916843,127.25020817065715,27.922614494880694,0.9988836079186831,3.2265875220663784
483,0.5,888.0193760129739,11.198062398702612,3.6903578550477656,3.630079475860392,127.2760613339579,27.749608471481725,0.9988929156060519,3.2235809110310485
484,0.5,887.889321671753,11.211067832824694,3.6950376941527394,3.632160872068403,127.30186113671853,28.651153568066608,0.9990210143080809,3.2249568529034973
485,0.5,887.759285751569,11.224071424843096,3.693958951794355,3.6298418192138264,127.32760779875618,27.84111722386964,0.9989532959628881,3.2224257808164425
486,0.5,887.629268023592,11.2370731976408,3.6903801626517727,3.6294860782416682,127.35330153853238,27.85960011239106,0.9988206075178864,3.2216380709314696
487,0.5,887.4992682618347,11.250073173816533,3.6919789096454405,3.6258032128415354,127.37894257316435,28.07712419765794,0.998956054383352,3.217897698258272
488,0.5,887.3692862431171,11.263071375688282,3.6962169708837203,3.627740146543407,127.4045311184359,27.465835593624394,0.9990115261549077,3.219145184513724
489,0.5,887.2393217470319,11.27606782529681,3.6919239166021875,3.625032985732921,127.4300673888084,27.63628429348741,0.9989200945006768,3.216271807572295
490,0.5,887.1093745559091,11.28906254440909,3.6943052181679383,3.6339319452026935,127.45555159743151,27.323924230660598,0.9989434611752903,3.2236950950874994
491,0.5,886.9794444547832,11.302055554521672,3.693247254426773,3.6297533433524176,127.48098395615384,28.055690956612654,0.9989639066410216,3.2195166039946193
492,0.5,886.849531231359,11.315046876864098,3.6920513651599083,3.62496250225932,127.50636467553362,27.26401579002047,0.9989392729753066,3.2147962958599323
493,0.5,886.7196346759781,11.328036532402185,3.693231997830487,3.6322313254913294,127.53169396484903,27.703812123680663,0.9990739280708557,3.2207708339983157
494,0.5,886.5897545815867,11.341024541841326,3.6930424261027754,3.6278139088084984,127.55697203210863,27.93703572142163,0.9989091291951251,3.216382643078193
495,0.5,886.4598907437033,11.354010925629666,3.6936054095273043,3.623622019420319,127.58219908406159,28.031399651344767,0.9989609053613677,3.212195579431813
496,0.5,886.3300429603862,11.36699570396138,3.6936009441427133,3.6302616827536096,127.60737532620787,27.452158893557673,0.9989125546445947,3.217609993232451
497,0.5,886.2002110322024,11.379978896779752,3.69630486248811,3.6339724047481425,127.63250096280817,27.660821015933514,0.9989784540277283,3.220427111973004
498,0.5,886.0703947621962,11.392960523780381,3.6939796454871368,3.636014310778757,127.65757619689397,28.17881955147438,0.9989778727204132,3.2217646357127276
499,0.5,885.9405939558586,11.405940604414134,3.6922580651531587,3.63376783428343,127.6826012302774,27.82096397579516,0.9989137029753135,3.219302433402756
500,0.5,885.8108084210971,11.418919157890283,3.690708155533425,3.624267177787501,127.7075762635608,27.747917283892743,0.9989954129312987,3.210415038689994
501,0.5,885.6810379682047,11.431896203179527,3.6949672331256105,3.6345541917285935,127.73250149614661,27.908750151352702,0.9989986317693592,3.21905572908187
502,0.5,885.5512824098319,11.444871759016817,3.697651708096264,3.6365038877947025,127.75737712624675,28.349436200932313,0.9988814395010168,3.220310681324938
503,0.5,885.4215415609555,11.457845843904458,3.6916416945923642,3.6254972480498835,127.7822033508921,27.07117544136227,0.9989605696279198,3.210093362293329
504,0.5,885.2918152388514,11.470818476114852,3.695902406899955,3.630392966080354,127.806980365942,27.938632669265182,0.9989140972901615,3.2139571789716346
505,0.5,885.1621032630653,11.483789673693467,3.692126270906057,3.6290663462505655,127.83170836609332,27.526981554150336,0.9990154159372691,3.212311999928358
506,0.5,885.0324054553843,11.49675945446157,3.6892644259409892,3.626302934432803,127.8563875448898,27.743984039617633,0.9990310858086808,3.2093956089709823
507,0.5,884.9027216398091,11.50972783601909,3.6946178534822476,3.624424867010916,127.88101809473102,27.170423875048197,0.9989064750366136,3.2072634291969626
508,0.5,884.7730516425274,11.52269483574726,3.69208193034332,3.6275621094179016,127.90560020688153,27.911930765366424,0.9989901369437629,3.2095691975724807
509,0.5,884.6433952918853,11.535660470811472,3.6903466222913583,3.6209799152987125,127.93013407147964,27.98430986747293,0.9989383223780105,3.2032759665535764
510,0.5,884.5137524183615,11.54862475816385,3.6928640784804565,3.6269612790023555,127.9546198775463,27.862323085024304,0.9990306110594668,3.208097130766473
511,0.5,884.3841228545408,11.561587714545919,3.6898165067810065,3.6221503865293108,127.97905781299383,28.11248048075557,0.99903457038833,3.2033722924379604
512,0.5,884.2545064350871,11.574549356491282,3.692643972571457,3.6248541009666453,128.00344806463463,27.325378302151986,0.9989691414080515,3.2052935739494623
513,0.5,884.124902996719,11.587509700328102,3.6905487857370995,3.6330616271049183,128.02779081818957,28.633909632200155,0.9989673436360893,3.2120802586452384
514,0.5,883.9953123781822,11.600468762181782,3.6940106421458854,3.6296308607893835,128.0520862582967,28.279681555516184,0.9989557893332565,3.2085766666010014
515,0.5,883.8657344202265,11.613426557977347,3.6931586575704225,3.6332017000730756,128.07633456851954,28.130711898785524,0.999062406207053,3.2112624889319044
516,0.5,883.7361689655797,11.626383103442029,3.6897505110261206,3.6240334958062057,128.10053593135535,27.67739962403907,0.9989978603870376,3.2026894777867136
517,0.5,883.6066158589231,11.63933841410769,3.69202921624613,3.6297738669453747,128.12469052824355,27.603589328048724,0.9989509686596006,3.2072922029047595
518,0.5,883.4770749468674,11.652292505313255,3.6976026153763186,3.6384433207709095,128.1487985395736,27.396440419823776,0.9989738293232123,3.21448126239465
519,0.5,883.3475460779291,11.66524539220709,3.694653558606504,3.6290869063169753,128.17286014469343,27.63500019431423,0.9989886136759384,3.2057450131986434
520,0.5,883.218029102506,11.678197089749398,3.6931947326062877,3.6307539174511163,128.19687552191706,27.924013140881307,0.999071986830553,3.2067473191273774
521,0.5,883.0885238728546,11.691147612714548,3.691157629270392,3.6255592106340693,128.220844848533,28.131608494154086,0.9989919299453257,3.2016897315324724
522,0.5,882.9590302430664,11.704096975693357,3.690220114553043,3.629989668543948,128.24476830081153,27.545421609411427,0.9989555771228594,3.2051321575299143
523,0.5,882.8295480690458,11.717045193095421,3.6923557196230004,3.6260985221631685,128.26864605401303,28.328546557457607,0.9988378187893577,3.201226919575145
524,0.5,882.7000772084868,11.729992279151313,3.691500439007898,3.6246459083138696,128.2924782823953,28.256754936329713,0.9990326067800864,3.1994752231220787
525,0.5,882.5706175208514,11.742938247914857,3.694505174598341,3.6345328970852586,128.3162651592214,27.332633734686265,0.9989631800058513,3.207731943380386
526,0.5,882.4411688673474,11.755883113265252,3.690180403339705,3.624885503748451,128.34000685676702,28.07911578030594,0.9989596455157804,3.1987482009380863
527,0.5,882.3117311109064,11.768826888909356,3.6956902114602035,3.625572453666052,128.36370354632828,27.760707636498346,0.9988807970721602,3.1988851078621106
528,0.5,882.1823041161631,11.781769588383694,3.6896533566528165,3.628477017268109,128.38735539822875,28.071868508557024,0.999032573546365,3.2009782155261233
529,0.5,882.0528877494335,11.794711225056654,3.695293585940293,3.631292555390185,128.4109625818271,27.731972228529365,0.9990042467325122,3.2029920847449325
530,0.5,881.9234818786941,11.807651812130581,3.6915322027815325,3.623716668702492,128.43452526552423,27.683448395673167,0.9989606642841948,3.195840821803964
531,0.5,881.7940863735621,11.820591362643796,3.6954387048753166,3.631367509517866,128.45804361677057,28.40161427397297,0.9989590528176615,3.2021183953419445
532,0.5,881.6647011052733,11.833529889472672,3.692046984532598,3.635969746848696,128.48151780207306,28.586313358974717,0.9989642453489886,3.2057061800831717
533,0.5,881.535325946664,11.846467405333605,3.691227730099712,3.6221481677511322,128.50494798700245,28.166121575006606,0.9989415386993288,3.193051565685606
534,0.5,881.4059607721493,11.859403922785061,3.6938183592700056,3.6305233157650223,128.5283343362001,28.18231142586127,0.9990113399521494,3.199964891237559
535,0.5,881.2766054577053,11.872339454229476,3.6935050360782418,3.627058865473012,128.55167701338505,27.825978289147308,0.9989832992003946,3.1964421247593315
536,0.5,881.147259880848,11.885274011915204,3.6907251816841082,3.6285927201801416,128.57497618136082,28.277115166072743,0.9989518629683993,3.1973245326103243
537,0.5,881.0179239206151,11.898207607938494,3.691298228881965,3.6216700966894075,128.59823200202229,27.731381939877505,0.9988726749289929,3.190756269710675
538,0.5,880.888597457547,11.9111402542453,3.692906658032127,3.627269073102469,128.62144463636247,27.79808725317664,0.998997515987831,3.1952199664063707
539,0.5,880.759280373668,11.924071962633198,3.6931042125933273,3.6289246662567844,128.644614244479,28.247435034144683,0.999005622622307,3.196209077582579
540,0.5,880.6299725524682,11.937002744753178,3.689632150378119,3.6274183194250003,128.66774098558102,27.54303324592292,0.9989139951086624,3.1944132950715582
541,0.5,880.5006738788843,11.949932612111569,3.6948543315898656,3.6325825865792947,128.6908250179956,28.290850840226266,0.9989627328167091,3.19849141540377
542,0.5,880.3713842392832,11.962861576071681,3.6956482361668894,3.6266689005637094,128.71386649917417,28.005596263148387,0.998955910309723,3.1928155201668322
543,0.5,880.2421035214427,11.975789647855727,3.6968850965275633,3.6355963134532394,128.7368655856993,28.4143854416617,0.9989153898671013,3.2002049465088818
544,0.5,880.112831614535,11.988716838546498,3.6973060930049653,3.634341606866326,128.75982243329057,27.806794099835198,0.9990706393934258,3.1986306826736413
545,0.5,879.9835684091091,12.001643159089092,3.6899451976871016,3.6229477298324344,128.78273719681133,28.04408539156101,0.9989042647273967,3.1881344714576265
546,0.5,879.8543137970731,12.014568620292687,3.6938456812203926,3.630273164263157,128.80561003027475,28.1540524950407,0.9990478903415845,3.19411150383869
547,0.5,879.7250676716785,12.027493232832153,3.6895155657255607,3.6292005024869365,128.82844108685018,27.87831873684175,0.9990262224808636,3.1926986576444096
548,0.5,879.5958299275026,12.040417007249749,3.696586177782023,3.63906522163886,128.85123051886913,28.074274286462458,0.9988948655979687,3.2009065937877446
549,0.5,879.4666004604319,12.05333995395681,3.693423848223794,3.628826753279893,128.87397847783143,27.608288041524457,0.9989897201065661,3.1914319283669337
550,0.5,879.3373791676466,12.066262083235335,3.6909148868112585,3.630792570726777,128.89668511441144,28.43240622175909,0.9989387902732549,3.1926916234442464
551,0.5,879.2081659476044,12.079183405239569,3.6928248186807955,3.62763744167379,128.91935057846368,28.011353438059068,0.9991076869614209,3.189448461816873
552,0.5,879.0789607000239,12.092103929997611,3.6908723438795055,3.626567369135499,128.94197501902917,28.45172718543476,0.9989334687610605,3.1880390737682545
553,0.5,878.9497633258694,12.105023667413061,3.6914799002238223,3.6230103177894213,128.96455858434103,28.51761059982526,0.9989882001497468,3.1844440613481946
554,0.5,878.8205737273361,12.117942627266398,3.693669101651428,3.624649163314629,128.98710142183043,28.31678913731793,0.9989667795060749,3.185416257264471
555,0.5,878.691391807833,12.130860819216693,3.6920453559566804,3.6234103317296924,129.00960367813227,28.15442378895058,0.9989088864678595,3.1838594674784453
556,0.5,878.5622174719704,12.143778252802962,3.6928738025994416,3.6285477900398853,129.03206549909106,28.07569537799953,0.9989964440303046,3.1879049926204592
557,0.5,878.4330506255424,12.156694937445767,3.6925738819252154,3.6296338992786126,129.0544870297664,28.308377842388516,0.9990026658001834,3.188390378797194
558,0.5,878.3038911755136,12.169610882448634,3.690770114079084,3.625195765332471,129.07686841443874,28.465169780862958,0.9989598480703552,3.1840235469645037
559,0.5,878.1747390300048,12.182526096999513,3.694942094847443,3.6326282183367358,129.09920979661493,28.06088169107462,0.9989961112612996,3.1900823376308947
560,0.5,878.0455940982777,12.195440590172236,3.6921677641703163,3.63047682199651,129.1215113190337,28.756129328944322,0.9990065797253456,3.1877241780299523
561,0.5,877.9164562907213,12.208354370927877,3.697253989212373,3.62802735684521,129.14377312367114,28.04120183359657,0.998938597056333,3.1851049204473387
562,0.5,877.7873255188373,12.221267448116269,3.691866658448265,3.628401004890973,129.16599535174612,28.10099600856451,0.9990071339426668,3.1849644139931086
563,0.5,877.658201695228,12.23417983047721,3.6946290130715327,3.6312753442329986,129.18817814372574,27.91347887086498,0.9989791115460991,3.1870185884797535
564,0.5,877.5290847335796,12.24709152664204,3.694000325115333,3.6304568205864727,129.21032163933052,28.231859270399834,0.9990216738865089,3.1858314509340286
565,0.5,877.3999745486522,12.260002545134785,3.6915472369115228,3.6258309315071044,129.23242597753978,28.4286881869198,0.9989781109934751,3.1813039670220493
566,0.5,877.2708710562636,12.272912894373643,3.6943414473139793,3.628862169333134,129.25449129659688,27.839873891215458,0.998889606607409,3.183495076234001
567,0.5,877.141774173278,12.285822582672202,3.6917631610202153,3.629502177650855,129.27651773401442,28.477679254947358,0.9988606044387613,3.183587979470447
568,0.5,877.0126838175919,12.29873161824081,3.6936885525727243,3.6287776201482393,129.2985054265791,27.933082524591043,0.9990608530372838,3.1824839996234213
569,0.5,876.8835999081219,12.311640009187808,3.693140931767198,3.630962950188986,129.32045451035745,29.02168620220984,0.9989221726012346,3.183931862894733
570,0.5,876.7545223647919,12.32454776352081,3.6918116909553063,3.631607555372343,129.34236512070015,27.864841564738764,0.9989548411419574,3.1840283476268483
571,0.5,876.6254511085205,12.337454889147958,3.69268995724004,3.630918381656957,129.36423739224747,28.384474410700516,0.9989053981494733,3.182955464258249
572,0.5,876.4963860612083,12.350361393879162,3.694534275816499,3.6323766883243387,129.38607145893423,27.9532701997077,0.9989165812688618,3.183765040129263
573,0.5,876.3673271457268,12.363267285427327,3.691530424635128,3.6233784706739134,129.40786745399458,28.59368575512123,0.9989346935747235,3.1754105055818687
574,0.5,876.2382742859048,12.376172571409516,3.692018636089455,3.624190556141379,129.42962550996688,28.1616383431824,0.9990250475814887,3.175654478596596
575,0.5,876.109227406518,12.389077259348202,3.6940631301584643,3.6244852656553204,129.45134575869864,27.988802099928556,0.9989824943364789,3.175444985839591
576,0.5,875.980186433276,12.401981356672398,3.691562566981037,3.6251663341377864,129.47302833135126,28.033280925433036,0.9988840751149787,3.175573881229654
577,0.5,875.8511512928116,12.414884870718845,3.6927416478233006,3.6268534954186147,129.49467335840473,28.639256218222766,0.9989472074601362,3.1765838095327514
578,0.5,875.7221219126687,12.427787808733125,3.690612985038708,3.6279362610571657,129.51628096966243,28.70670133769255,0.9989136702971422,3.177064040696895
579,0.5,875.5930982212917,12.440690177870827,3.6891304340845212,3.622924610293426,129.5378512942558,27.903598484524526,0.999032452317226,3.172207784148987
580,0.5,875.4640801480135,12.453591985198653,3.689752355687706,3.623989578883052,129.5593844606489,28.756342209421078,0.9989938463406768,3.172672703142838
581,0.5,875.335067623045,12.466493237695497,3.6914927813761604,3.624353148942309,129.58088059664297,28.26555102922996,0.9989381922398726,3.1725234087192122
582,0.5,875.2060605774639,12.479393942253614,3.6955051607424023,3.630239994764755,129.60233982938115,27.92072333579168,0.9989994029350447,3.1772080447688142
583,0.5,875.0770589432042,12.49229410567958,3.6945776893209543,3.6290854200936606,129.62376228535283,28.563066081775844,0.9989525908996479,3.175729396069223
584,0.5,874.9480626530453,12.505193734695464,3.690083287097616,3.6250174891368356,129.6451480903982,27.993739470204225,0.9989182351033764,3.171702029203681
585,0.5,874.819071640602,12.518092835939798,3.6906113488025203,3.626776634737184,129.66649736971266,28.39880225312146,0.9988838731749622,3.17277336864861
586,0.5,874.6900858403131,12.530991415968684,3.6906416951056564,3.625789713836991,129.68781024785122,28.48788180576135,0.9989533834864434,3.171442316035002
587,0.5,874.5611051874324,12.543889481256754,3.6880600772645056,3.627066248694074,129.70908684873282,28.88597922108666,0.9990288753486083,3.172091067045924
588,0.5,874.4321296180177,12.556787038198225,3.6935541356769166,3.630704929688119,129.73032729564486,28.163742298350606,0.9989590289334179,3.174805043681817
589,0.5,874.3031590689212,12.569684093107881,3.690196931441534,3.62568644662605,129.75153171124708,27.93680640995627,0.9989787743741483,3.169949114078527
590,0.5,874.1741934777796,12.582580652222042,3.6917413396670717,3.6291561961015333,129.77270021757624,28.426200699262647,0.9989264506041176,3.1725146907319446
591,0.5,874.0452327830039,12.595476721699605,3.6941293659144154,3.625712235344365,129.79383293605008,28.29768713759171,0.9989224656441952,3.169036494745751
592,0.5,873.9162769237709,12.608372307622917,3.693922921457662,3.628788910666841,129.81492998747157,28.463862766712825,0.9989755306941513,3.171257694552232
593,0.5,873.7873258400119,12.621267415998805,3.68773500859617,3.620038058392006,129.83599149203306,28.42335041666657,0.99899979522355,3.16314337448142
594,0.5,873.6583794724056,12.634162052759434,3.6935646782914153,3.6325684680109345,129.85701756932036,28.327798552682506,0.998954119736935,3.173623881084992
595,0.5,873.5294377623668,12.64705622376332,3.691412168266534,3.625166147336486,129.87800833831687,28.150868944464445,0.9989218359703284,3.166689346478006
596,0.5,873.4005006520382,12.659949934796177,3.6920230935960063,3.625118949458504,129.8989639174075,28.413686754764633,0.9988579825800521,3.166180705380248
597,0.5,873.2715680842814,12.67284319157186,3.6932521616848333,3.6288245899962734,129.9198844243829,28.545297206945293,0.9989256537247535,3.1689493400088455
598,0.5,873.1426400026676,12.68573599973324,3.691372118983613,3.6293488168089425,129.94076997644314,28.370791738536212,0.9990480703263199,3.168939207399118
599,0.5,873.013716351469,12.698628364853093,3.6895685876015927,3.6238456827793,129.96162069020184,28.08464507078825,0.9989093199137317,3.1636669870073835
600,0.5,872.8847970756502,12.711520292434974,3.690793104595445,3.6243596894212313,129.9824366816901,28.663424061837773,0.9988913767261689,3.163648472029618
601,0.5,872.7558821208593,12.72441178791407,3.6935853764105704,3.62426110411224,130.00321806636026,28.312628012753567,0.9990144761827182,3.163095196955797
602,0.5,872.6269714334196,12.73730285665804,3.693281703864332,3.6290865623912634,130.02396495908982,28.62903177843688,0.9989771987507419,3.166838816009208
603,0.5,872.4980649603214,12.750193503967866,3.6936058951842248,3.632794545555136,130.0446774741852,28.134177976988248,0.9989447773239768,3.169606211395266
604,0.5,872.369162649213,12.763083735078705,3.6936166875065495,3.630832936499751,130.0653557253855,28.61884594462567,0.9990135554003996,3.167426688533471
605,0.5,872.2402644483935,12.775973555160647,3.6913324253759843,3.6222402648783847,130.08599982586642,28.838858932618646,0.9989481027050686,3.1594638065331413
606,0.5,872.1113703068041,12.788862969319592,3.6912293094175976,3.626283283269861,130.10660988824375,28.33317428017012,0.9989983675416465,3.162522883293135
607,0.5,871.98248017402,12.801751982597997,3.694099281927736,3.629970887455912,130.1271860245771,28.630832305111596,0.9989496018098334,3.1652710174032945
608,0.5,871.8535940002434,12.814640599975657,3.694364233550505,3.6222004106094126,130.14772834637373,28.12382717791735,0.9989458891877224,3.1580284461789736
609,0.5,871.7247117362945,12.82752882637055,3.6914765279273194,3.6235408627974874,130.16823696459196,28.66599056773678,0.9988988808158695,3.1587301140868234
610,0.5,871.5958333336048,12.84041666663952,3.6927304725396026,3.6280089856744695,130.18871198964496,28.50302337551866,0.9989062550458327,3.1621575152107453
611,0.5,871.4669587442087,12.853304125579134,3.6919016863583565,3.6304779204154882,130.20915353140407,28.65448557484992,0.9989957705071276,3.163841552092485
612,0.5,871.3380879207368,12.866191207926313,3.692120121311537,3.6218984911580048,130.22956169920263,28.35720240452821,0.9989400089601315,3.1558981059286175
613,0.5,871.2092208164082,12.879077918359183,3.6948755695732474,3.633158462891906,130.24993660183927,28.630310689189184,0.9989046307603021,3.165241153558597
614,0.5,871.0803573850228,12.891964261497723,3.6925217158727803,3.6266013822204055,130.27027834758147,28.435518951448795,0.99888569532354,3.1590612281175687
615,0.5,870.9514975809545,12.904850241904542,3.693184899160444,3.6279500773548383,130.29058704416897,28.75560026001912,0.998874204395891,3.159768553021136
616,0.5,870.8226413591443,12.917735864085566,3.6899953949961293,3.6357787806740527,130.31086279881734,28.255984961358003,0.9989615791390581,3.1661184811841077
617,0.5,870.6937886750925,12.93062113249075,3.6931171375517873,3.625005028078611,130.33110571822112,29.04399641776315,0.9989438332799642,3.1562693618640254
618,0.5,870.5649394848524,12.943506051514763,3.692532856450433,3.6328123575010944,130.35131590855747,28.294122294443742,0.9989226465225389,3.162599070167764
619,0.5,870.4360937450232,12.956390625497683,3.6915351400276393,3.622231454033927,130.37149347548922,28.61989469768806,0.998970595553023,3.1529209974896473
620,0.5,870.307251412743,12.969274858725699,3.6925850750029516,3.629356746796274,130.39163852416848,28.80255336606933,0.9989637922832326,3.1586554947005596
621,0.5,870.178412445683,12.982158755431705,3.6917278225732204,3.630183196928071,130.41175115923974,28.33957226722486,0.9990165893057241,3.1589070511898627
622,0.5,870.0495768020392,12.99504231979608,3.6918170618632473,3.62889555442187,130.43183148484317,29.10225130739273,0.9988334458327985,3.1573190413835497
623,0.5,869.9207444405279,13.007925555947208,3.6918107239086444,3.6253729390217804,130.45187960461786,29.072215957261747,0.9989262588798244,3.1537871259883716
624,0.5,869.7919153203776,13.020808467962242,3.697645553922937,3.627825897401266,130.47189562170502,28.670565950099082,0.9989271991922347,3.155453635749515
625,0.5,869.6630894013234,13.033691059867659,3.693189966030892,3.6262485951239083,130.49187963875121,28.43611900349895,0.9988552871695577,3.153614556172667
626,0.5,869.5342666436009,13.046573335639911,3.692388403341443,3.6226387214106324,130.51183175791152,28.18424217185575,0.9989506863610078,3.1500085039365064
627,0.5,869.4054470079392,13.05945529920608,3.6919216285012104,3.6297370222604632,130.53175208085247,28.17691826261654,0.9989673077442862,3.155713138359624
628,0.5,869.2766304555555,13.072336954444452,3.692801598114612,3.6266186642146763,130.5516407087555,28.34748079242823,0.9989422168080483,3.1525348523757617
629,0.5,869.1478169481487,13.085218305185132,3.693916840828554,3.627509824729061,130.57149774231974,28.848474219064492,0.9989323953058684,3.152842245121225
630,0.5,869.0190064478935,13.098099355210646,3.6955907315225174,3.6303754803839565,130.59132328176517,28.547337286319845,0.9988654586023374,3.15486529299606
631,0.5,868.8901989174343,13.110980108256564,3.689279108354262,3.6251174204306666,130.6111174268357,28.53747933501137,0.9989599781161281,3.149828996537058
632,0.5,868.76139431988,13.123860568012002,3.6907563998631425,3.624989645176583,130.63088027680217,28.424320131273436,0.998960588502049,3.149251058538735
633,0.5,868.6325926187974,13.136740738120256,3.6916816273907473,3.6319502762184857,130.65061193046532,28.41071971001836,0.9990016833451499,3.1548303846942205
634,0.5,868.5037937782057,13.149620622179425,3.6900012417086696,3.623270088933479,130.67031248615865,28.370393981764444,0.9990086390044502,3.1468238181218235
635,0.5,868.3749977625716,13.162500223742835,3.6929764787185286,3.6280430071989502,130.68998204175153,28.698907917155918,0.9988913530109882,3.150501838258902
636,0.5,868.2462045368028,13.175379546319721,3.694900598278534,3.633714374578382,130.70962069465205,28.62399578170813,0.9989461487480911,3.1549587140985023
637,0.5,868.1174140662431,13.18825859337569,3.6933853159457257,3.627494938785081,130.72922854180987,28.579947048173537,0.9989207597765029,3.1490915257964893
638,0.5,867.9886263166666,13.201137368333338,3.6913875361209296,3.6245849528942684,130.74880567971917,28.864670176149755,0.9989288994465794,3.1460985142307556
639,0.5,867.8598412542727,13.214015874572727,3.6912148614352014,3.6239502181153584,130.76835220442146,28.201579558861784,0.9990232376582832,3.1450808610069823
640,0.5,867.7310588456808,13.22689411543192,3.693081055610831,3.6302866237838938,130.78786821150837,28.498173606952907,0.9990180028859779,3.15011245596931
641,0.5,867.602279057925,13.239772094207503,3.6923465423543522,3.6313007749213995,130.80735379612452,28.658845100204708,0.9989428239061662,3.150524828266615
642,0.5,867.4735018584483,13.25264981415517,3.69099250106251,3.625811557302156,130.82680905297025,28.736066657719594,0.9990196062521681,3.1452954486917357
643,0.5,867.3447272150988,13.265527278490119,3.695120109466203,3.6299668329541896,130.84623407630443,29.039997242992335,0.9988090031463767,3.148432592528508
644,0.5,867.215955096124,13.278404490387597,3.6910923724695253,3.626408692198446,130.86562895994714,28.94613649161883,0.9989659550457664,3.1448794775737614
645,0.5,867.0871854701654,13.291281452983462,3.6919131247901045,3.625086134971221,130.8849937972825,28.445784576255893,0.9990398123068552,3.143265733859116
646,0.5,866.9584183062543,13.304158169374569,3.694261956658651,3.6327331237595875,130.90432868126126,28.694610318635988,0.9989179051043914,3.1494285631033505
647,0.5,866.8296535738066,13.31703464261934,3.6931191675742197,3.627583486375158,130.92363370440344,28.658719569017535,0.9989433000428244,3.1444969368046394
648,0.5,866.7008912426182,13.329910875738172,3.6907361509406376,3.6226504502775216,130.94290895880113,28.630135774702236,0.9988751860587308,3.139754373916
649,0.5,866.5721312828603,13.342786871713974,3.6931908274101772,3.630225402406541,130.96215453612103,28.477709733198658,0.9988529999317469,3.145852164000615
650,0.5,866.4433736650743,13.355662633492571,3.692773761474515,3.627998373587374,130.9813705276071,28.720437825464675,0.99887756430975,3.1434551504624473
651,0.5,866.3146183601679,13.368538163983212,3.6881433961787216,3.627777795758635,131.00055702408318,28.655077611841957,0.99896941995754,3.1427969366281325
652,0.5,866.1858653394099,13.381413466059012,3.691829652354952,3.6275604156126593,131.0197141159554,28.342234492704716,0.9989218288143776,3.142141557668441
653,0.5,866.0571145744265,13.394288542557353,3.689252700697038,3.6204718210426106,131.038841893215,28.51872258931951,0.9988537010968479,3.1355353787301823
654,0.5,865.9283660371956,13.407163396280442,3.6910333033234077,3.623371666422783,131.05794044544066,28.38127838733863,0.9989373009019833,3.1375803066509507
655,0.5,865.7996197000439,13.420038029995606,3.6919252958150315,3.6238758703357146,131.07700986180112,29.346448589664043,0.9989797675135413,3.137550350376827
656,0.5,865.6708755356415,13.432912446435852,3.6941835656799777,3.6276503906013575,131.09605023105763,29.01665125548959,0.9989820501855396,3.140351289769089
657,0.5,865.5421335169981,13.445786648300196,3.6898955139694207,3.6222913533533774,131.11506164156648,29.628852409043972,0.9989231248302181,3.135245786201657
658,0.5,865.4133936174584,13.45866063825416,3.6928985260176774,3.6266876990667742,131.13404418128135,29.009419154420296,0.9988938707343923,3.138584109240069
659,0.5,865.2846558106988,13.47153441893012,3.6899064945559497,3.62773301741779,131.15299793775588,28.825274014695616,0.9988196332418923,3.1390217153494606
660,0.5,865.1559200707222,13.484407992927771,3.691956183905424,3.625824319286564,131.17192299814607,28.98462904159231,0.9989594812767525,3.1369033749671678
661,0.5,865.0271863718547,13.497281362814528,3.692586024614843,3.6272530083647814,131.1908194492126,28.864283483090535,0.9988857116798564,3.1376724640846323
662,0.5,864.8984546887413,13.510154531125874,3.6902641078387286,3.6221023328499125,131.2096873773233,28.38050928052207,0.9989826698372626,3.132750710406374
663,0.5,864.7697249963416,13.523027500365847,3.6940413513564305,3.630269074158107,131.22852686845542,28.60820185588711,0.9989163150234321,3.13934678892243
664,0.5,864.6409972699269,13.535900273007318,3.6909987106555664,3.6287137364111377,131.24733800819817,28.952274064083568,0.9990300312271251,3.1375346638576085
665,0.5,864.5122714850751,13.548772851492497,3.6899315809748514,3.6236216124308105,131.26612088175486,28.42179603155598,0.9988721379109462,3.1326653511649702
666,0.5,864.3835476176678,13.561645238233222,3.691552493179334,3.6249029374261976,131.2848755739453,28.651869189991192,0.998866178096606,3.1333064608221615
667,0.5,864.2548256438861,13.574517435611389,3.692248829121984,3.6257454191113974,131.30360216920806,29.085888224179072,0.9989703536974848,3.1335679750232392
668,0.5,864.1261055402072,13.58738944597928,3.689224082926974,3.6247500081788924,131.32230075160285,28.637482387594563,0.9990193681424663,3.1322411081244605
669,0.5,863.9973872834,13.600261271659997,3.691780666425225,3.62459964042648,131.34097140481265,28.700894793583476,0.9988676122834528,3.1316446192768304
670,0.5,863.8686708505224,13.613132914947757,3.694381033659735,3.63505929113076,131.35961421214603,28.3096323617851,0.9989299817803987,3.140213838291972
671,0.5,863.7399562189174,13.62600437810826,3.6916035880384586,3.624131642443525,131.37822925653936,29.19954668967761,0.9990048576695395,3.1303073061757636
672,0.5,863.6112433662089,13.638875663379114,3.6913259874493556,3.6318414257350127,131.39681662055912,28.84983124086981,0.9989303047930438,3.136499089387919
673,0.5,863.4825322702993,13.651746772970064,3.692368559175259,3.6244227722850306,131.41537638640384,29.28165417108425,0.9989731460981653,3.1296257534308167
674,0.5,863.3538229093652,13.664617709063476,3.691091337406038,3.6248178269717384,131.43390863590662,28.579096929334696,0.9989553540388025,3.1295003282660683
675,0.5,863.2251152618546,13.677488473814536,3.68920623100774,3.6234895341163895,131.45241345053705,28.701981232768812,0.9989704956494024,3.1278871707377442
676,0.5,863.0964093064827,13.690359069351732,3.693870921133572,3.6304962899541584,131.47089091140342,28.826085969921557,0.9989065759536645,3.133468311859941
677,0.5,862.9677050222296,13.703229497777048,3.6911787380609726,3.6253841690190147,131.48934109925494,29.014947044472223,0.9989135626920496,3.1285894561622616
678,0.5,862.8390023883362,13.716099761166378,3.6898357816237763,3.6246021795984045,131.5077640944837,29.281926376534027,0.99903550194442,3.1274481286992764
679,0.5,862.7103013843015,13.728969861569851,3.693349017647056,3.6246151459566174,131.52615997712692,29.302577921237766,0.9988995169897942,3.126992824970337
680,0.5,862.5816019898791,13.741839801012091,3.6902137522329803,3.6257243199504914,131.54452882686888,28.471616702544484,0.9989817982950072,3.12748309227656
681,0.5,862.452904185074,13.754709581492609,3.6916399158103026,3.62705584905758,131.56287072304326,28.6443998262826,0.9989839499393398,3.128164850661169
682,0.5,862.3242079501398,13.767579204986024,3.6927656997085987,3.625885121638704,131.58118574463487,29.180727240959296,0.9988085285533855,3.1266885156352915
683,0.5,862.195513265575,13.780448673442503,3.6924563538192645,3.6263340038341103,131.59947397028188,28.664357480149235,0.9989503176144938,3.1266089077081585
684,0.5,862.0668201121208,13.793317988787923,3.6927236107549235,3.6247038558656954,131.6177354782778,28.872713477064842,0.9989393004331153,3.124736926874283
685,0.5,861.9381284707573,13.806187152924265,3.6925020708759466,3.630364409553814,131.63597034657357,28.77510074355168,0.9990071316079547,3.1291495048376605
686,0.5,861.8094383227011,13.819056167729894,3.689100122398551,3.624175364363697,131.65417865277936,28.40411738771958,0.9989447888508314,3.1233485351452486
687,0.5,861.6807496494021,13.83192503505979,3.6931453535314205,3.6333780810547576,131.6723604741668,28.940521295229413,0.9989036985438702,3.1308119486429695
688,0.5,861.5520624325404,13.844793756745954,3.6937461156846374,3.628024329451269,131.69051588767073,28.960929929468534,0.998986879461604,3.125731843594175
689,0.5,861.4233766540241,13.857662334597586,3.6938709028832046,3.6228201932146424,131.7086449698913,28.95260785381658,0.9989401230715572,3.1207820038493415
690,0.5,861.2946922959856,13.870530770401446,3.689538541571715,3.618803468563935,131.72674779709587,28.92280328553027,0.9989176705343353,3.1168562199364196
691,0.5,861.1660093407795,13.883399065922053,3.690220564375757,3.6239360472453863,131.74482444522087,28.843264173431088,0.9989416511998347,3.120810543912508
692,0.5,861.0373277709793,13.89626722290207,3.694815821709535,3.6288439972189113,131.76287498987378,29.51839679570395,0.9990028906477532,3.1245701382631306
693,0.5,860.9086475693756,13.909135243062442,3.693589684795716,3.6255137220911386,131.78089950633506,28.871969458645257,0.9988946137668603,3.1212361152296952
694,0.5,860.7799687189721,13.922003128102789,3.6924785479484004,3.6263779153977453,131.79889806955993,29.09822372852513,0.9989556405095413,3.1215134685792423
695,0.5,860.651291202984,13.934870879701599,3.6919747714074846,3.6249956092097655,131.81687075418026,28.679531090215765,0.9989183443107583,3.1198571516715323
696,0.5,860.5226150048351,13.947738499516493,3.6930645893061484,3.626655533056826,131.83481763450655,28.959135406870757,0.9989837334071301,3.120819103027814
697,0.5,860.3939401081548,13.960605989184527,3.6925987890647525,3.622247996150479,131.85273878452966,28.95873325782914,0.9988966924130976,3.116560225456779
698,0.5,860.2652664967758,13.973473350322418,3.69150754967332,3.626743045974574,131.87063427792262,29.141395880167092,0.9990233606583853,3.119961072960645
699,0.5,860.136594154732,13.98634058452679,3.6906065618784485,3.6237774790933095,131.88850418804256,29.166494112069973,0.9989881850169837,3.11694361884194
700,0.5,860.0079230662559,13.999207693374405,3.689537627041789,3.625644604188411,131.90634858793237,29.1996436864822,0.9989324821672717,3.1180830858244533
701,0.5,859.8792532157746,14.012074678422536,3.691030551441538,3.6272664112017514,131.92416755032264,29.133865302290147,0.9989599494353459,3.119011132878825
702,0.5,859.7505845879101,14.02494154120899,3.69012144890792,3.618983558590755,131.9419611476333,28.983227609608136,0.9989262736272596,3.111423230112437
703,0.5,859.6219171674745,14.03780828325255,3.692493611436476,3.6242202077939867,131.9597294519755,29.207551957485943,0.9989602233111377,3.1154591232609694
704,0.5,859.493250939469,14.050674906053096,3.690089336589945,3.6269356871549023,131.97747253515337,28.919982195528334,0.9989048336842534,3.117326744701144
705,0.5,859.364585889081,14.063541411091895,3.6920636094071737,3.626021875890345,131.99519046866553,28.757055413017934,0.9989705783908435,3.116074787799255
706,0.5,859.235922001682,14.076407799831802,3.6915358458963454,3.6232547643838444,132.01288332370717,28.508095959580064,0.9989608065832337,3.1132306481223395
707,0.5,859.107259262825,14.089274073717506,3.6917444831605444,3.626087355948981,132.0305511711715,29.45304734276933,0.9988148692583888,3.115197970216913
708,0.5,858.9785976582424,14.102140234175764,3.6940771304901845,3.6321444303328847,132.0481940816516,28.75169151671828,0.9989900480220585,3.119934329259537
709,0.5,858.8499371738443,14.115006282615571,3.6899070760103263,3.62074665252025,132.06581212544202,29.021009907288587,0.9990306111353047,3.109678035039424
710,0.5,858.7212777957154,14.127872220428461,3.6922466115020676,3.6263544630380142,132.0834053725405,29.322846343602947,0.9989080179721243,3.1140277382401993
711,0.5,858.5926195101135,14.140738048988643,3.6945105863023633,3.633171961142929,132.1009738926497,29.191620256519755,0.9988996437731585,3.119414631248404
712,0.5,858.463962303467,14.1536037696533,3.6936518686889777,3.628476685911221,132.1185177551787,29.261670713932375,0.9989957997790059,3.1149164729131
713,0.5,858.3353061623728,14.166469383762713,3.692372987905919,3.623597356791996,132.13603702924482,29.521382090625305,0.9989528493584541,3.110261546651223
714,0.5,858.2066510735943,14.179334892640561,3.692140713979868,3.6279092331851897,132.1535317836751,29.17351989700664,0.9989761974164145,3.113495833410833
715,0.5,858.0779970240599,14.192200297594015,3.691879597173193,3.625261327743357,132.17100208700808,28.92065936044128,0.9989131480188824,3.1107569787988036
716,0.5,857.9493440008595,14.205065599914057,3.6909006252375884,3.627774718225339,132.18844800749525,28.990360669198317,0.9989330747169171,3.1124469396843324
717,0.5,857.8206919912436,14.217930800875633,3.691267117240758,3.6267657853726765,132.2058696131028,29.29183716715168,0.9990372651423067,3.111114735698555
718,0.5,857.6920409826218,14.230795901737814,3.6886753957926386,3.621879913398227,132.2232669715131,29.274763961811907,0.9988542010443029,3.106457575116487
719,0.5,857.5633909625592,14.243660903744082,3.6949364844022328,3.6284678391323246,132.24064015012627,28.870372048088683,0.9989869091610011,3.111641184124906
720,0.5,857.4347419187758,14.256525808122422,3.6870500692987185,3.62155779398279,132.25798921606187,28.8168360468431,0.9989375401863609,3.1052494724275643
721,0.5,857.306093839144,14.269390616085609,3.6921864812744762,3.6284264205072927,132.2753142361603,29.243398331746747,0.9990425194600784,3.1106720813478543
722,0.5,857.1774467116868,14.282255328831317,3.691554601121961,3.624382510609219,132.29261527698455,29.493549798373298,0.9989348490993888,3.1067389463505037
723,0.5,857.0488005245766,14.295119947542345,3.692259356792897,3.614292586811641,132.30989240482145,29.267401519243275,0.9989342901829338,3.097625126271786
724,0.5,856.9201552661316,14.307984473386837,3.6905454077299553,3.6224127963952606,132.32714568568343,29.40808826855802,0.9988358594435912,3.1041185359250485
725,0.5,856.7915109248162,14.32084890751838,3.6977058191816075,3.6349959938138863,132.34437518530996,29.253797891499683,0.9990328758497604,3.1144337097454535
726,0.5,856.6628674892373,14.333713251076263,3.6919490831040203,3.623083387191309,132.36158096916898,29.45669562962819,0.9988559695641791,3.1037610036239256
727,0.5,856.534224948144,14.346577505185598,3.6925921843605787,3.629997105705162,132.37876310245858,29.314775473114288,0.9988651254550537,3.1092167574991767
728,0.5,856.4055832904245,14.359441670957551,3.6917945713334253,3.6252273475293753,132.39592165010822,28.93733667666512,0.9988220010627878,3.104664941121293
729,0.5,856.2769425051056,14.372305749489446,3.6890056182810858,3.6212968883940957,132.41305667678046,29.50338032929262,0.9990751720312336,3.1008330274973486
730,0.5,856.1483025813499,14.385169741865012,3.6930824772519797,3.6245026163298095,132.43016824687223,29.045117315367065,0.9989915379212969,3.103111762672428
731,0.5,856.0196635084551,14.398033649154495,3.6925887609760077,3.6275378841428747,132.4472564245164,29.24857055480292,0.9989973074575288,3.105243758948157
732,0.5,855.8910252758516,14.410897472414842,3.695825351232579,3.629621997799457,132.46432127358315,29.23049107588364,0.998962478107655,3.106560893060362
733,0.5,855.7623878731011,14.42376121268989,3.6904214288589827,3.6176028633819266,132.48136285768143,29.336690629512088,0.9989004924745646,3.0958084647442856
734,0.5,855.633751289895,14.436624871010494,3.693971231303606,3.628269324023925,132.49838124016046,29.64351298135451,0.998894207770096,3.1044696924046424
735,0.5,855.5051155160528,14.449488448394721,3.6935926885517563,3.6224401072257866,132.51537648411096,29.48129974947965,0.998925137704766,3.0990160423821793
736,0.5,855.3764805415204,14.462351945847951,3.6931974520776336,3.6258569368875655,132.53234865236672,29.410453764810658,0.9989620459973819,3.1014727456219435
737,0.5,855.2478463563687,14.475215364363137,3.6920811808353196,3.627134568886724,132.5492978075059,29.715559340076343,0.99890876364715,3.102099028485106
738,0.5,855.1192129507916,14.488078704920838,3.694113977103289,3.6267685099450517,132.5662240118525,29.579227676548978,0.9990537288645669,3.1013194337789276
739,0.5,854.9905803151053,14.500941968489478,3.6897027911313067,3.6169431290405547,132.5831273274777,29.271974873026366,0.9989020726661012,3.092452304865117
740,0.5,854.8619484397459,14.513805156025406,3.6902387554974503,3.6229509610039794,132.60000781620107,29.068434879406844,0.9990081216155584,3.0971229176255113
741,0.5,854.7333173152687,14.52666826847313,3.6935347828875384,3.6307036578230707,132.61686553959225,29.927926237831,0.9988979471396819,3.1032833816397933
742,0.5,854.6046869323458,14.539531306765419,3.6862827183025906,3.62603651476077,132.63370055897198,29.315141875361828,0.9989336158267053,3.098827800502382
743,0.5,854.4760572817657,14.55239427182342,3.687662733908676,3.617282390696839,132.65051293541364,29.453285184329467,0.9989291571571225,3.0908811952773947
744,0.5,854.347428354431,14.5652571645569,3.6869551049475535,3.617800012343089,132.6673027297445,29.56616806621077,0.9990001621469963,3.0908581368459473
745,0.5,854.2188001413575,14.578119985864246,3.6916814423020865,3.6338413982325246,132.684070002547,29.565160313346965,0.9990266561126535,3.10409563910218
746,0.5,854.0901726336723,14.590982736632775,3.6939119976540002,3.630055305170494,132.70081481416022,28.86109662841257,0.9988560391668113,3.100394562262845
747,0.5,853.9615458226131,14.603845417738693,3.689754993445656,3.6241712962217716,132.717537224681,29.26889571840903,0.9989547066509116,3.0949029224474875
748,0.5,853.8329196995261,14.616708030047388,3.691189979385718,3.6262561449520736,132.73423729396524,29.570550352692567,0.9989362831989141,3.0962168718227767
749,0.5,853.7042942558654,14.629570574413453,3.690646287625623,3.616406948817133,132.75091508162947,29.541665031870163,0.9988971331562038,3.087342141981938
750,0.5,853.5756694831908,14.642433051680914,3.689396254868244,3.6256155316864733,132.76757064705168,29.561246933514106,0.998969712575279,3.0947372047479362
751,0.5,853.4470453731674,14.65529546268326,3.693112837565044,3.6234385529778272,132.78420404937302,29.222669321192406,0.9989081281018632,3.0924129271301517
752,0.5,853.3184219175636,14.668157808243642,3.694658797032587,3.630849799728005,132.80081534749866,29.223960394427408,0.9989776156286618,3.0982710213236033
753,0.5,853.1897991082498,14.681020089175023,3.6919407970868074,3.6251797837249473,132.81740460009945,29.44292150151072,0.9989779863967246,3.092966411407576
754,0.5,853.061176937198,14.693882306280203,3.6908993670109016,3.6207309132677064,132.8339718656128,29.414946211240096,0.9989221684286006,3.0887049742450454
755,0.5,852.9325553964792,14.706744460352084,3.6888852509246086,3.620155323482726,132.85051720224416,29.23944826301788,0.99893664395624,3.087748330990289
756,0.5,852.8039344782636,14.719606552173637,3.6922916127748895,3.625220660681243,132.8670406679681,29.454972118896375,0.9989165314099787,3.091602442780854
757,0.5,852.6753141748183,14.732468582518177,3.692251838477535,3.6270192832656867,132.88354232052964,29.496465514575934,0.9990069715815552,3.092669806876694
758,0.5,852.5466944785063,14.745330552149372,3.6905871304419415,3.619357338686576,132.90002221744538,29.308066788358403,0.998975500142662,3.085671135233764
759,0.5,852.4180753817858,14.758192461821418,3.691194962730765,3.625691068161811,132.9164804160047,28.82034547522066,0.9988932357028668,3.090604602251422
760,0.5,852.2894568772086,14.77105431227914,3.6922148018508594,3.6280816993567795,132.93291697327106,29.11772914383959,0.9989532076894769,3.09217578105093
761,0.5,852.1608389574191,14.783916104258099,3.6897076371563338,3.6197756367762794,132.9493319460831,29.369874039988662,0.9989456230485841,3.0846310434729003
762,0.5,852.0322216151526,14.796777838484743,3.691914711055804,3.627621983388856,132.9657253910557,29.857420154417863,0.9989821232019251,3.090850817686773
763,0.5,851.9036048432353,14.809639515676476,3.690392518922065,3.626720536687176,132.9820973645815,28.91974474075358,0.9989396346214066,3.0896162989627984
764,0.5,851.7749886345819,14.82250113654181,3.6932134562063483,3.628751718069494,132.9984479228317,29.614186532332692,0.9990300162545311,3.090879953416363
765,0.5,851.6463729821957,14.83536270178043,3.6896172975763215,3.625494240520083,133.0147771217574,29.34342728140154,0.9989901619057227,3.087639020206769
766,0.5,851.5177578791667,14.848224212083338,3.6913263044068274,3.6271570060316853,133.03108501709067,29.841173709578783,0.9989658886318731,3.0885886012518116
767,0.5,851.3891433186702,14.86108566813298,3.6906637169194165,3.6230370000908927,133.04737166434592,29.174646253658096,0.998986162854647,3.08461436771923
768,0.5,851.2605292939675,14.873947070603254,3.693700263673501,3.6264355046384456,133.06363711882057,28.845761055627545,0.9989024957209712,3.087041407128959
769,0.5,851.1319157984021,14.886808420159792,3.69193589140812,3.6225556031341233,133.0798814355966,28.806737115418223,0.9989118643731105,3.0832726905817824
770,0.5,851.0033028254015,14.899669717459851,3.686979820416159,3.6214080946741563,133.09610466954163,29.279677655331085,0.9989370133601498,3.0818302494463516
771,0.5,850.8746903684738,14.912530963152616,3.6936457947345587,3.624365834004718,133.1123068753097,28.761343353371654,0.9989324961654639,3.0838811567908397
772,0.5,850.7460784212088,14.925392157879113,3.6919826905922335,3.6211298162682484,133.12848810734278,29.300891062551216,0.9989164687107669,3.080661990644325
773,0.5,850.6174669772751,14.938253302272496,3.6910926876016474,3.6226738772613998,133.1446484198716,30.216181755674242,0.9989206205243903,3.0815096771608355
774,0.5,850.48885603042,14.951114396957998,3.6914023794916013,3.6233677303322365,133.16078786691685,28.62992525061703,0.9990027023304721,3.0816338759478032
775,0.5,850.3602455744692,14.963975442553078,3.684708015305365,3.6221900176400137,133.17690650229025,29.03214324868376,0.998865625346635,3.080166392917753
776,0.5,850.2316356033241,14.976836439667595,3.690796099445132,3.63078730625902,133.1930043795956,29.530166559502028,0.9989239227886902,3.087010229928394
777,0.5,850.1030261109626,14.989697388903744,3.689470716353279,3.6248183449471676,133.2090815522299,29.328972976809215,0.9989690901924887,3.081469044142118
778,0.5,849.974417091437,15.002558290856305,3.68707151120173,3.622044267990259,133.22513807338433,29.541111768071797,0.9988653030944021,3.078644965364401
779,0.5,849.8458085388738,15.015419146112619,3.688925479013803,3.621862763418813,133.24117399604546,29.305475798332886,0.9989477298809721,3.078024888594501
780,0.5,849.7172004474722,15.028279955252778,3.6881136748786343,3.6188313875699727,133.2571893729961,30.09134463408244,0.9988910240177856,3.0749832755373987
781,0.5,849.5885928115036,15.041140718849633,3.690123101260182,3.6229552810414605,133.2731842568164,29.379310483690293,0.998993402113799,3.07802147903902
782,0.5,849.4599856253105,15.054001437468944,3.68982325521764,3.625743463729086,133.28915869988504,29.21193572225887,0.9989716253531592,3.0799239905803732
783,0.5,849.3313788833059,15.06686211166941,3.690531726798895,3.6233548847627914,133.3051127543801,29.4477000199911,0.9989603980880475,3.0774290004591434
784,0.5,849.2027725799716,15.079722742002843,3.6885652410819003,3.618993365867372,133.3210464722801,30.091167770756975,0.9989581245842847,3.0732592002430956
785,0.5,849.0741667098586,15.092583329014142,3.690222686759791,3.625480473123263,133.3369599053651,29.46767308787336,0.9988201440291608,3.078301811639998
786,0.5,848.9455612675854,15.105443873241464,3.691259393663261,3.6242173436921954,133.35285310521755,29.59616893456752,0.9988938922029026,3.0767632269964884
787,0.5,848.8169562478371,15.118304375216296,3.690488114759783,3.627230127709143,133.36872612322347,29.451889494064268,0.9989110946918399,3.0788544366125286
788,0.5,848.6883516453651,15.131164835463496,3.691651408006774,3.623776618873178,133.38457901057345,29.823215170840065,0.9989237318758015,3.0754570054024915
789,0.5,848.5597474549859,15.144025254501415,3.691640326696934,3.622827740285459,133.40041181826334,29.134232123282153,0.9989683368307415,3.0741857923695464
790,0.5,848.4311436715805,15.156885632841954,3.6914298555354654,3.6266340578289085,133.4162245970957,29.735290159914456,0.9988588226520394,3.0769492813620856
791,0.5,848.3025402900931,15.16974597099069,3.691137723253092,3.6184042593658434,133.4320173976803,29.675808119460388,0.9988779185566256,3.069501525016538
792,0.5,848.1739373055315,15.182606269446852,3.6918250493195686,3.6272790177233327,133.44779027043558,29.3638745261721,0.9989309619343896,3.0765635261681394
793,0.5,848.0453347129644,15.19546652870356,3.6933273524176093,3.6216338876860914,133.4635432655892,29.72451860870421,0.9989379474029015,3.071309722490566
794,0.5,847.9167325075227,15.208326749247725,3.692771294659456,3.621075982967624,133.47927643317914,29.53820381108759,0.9989871526784934,3.0703709156393737
795,0.5,847.7881306843976,15.221186931560238,3.6935856164354925,3.62453035883545,133.4949898230548,29.458996286911244,0.9990239277627755,3.072833817525955
796,0.5,847.6595292388397,15.234047076116031,3.6880199451830955,3.6211273595715987,133.5106834848777,29.601798923598974,0.9989405179062727,3.069483112928344
797,0.5,847.5309281661587,15.246907183384128,3.688983363206566,3.625113595367285,133.5263574681226,29.820845706287027,0.9990224926581539,3.0723958901893957
798,0.5,847.4023274617228,15.259767253827716,3.689258203896737,3.6210421158510484,133.54201182207842,29.88897806076105,0.9990223664324743,3.0684795168091
799,0.5,847.2737271209575,15.27262728790425,3.690816475313731,3.6194535731802886,133.5576465958491,29.50089006905447,0.9989797499895072,3.0666679190897304
800,0.5,847.1451271393452,15.28548728606548,3.692184910691108,3.628737117687482,133.57326183835448,30.148906472151747,0.9989098626507814,3.0740669669186227
801,0.5,847.0165275124247,15.298347248757537,3.6890121142653727,3.618609561966895,133.58885759833143,29.540308187838402,0.9989822967624109,3.0650221056004554
802,0.5,846.8879282357894,15.31120717642106,3.6942676394061835,3.628121735733426,133.60443392433453,29.587276795072366,0.9989246128629562,3.0726125001625175
803,0.5,846.7593293050885,15.324067069491154,3.6932583348453094,3.6241623191990358,133.61999086473708,29.55709280033111,0.9989273018514486,3.0687932546977494
804,0.5,846.6307307160245,15.336926928397554,3.6907435223929346,3.629350411516768,133.63552846773206,29.326694163721285,0.9990538493453557,3.0727195909269454
805,0.5,846.5021324643535,15.349786753564654,3.6894795204749453,3.620192531305738,133.65104678133287,29.401739040199665,0.9989634364415522,3.064500697681833
806,0.5,846.3735345458845,15.36264654541155,3.690754249420097,3.6272846395814686,133.66654585337437,29.358614776501682,0.9988472534575181,3.070037721206562
807,0.5,846.2449369564782,15.375506304352182,3.6900328275470966,3.6240311360216064,133.68202573151368,29.170502217996326,0.9989255029683652,3.0668180002309184
808,0.5,846.1163396920471,15.388366030795297,3.6918381431319096,3.622569426867804,133.69748646323114,29.369948684204964,0.9988759841191702,3.065115183741703
809,0.5,845.9877427485541,15.401225725144595,3.690472358221136,3.6249848736499533,133.71292809583105,30.447123838062872,0.9989889177550961,3.0666927707567764
810,0.5,845.8591461220124,15.41408538779876,3.6882281366584433,3.6167535689270305,133.72835067644266,29.595487615371617,0.999009170803758,3.0592640855463586
811,0.5,845.7305498084852,15.426945019151484,3.692058108176894,3.6236042633680765,133.74375425202095,29.93477769593179,0.998999353311718,3.064592825946654
812,0.5,845.6019538040838,15.439804619591623,3.6936595980647926,3.623580785400732,133.75913886934762,29.7712258668865,0.9988663411967762,3.0641069919017956
813,0.5,845.4733581049683,15.452664189503174,3.689117475880304,3.6183944126756233,133.77450457503176,29.567128515246456,0.9988585137621674,3.0592560750331135
814,0.5,845.3447627073461,15.465523729265385,3.692270535163569,3.6253386375110686,133.78985141551078,29.392089958755165,0.9989545004691177,3.064661030260568
815,0.5,845.2161676074726,15.478383239252747,3.693774462731578,3.6279080288187133,133.80517943705135,29.48204478559938,0.9989159501372525,3.0663665205505333
816,0.5,845.0875728016484,15.491242719835153,3.690497015043665,3.6214821675654276,133.82048868575004,29.14933844244349,0.998911132229939,3.06046957493232
817,0.5,844.9589782862214,15.504102171377864,3.6931829804372347,3.6237833702030042,133.83577920753433,29.08947078707005,0.9989255323342775,3.06194829401733
818,0.5,844.8303840575837,15.516961594241629,3.6928954374197427,3.6208026262635666,133.85105104816338,29.731296802901245,0.9989504579978189,3.058964073342957
819,0.5,844.7017901121732,15.529820988782683,3.691755820148736,3.626493953698857,133.86630425322875,29.862441455148268,0.9988506029640178,3.063305934520397
820,0.5,844.5731964464711,15.54268035535289,3.691906509001108,3.629098280101594,133.88153886815536,29.619218104762393,0.9989482852731936,3.0650391346437935
821,0.5,844.4446030570031,15.555539694299691,3.6886378441294667,3.625598406267385,133.89675493820224,29.505914330544623,0.999012102757551,3.061617007024565
822,0.5,844.316009940338,15.568399005966205,3.689899075584259,3.6249763954385177,133.91195250846337,29.537117329298077,0.999023430499754,3.0606256063245576
823,0.5,844.1874170930864,15.581258290691357,3.6867069759453766,3.6208513655660504,133.9271316238684,29.079023059080193,0.9988692183265583,3.056677161975179
824,0.5,844.0588245119021,15.594117548809795,3.6944275164137954,3.6301804337065566,133.94229232918352,29.105409136297535,0.9989290699035803,3.064085829640463
825,0.5,843.9302321934797,15.606976780652026,3.6893964760902445,3.6241271480656305,133.95743466901223,30.26940790203997,0.9989619804154013,3.058510465565721
826,0.5,843.8016401345554,15.619835986544462,3.6914974035448154,3.626035247803894,133.97255868779615,29.39224701803533,0.9989642567427333,3.059654489282635
827,0.5,843.6730483319053,15.632695166809473,3.692462574657549,3.623631673797289,133.98766442981574,29.53296917637639,0.9990016133085589,3.057160380264603
828,0.5,843.5444567823461,15.645554321765399,3.691030913747193,3.6206175838791244,134.00275193919117,29.60420304687262,0.9989061526567032,3.0541518930099265
829,0.5,843.4158654827337,15.658413451726627,3.690475924583525,3.623248872980049,134.01782125988305,29.662359940297268,0.9990126396731834,3.0559055840638076
830,0.5,843.2872744299634,15.671272557003658,3.6922617980210823,3.6296943317840014,134.0328724356931,29.23446139976512,0.9989344141502817,3.0608750400640177
831,0.5,843.1586836209689,15.684131637903109,3.692939074563775,3.62809135785233,134.0479055102651,29.54476707530168,0.9988909732320337,3.0590567333433842
832,0.5,843.0300930527218,15.69699069472782,3.692501843226272,3.624832840199769,134.06292052708554,29.948776238972602,0.9989365164404388,3.0558431665741725
833,0.5,842.9015027222316,15.709849727776836,3.6903388122108702,3.6236612924897176,134.07791752948435,29.511119357662686,0.9990136591502854,3.054389548795967
834,0.5,842.7729126265449,15.722708737345513,3.6916627345110657,3.6288142991689387,134.0928965606357,29.60695521079071,0.9989014874985723,3.0582663962914607
835,0.5,842.6443227627447,15.73556772372553,3.689920171760496,3.6202814699426287,134.10785766355878,29.9748745537089,0.9989640539067695,3.0506096274503203
836,0.5,842.5157331279506,15.748426687204942,3.689524676066344,3.6215042826471144,134.12280088111842,29.890123528383707,0.998890713387028,3.051174335720446
837,0.5,842.3871437193178,15.761285628068222,3.689724572291803,3.627337171737793,134.137726256026,29.558884250443114,0.9989024160277619,3.0556221994071078
838,0.5,842.2585545340371,15.774144546596292,3.6955449735382513,3.6220895406357463,134.15263383084007,29.433259055687948,0.999018036547508,3.0507359008887183
839,0.5,842.1299655693335,15.787003443066649,3.689708702037842,3.624124430054312,134.16752364796702,30.430182856815154,0.9988922338690753,3.051983781500618
840,0.5,842.0013768224675,15.799862317753256,3.6893370696338725,3.6234782309575797,134.18239574966185,29.77725310816408,0.9989017536272073,3.050973659352521
841,0.5,841.8727882907326,15.812721170926736,3.6902457198334546,3.619162711613144,134.1972501780291,29.945431408329817,0.9989696389994127,3.0468746033036065
842,0.5,841.7441999714567,15.825580002854323,3.690181749433583,3.622404267726072,134.21208697502317,29.97606357454185,0.9989009167397608,3.049137782310273
843,0.5,841.6156118620006,15.838438813799938,3.6898806754427644,3.6225622212781725,134.22690618244948,30.258746333121234,0.9989252818354761,3.048804920369197
844,0.5,841.4870239597577,15.851297604024229,3.690261766071552,3.622648468834514,134.24170784196468,29.707718791371633,0.9988794112057064,3.0484116788919287
845,0.5,841.358436262154,15.8641563737846,3.6886432795668394,3.6240960871234305,134.2564919950778,29.657839924416262,0.9989321890004509,3.0491638167259603
846,0.5,841.2298487666474,15.877015123335259,3.6895212521690968,3.6184018807567035,134.27125868315068,29.694860090898114,0.9989973326988365,3.0439076669259144
847,0.5,841.1012614707276,15.889873852927238,3.689636912287071,3.6204647882820002,134.2860079473988,29.711636764665734,0.9989106682141894,3.045177500534341
848,0.5,840.9726743719151,15.902732562808486,3.6909153793150544,3.622530062312899,134.30073982889184,29.81643506052296,0.9989027684411064,3.046448794495939
849,0.5,840.8440874677615,15.915591253223848,3.691165647220024,3.624941696679403,134.31545436855453,29.91493384865901,0.9989588849468237,3.0480107930682316
850,0.5,840.7155007558487,15.928449924415133,3.6902444311510774,3.626718195609104,134.33015160716718,29.997000571811647,0.9990015346272996,3.0490382039218558
851,0.5,840.5869142337887,15.941308576621138,3.690275792063233,3.6239197531492207,134.34483158536645,29.65820283763474,0.9989278385135861,3.0462195227305764
852,0.5,840.4583278992227,15.95416721007773,3.6920635553088252,3.623787316243876,134.359494343646,30.316224156007948,0.9989282550767061,3.04564222847274
853,0.5,840.3297417498222,15.967025825017778,3.693586137411287,3.6232526580187088,134.37413992235713,29.79122711048955,0.9989020677097912,3.044726970407219
854,0.5,840.2011557832867,15.979884421671331,3.692433332594987,3.6271652573539725,134.3887683617095,29.857075729495943,0.9989040101072761,3.04754844144579
855,0.5,840.0725699973445,15.992743000265541,3.6903506796066265,3.6253227486261514,134.40337970177177,30.136436516070358,0.9989237334203667,3.045534198508208
856,0.5,839.9439843897528,16.00560156102472,3.689502483139387,3.622599698126738,134.41797398247223,29.930210049290924,0.998939255519687,3.042780824293688
857,0.5,839.8153989582955,16.01846010417045,3.6894819344170124,3.6274870753130912,134.43255124359953,29.708504923086156,0.9990021664093566,3.046419505370124
858,0.5,839.6868137007849,16.031318629921508,3.693168536080535,3.6287863200480386,134.4471115248032,30.465076186819708,0.9989542489966629,3.047044022682134
859,0.5,839.5582286150601,16.044177138493986,3.6897401217329118,3.620940079436791,134.4616548655944,29.70724838743449,0.998968238691589,3.039990039013227
860,0.5,839.4296436989873,16.057035630101268,3.6874045734961127,3.615899416049563,134.47618130534664,30.374028678378316,0.9989769297790656,3.0352931584658607
861,0.5,839.3010589504588,16.06989410495412,3.691186725318115,3.6267114287931403,134.49069088329617,30.15228791538318,0.9989168565205923,3.043902742693814
862,0.5,839.1724743673935,16.082752563260648,3.6874130744303963,3.624009752396581,134.50518363854286,30.05957295548901,0.9988573034383962,3.041169231050204
863,0.5,839.0438899477359,16.095611005226406,3.690627225942178,3.621961231488432,134.51965961005067,29.896820381805906,0.998909630035335,3.038984440907946
864,0.5,838.9153056894563,16.108469431054374,3.6914373355612256,3.623545031010377,134.5341188366485,29.59065677283663,0.9989595933309457,3.039847387369581
865,0.5,838.7867215905497,16.12132784094502,3.6912988045206423,3.619747183889274,134.54856135703045,30.06559612350685,0.9989702384598994,3.0361958733611085
866,0.5,838.6581376490367,16.134186235096326,3.690014491166924,3.623296033968566,134.56298720975676,29.719272476884843,0.9988382678294613,3.0387067039992184
867,0.5,838.529553862962,16.14704461370381,3.691355434619946,3.6238030786633235,134.5773964332544,30.083166509408958,0.9989139467630868,3.0386659788387846
868,0.5,838.4009702303945,16.15990297696055,3.689783345336579,3.6229743363182894,134.59178906581738,29.9410036512244,0.9989689139576249,3.0375051986890735
869,0.5,838.2723867494276,16.172761325057238,3.689448564481679,3.617812289718006,134.60616514560786,30.008948187419392,0.9988603541216273,3.0327121429133244
870,0.5,838.1438034181779,16.185619658182215,3.685220678983202,3.6146200771032575,134.6205247106563,29.839852020327733,0.9988856313334548,3.029571419335032
871,0.5,838.0152202347856,16.198477976521442,3.687207575148904,3.6192162051998156,134.63486779886225,30.342082614384033,0.998966813739528,3.0329582652778284
872,0.5,837.8866371974141,16.211336280258593,3.6902896701481365,3.625728432961477,134.649194447995,29.850739141841434,0.9988811572979776,3.037949404085142
873,0.5,837.7580543042493,16.22419456957507,3.6916224030439317,3.621039916800543,134.6635046956942,30.088774846577937,0.998923887851365,3.033555355256844
874,0.5,837.6294715535003,16.23705284464998,3.6895322735727465,3.6208191951570456,134.67779857947016,30.335451389557107,0.9988456175020122,3.032904869030166
875,0.5,837.5008889433973,16.249911105660274,3.6907880481492645,3.6225763027473503,134.69207613670488,29.777573649218223,0.9989269471808147,3.033910873816191
876,0.5,837.3723064721936,16.262769352780637,3.690873945013085,3.623340942903824,134.7063374046523,30.07922562256782,0.9989956563160197,3.034085362494508
877,0.5,837.2437241381638,16.275627586183628,3.6890328298756017,3.6229263877320754,134.72058242043897,29.48984929601427,0.9989476762780823,3.033272381143228
878,0.5,837.1151419396036,16.28848580603963,3.686493027678712,3.6210197078647184,134.73481122106472,29.87459042325518,0.9989329493875454,3.0312104267152757
879,0.5,836.9865598748305,16.30134401251695,3.687308224737869,3.6200057821728824,134.74902384340314,30.270061049155697,0.9989556495232809,3.0298961863478757
880,0.5,836.8579779421824,16.314202205781758,3.690176978518024,3.622775950560961,134.76322032420225,30.372202708521993,0.9989613709445568,3.0317489565240137
881,0.5,836.7293961400179,16.327060385998205,3.6889542397212134,3.6198260498078008,134.7774007000849,29.830325837300144,0.9989227032563913,3.0288148647875874
882,0.5,836.6008144667165,16.339918553328346,3.687874711737755,3.614003813772257,134.7915650075495,29.9745078292893,0.9989370440995791,3.02347853408769
883,0.5,836.472232920677,16.352776707932303,3.6905611845011665,3.6264132986280777,134.80571328297054,29.657963203913198,0.9988986564875486,3.0333940293966664
884,0.5,836.3436515003186,16.365634849968135,3.687295767188419,3.620623333513325,134.8198455625991,30.020053693941797,0.9989001873673758,3.0280853394577902
885,0.5,836.2150702040803,16.378492979591964,3.6902557882068474,3.6207181444896728,134.8339618825635,29.750534200709073,0.9990031682505113,3.027699077383619
886,0.5,836.0864890304201,16.391351096957983,3.6917858802014463,3.6238093583107527,134.84806227886975,29.600424256873858,0.9989133424376101,3.029818043305617
887,0.5,835.9579079778156,16.404209202218446,3.6913059768200576,3.6243845561231267,134.86214678740214,30.37131436718369,0.9989853153421884,3.0298329312437926
888,0.5,835.8293270447624,16.417067295523758,3.6899806630481473,3.6211383028766146,134.8762154439238,29.92596774846346,0.9989032120045864,3.026653590829374
889,0.5,835.700746229776,16.429925377022403,3.6919511440455777,3.62323356455764,134.8902682840773,29.575766441939862,0.9989470483136198,3.0279389936655914
890,0.5,835.5721655313894,16.442783446861064,3.6899364656278233,3.6210827459592276,134.90430534338512,29.496661948543718,0.9989822169112259,3.0256759516095015
891,0.5,835.4435849481542,16.45564150518457,3.6915193162586233,3.620649506476448,134.91832665725013,30.136960649406635,0.9988694419836471,3.024848403531449
892,0.5,835.3150044786403,16.468499552135974,3.6873976942098423,3.6136354146829386,134.93233226095623,30.330943121873087,0.9989675386691432,3.0185238826000518
893,0.5,835.1864241214345,16.48135758785655,3.6894915055076694,3.6218388226903917,134.9463221896689,30.629337588224814,0.9988856873607188,3.0249106150669745
894,0.5,835.0578438751422,16.494215612485775,3.6877339649302883,3.6206364491746266,134.96029647843568,30.27342124870909,0.9989085271890628,3.0234408667035146
895,0.5,834.9292637383853,16.50707362616147,3.687243585137479,3.61745482057489,134.97425516218664,30.31978743235682,0.9989590233533462,3.0203188899494657
896,0.5,834.8006837098034,16.51993162901967,3.686746661549212,3.615584743315956,134.98819827573496,29.824454824848385,0.9989219276591068,3.018292615730894
897,0.5,834.6721037880523,16.532789621194777,3.6944939628147613,3.6261354349293318,135.0021258537775,30.144345798577547,0.9988832570240378,3.0266340920928694
898,0.5,834.5435239718053,16.545647602819468,3.6952432412795817,3.6259294546425576,135.01603793089524,29.977904072528005,0.9989308394896113,3.025995944750566
899,0.5,834.4149442597516,16.55850557402484,3.687416167989368,3.6223274941078594,135.0299345415539,30.13464386726731,0.9988808068399155,3.022524194086575
900,0.5,834.286364650597,16.57136353494031,3.6888655654918905,3.6156615501307208,135.04381572010422,29.976190689734878,0.9988091259525883,3.0164971304655013
901,0.5,834.1577851430633,16.584221485693675,3.689148539665864,3.6201329772462243,135.05768150078282,29.971877314490378,0.998893628857575,3.019762106223074
902,0.5,834.0292057358879,16.59707942641121,3.6883577942718833,3.6245241239534103,135.07153191771232,30.586055157126637,0.9989142076967347,3.0229589762714277
903,0.5,833.9006264278245,16.609937357217554,3.692321383053918,3.6238592020150535,135.0853670049022,30.069270217718877,0.9988811610122402,3.0219384586465896
904,0.5,833.7720472176417,16.622795278235834,3.6914212574949397,3.6257258548162667,135.09918679624909,29.77857271878143,0.9989305131907332,3.0230288686200923
905,0.5,833.6434681041236,16.63565318958764,3.688984559267833,3.618722299453406,135.11299132553725,30.163719438462717,0.9988264866006533,3.0167242078220666
906,0.5,833.5148890860693,16.64851109139307,3.6891430139347636,3.6272481716584783,135.1267806264392,30.30784485556727,0.9988655640205397,3.0233653574875645
907,0.5,833.3863101622934,16.661368983770664,3.691109920293386,3.62380548957031,135.1405547325162,30.086613798888504,0.9988929687761858,3.0200298856988637
908,0.5,833.2577313316241,16.674226866837593,3.689996841212262,3.620642492196852,135.15431367721848,30.136612012299445,0.9989591465269012,3.0169283490108265
909,0.5,833.1291525929053,16.68708474070948,3.6916191777690273,3.620145758571781,135.16805749388618,30.053768734538757,0.9990024312157681,3.0160489681017078
910,0.5,833.0005739449945,16.69994260550055,3.693573122792279,3.6270915328042133,135.18178621574947,30.682872225625385,0.9989824093124574,3.0213693285769394
911,0.5,832.8719953867638,16.712800461323617,3.689708342536305,3.6161217081276575,135.19549987592913,30.187362988201667,0.9988578049492588,3.0117665026096754
912,0.5,832.7434169170994,16.725658308290072,3.6902373544256903,3.6278713443998862,135.20919850743712,30.28604003612518,0.9988825702647057,3.0210859794711924
913,0.5,832.6148385349005,16.73851614650995,3.6876182225974117,3.6141179222686377,135.22288214317686,29.64533571411728,0.999003081186346,3.009168210295792
914,0.5,832.4862602390812,16.751373976091887,3.6916610913143897,3.6236497008187647,135.236550815944,30.176966775181757,0.9989190586510339,3.016638587851079
915,0.5,832.3576820285681,16.764231797143193,3.6899179988618713,3.626469246692148,135.25020455842662,30.345608477832524,0.9988224494967859,3.0185195361245643
916,0.5,832.2291039023016,16.777089609769835,3.6920550749641814,3.6186337060975236,135.2638434032058,30.112427628641942,0.9988521826241262,3.0115322865762066
917,0.5,832.1005258592352,16.78994741407648,3.6900067491437896,3.6185965977902748,135.27746738275616,29.82666332459466,0.998869073457851,3.011036131893727
918,0.5,831.9719478983357,16.80280521016644,3.691545940635529,3.623343226929995,135.2910765294461,30.44587107318656,0.9989893292521105,3.0145199224131893
919,0.5,831.8433700185817,16.815662998141832,3.6903872900359596,3.6244452629932216,135.3046708755386,29.960582723147112,0.9989170005197705,3.014970762016166
920,0.5,831.7147922189656,16.82852077810344,3.6876051990267187,3.6216075338844487,135.31825045319135,30.529008934068475,0.9989694346228761,3.0121445575433445
921,0.5,831.586214498492,16.8413785501508,3.6898387093980314,3.6248591652726994,135.3318152944574,30.219257632765572,0.9988929833042287,3.0143829113392875
922,0.5,831.4576368561777,16.85423631438223,3.6908915685376504,3.625396761757618,135.34536543128564,30.92967001197196,0.9989574279840818,3.0143638241970283
923,0.5,831.3290592910517,16.86709407089483,3.6876778704821684,3.617064076537191,135.35890089552106,29.883773338322925,0.9989247543929959,3.00697047614312
924,0.5,831.2004818021552,16.879951819784477,3.687672659255435,3.6240734331197966,135.37242171890531,30.19254769458417,0.9989528877154991,3.0123315836955658
925,0.5,831.0719043885413,16.89280956114587,3.690167702287301,3.6235062000128067,135.38592793307726,29.974761477635667,0.9989190398561716,3.01139419820833
926,0.5,830.9433270492748,16.905667295072526,3.6890018640211384,3.620998299375064,135.39941956957318,30.328835238370132,0.9989547022445683,3.0088443741224813
927,0.5,830.8147497834319,16.918525021656805,3.6889177705285894,3.623682137622923,135.4128966598275,30.39591296587299,0.9990024811427729,3.010608568463881
928,0.5,830.6861725901011,16.931382740989886,3.683215978860823,3.613574760409664,135.42635923517298,30.68043012921862,0.9987943947806468,3.0017465870928954
929,0.5,830.557595468381,16.944240453161896,3.6928027277437794,3.6253294447254483,135.43980732684128,29.695902534022288,0.9989566509668598,3.011044906391889
930,0.5,830.4290184173826,16.95709815826174,3.687720593962868,3.6172555434401357,135.45324096596335,30.75367955421333,0.9989009408063841,3.0038739703038275
931,0.5,830.300441436227,16.969955856377304,3.6878993176044848,3.6261898708741787,135.4666601835699,30.59872248928778,0.9989034715562595,3.0108270505184054
932,0.5,830.1718645240467,16.98281354759533,3.688231347271855,3.6198794351567356,135.4800650105918,30.79890194112088,0.9988709889704995,3.00512206003632
933,0.5,830.0432876799848,16.99567123200152,3.6872548408759487,3.623331763232111,135.49345547786055,30.246791922867494,0.9989250513965534,3.007522209108498
934,0.5,829.9147109031952,17.008528909680475,3.690844639700321,3.6219210021201294,135.5068316161086,29.60991841121885,0.998909334415243,3.005885521388738
935,0.5,829.7861341928424,17.02138658071576,3.6922692603456344,3.6310265075139094,135.52019345596992,30.307496320457194,0.9989184236360937,3.0129754488217046
936,0.5,829.6575575481008,17.03424424518991,3.6925103848025964,3.6265307202044346,135.53354102798028,30.43719638338462,0.9988208148452621,3.0087786196979662
937,0.5,829.5289809681557,17.047101903184437,3.6889390381137774,3.6218098591145917,135.5468743625778,29.900073006903398,0.9989013833081899,3.0043962416917465
938,0.5,829.4004044522018,17.059959554779823,3.6931810534946328,3.6246295068460705,135.56019349010327,29.92969179470752,0.9988252449294233,3.0062691789675156
939,0.5,829.2718279994444,17.072817200055557,3.6897337345560914,3.6202138151584684,135.57349844080062,30.10515921338581,0.9989308897641723,3.002141328245306
940,0.5,829.1432516090986,17.08567483909015,3.6903182054069563,3.6230485515871758,135.58678924481725,30.47657562553413,0.9988579788260442,3.004026256800626
941,0.5,829.0146752803887,17.098532471961125,3.6884598767104624,3.6196813610273795,135.60006593220453,30.36099590757658,0.9989688215295817,3.0007689681305885
942,0.5,828.8860990125494,17.111390098745062,3.6882767810747277,3.6181374050071438,135.61332853291822,30.829072400765824,0.9989271796460325,2.9990237993277598
943,0.5,828.7575228048245,17.124247719517548,3.686929369284339,3.6181831649267573,135.62657707681876,30.01771464822864,0.9988623232260999,2.998596516818819
944,0.5,828.6289466564672,17.137105334353286,3.6870492118733593,3.616841377386272,135.6398115936718,31.01220080071829,0.9989696097486573,2.9970194607671123
945,0.5,828.5003705667399,17.149962943326013,3.6924733634629905,3.6279096804951547,135.65303211314847,30.359535722463246,0.9989391719095599,3.005724514672899
946,0.5,828.3717945349146,17.162820546508538,3.6899079474827245,3.6188706051746644,135.66623866482595,30.05698479782506,0.9989639317955997,2.997770337398189
947,0.5,828.2432185602718,17.175678143972828,3.6872578045091653,3.6200208697407876,135.67943127818776,30.607059259018428,0.9989564653954124,2.9982577364094642
948,0.5,828.1146426421011,17.18853573578989,3.690425408351027,3.6189769213061145,135.6926099826241,30.57926203640703,0.9989118296271294,2.9969277799174243
949,0.5,827.9860667797011,17.20139332202989,3.687724061550619,3.6139049127198604,135.70577480743233,30.558219452578165,0.9988410349591157,2.992262914398756
950,0.5,827.8574909723791,17.214250902762096,3.686256792853216,3.6236410797202607,135.7189257818174,30.068159911576096,0.998897572531924,2.999858412441658
951,0.5,827.7289152194506,17.22710847805493,3.689807322567285,3.6221519481216253,135.73206293489207,30.128493379353188,0.9988830694398428,2.998159902778733
952,0.5,827.6003395202403,17.239966047975976,3.6912673273304524,3.6225583808581536,135.7451862956775,30.43305592409231,0.9988102698683009,2.9980305459300998
953,0.5,827.4717638740807,17.25282361259193,3.688500911805782,3.6231940006957535,135.75829589310356,30.226953477270975,0.9988707377788697,2.9980907306137023
954,0.5,827.3431882803128,17.265681171968716,3.690390398247222,3.624300676763577,135.77139175600914,30.551550645846703,0.9988899102844486,2.9985404772000734
955,0.5,827.214612738286,17.278538726171398,3.6911321276083804,3.62812679854539,135.7844739131425,30.808132474442257,0.9988399762075917,3.001239504624122
956,0.5,827.0860372473571,17.291396275264294,3.6954841521715243,3.623608573704165,135.79754239316193,30.095082446611347,0.9989332768778175,2.997036055760526
957,0.5,826.9574618068917,17.304253819310823,3.6894287273096036,3.6226074797465335,135.81059722463576,30.86206406131001,0.9989644970517817,2.9957422865738543
958,0.5,826.8288864162629,17.317111358373715,3.6878227769485536,3.6201271596035838,135.82363843604298,30.77764817480847,0.9989705313098983,2.9932257080603
959,0.5,826.7003110748516,17.329968892514845,3.6918509264467008,3.6263849435617534,135.83666605577355,30.6923706349896,0.9988921242242573,2.99793356091966
960,0.5,826.5717357820463,17.342826421795376,3.686957948681706,3.6203002924489125,135.84968011212865,30.3495057524126,0.9989799399910321,2.9924378967817473
961,0.5,826.4431605372433,17.35568394627567,3.6878414698581743,3.6187665629040286,135.86268063332133,30.36299889199823,0.9989659772779668,2.990704875492902
962,0.5,826.3145853398463,17.368541466015376,3.691081765209394,3.6232123931656814,135.87566764747658,30.584748386153432,0.9989982810034604,2.9939132462568923
963,0.5,826.1860101892662,17.38139898107338,3.686045834930434,3.620345624322702,135.88864118263183,30.826849862400444,0.998978170854099,2.9910789068653414
964,0.5,826.057435084922,17.39425649150781,3.691168447471284,3.620895905776897,135.90160126673734,30.346859377377594,0.9989504803665608,2.991067984635559
965,0.5,825.9288600262387,17.407113997376133,3.6883771355256085,3.619824835656359,135.91454792765646,30.06271090456637,0.9988576634398886,2.9897178000083238
966,0.5,825.8002850126495,17.419971498735055,3.6902413338261586,3.62099958745572,135.9274811931662,30.29237523570191,0.9989078096755862,2.9902224913516195
967,0.5,825.6717100435941,17.43282899564059,3.690143084443075,3.6213891371400986,135.9404010909572,30.57748782121136,0.9989215382906024,2.9900785615957606
968,0.5,825.5431351185193,17.44568648814807,3.6890295834709543,3.621018876281862,135.9533076486346,30.265248472286164,0.9988919488452784,2.9893072754490664
969,0.5,825.4145602368786,17.458543976312136,3.6858507297924716,3.6143683414174794,135.96620089371788,30.181027485402943,0.9988969986774637,2.983352255065205
970,0.5,825.2859853981327,17.47140146018673,3.6917778052192016,3.62376116660109,135.97908085364156,30.58799692803211,0.9988697349457564,2.990639305225867
971,0.5,825.1574106017489,17.484258939825114,3.6900836677661486,3.627175022844877,135.99194755575547,30.52239910455139,0.9988755347298093,2.9929903496500176
972,0.5,825.0288358472004,17.497116415279955,3.687169980723475,3.6199562906543443,136.00480102732507,30.271893364958796,0.9989523550936472,2.9865683242963037
973,0.5,824.9002611339681,17.50997388660319,3.687469381613129,3.6144922087853932,136.0176412955317,30.703985812534683,0.9988519148465176,2.981595566893764
974,0.5,824.7716864615384,17.52283135384617,3.6906985703637143,3.6257956199770467,136.0304683874731,30.3878704057812,0.9989269295236441,2.990453568253328
975,0.5,824.6431118294047,17.535688817059537,3.6922629028645737,3.6228467713124024,136.04328233016366,31.050964752476215,0.99890000070281,2.987555635176171
976,0.5,824.5145372370661,17.548546276293397,3.687595453417946,3.6198600443882314,136.05608315053476,30.64468094603809,0.9989730610594412,2.984627229361708
977,0.5,824.3859626840285,17.561403731597146,3.6912359869554563,3.624310122850764,136.0688708754352,30.779712272233315,0.9989253010999546,2.987830389691797
978,0.5,824.2573881698037,17.574261183019637,3.6910396549101523,3.62144271119792,136.08164553163138,30.2641918030327,0.9989265992819188,2.98500091053857
979,0.5,824.1288136939094,17.587118630609066,3.694826042272825,3.629201879499187,136.0944071458077,30.384280932142566,0.9989857812674171,2.990929839607371
980,0.5,824.0002392558696,17.599976074413036,3.685711038999138,3.6169017672955763,136.10715574456705,30.719226702016126,0.9988823381462185,2.9803279216165324
981,0.5,823.871664855214,17.6128335144786,3.6882439266440943,3.6196739839692254,136.11989135443082,30.442963781895525,0.9988767069062953,2.982146831405831
982,0.5,823.7430904914784,17.625690950852157,3.687256143119567,3.6145096650995,136.13261400183958,30.321505101232546,0.9989107510309598,2.9774273621403804
983,0.5,823.6145161642037,17.638548383579632,3.691429613397392,3.6213667627446657,136.14532371315318,30.253634830737916,0.9989960151919387,2.9826102341510765
984,0.5,823.4859418729375,17.651405812706255,3.6871226417185627,3.6193274083077323,136.1580205146511,30.341943478645838,0.9988797109879176,2.9804652397768305
985,0.5,823.3573676172321,17.66426323827679,3.6901745721542327,3.6234726922102816,136.17070443253294,31.009874974609204,0.998949009506292,2.9834129374911824
986,0.5,823.228793396646,17.677120660335397,3.689701791854933,3.623483820669514,136.18337549291851,30.325212988907076,0.9989760116952833,2.9829562135820327
987,0.5,823.1002192107428,17.689978078925716,3.690451344896017,3.623822704530314,136.19603372184835,30.81955232918794,0.9988414144139524,2.9827692624797684
988,0.5,822.9716450590918,17.70283549409082,3.6871104361755687,3.6194029473401192,136.2086791452839,30.68919533102376,0.9989440662239937,2.978665997704223
989,0.5,822.8430709412676,17.715692905873247,3.6895837388097514,3.6209195454894,136.22131178910794,31.028764078368585,0.9989327070873795,2.9794485584417565
990,0.5,822.7144968568496,17.72855031431504,3.690856190141604,3.626324846209951,136.23393167912485,31.03633104835755,0.9989310273210645,2.983430021289112
991,0.5,822.5859228054231,17.74140771945769,3.690806711692202,3.6234814541602307,136.2465388410609,30.984614138639262,0.9990290883527487,2.98062483573873
992,0.5,822.4573487865782,17.754265121342183,3.6872576520370854,3.6168698819427147,136.25913330056468,31.143676716936838,0.9989242779374542,2.974721214008629
993,0.5,822.3287747999103,17.76712252000897,3.6884799203265346,3.6182616851062654,136.27171508320717,30.955514572766624,0.9989429037937227,2.975400698418894
994,0.5,822.2002008450195,17.779979915498057,3.693347506106986,3.6249317761180087,136.28428421448243,30.950473593418028,0.9989974944913698,2.9804196343737197
995,0.5,822.0716269215111,17.792837307848885,3.6864564649513603,3.6151478718750463,136.29684071980748,30.76714125547836,0.9988860859742733,2.9719104925941577
996,0.5,821.9430530289955,17.80569469710046,3.6884736174764168,3.6183361589876175,136.30938462452298,30.647051867849434,0.9988694273251859,2.9740662694034907
997,0.5,821.8144791670874,17.818552083291262,3.6867493812804453,3.6197439553878836,136.32191595389332,30.734590012972763,0.9989634863871074,2.9747579934153063
998,0.5,821.6859053354067,17.831409466459334,3.6903450523175123,3.6234496946835666,136.33443473310695,30.928724428584605,0.9988687142705754,2.9773375428133697
999,0.5,821.5573315335778,17.84426684664222,3.688296533402816,3.620947653731928,136.3469409872767,30.989034485565035,0.9989466991729452,2.9748160920227718
1000,0.5,821.42875776123,17.857124223876998,3.688861770072149,3.6201231881092704,136.35943474144025,30.789244332185152,0.9988564664986843,2.9736732933512218
1001,0.5,821.3001840179971,17.86998159820029,3.6909751339153822,3.625106050148065,136.37191602056015,30.99871254420786,0.9989638717204,2.9773002660713606
1002,0.5,821.1716103035175,17.88283896964825,3.6912660706569014,3.6174217068082744,136.3843848495242,30.793296779193973,0.9988426211014372,2.9705240081266493
1003,0.5,821.0430366174337,17.895696338256627,3.6873571877922773,3.618760347584669,136.39684125314594,31.086342852301893,0.9989305862675012,2.9711579845716765
1004,0.5,820.9144629593934,17.908553704060658,3.6897177376083903,3.62686996352861,136.40928525616468,30.809449602238487,0.9988664567422144,2.9773500083336435
1005,0.5,820.7858893290478,17.921411067095217,3.686459400318637,3.615629750142052,136.42171688324603,30.776426501708407,0.9988368247676226,2.967657879954907
1006,0.5,820.6573157260531,17.934268427394695,3.690115921053081,3.622825535312688,136.43413615898203,30.53256640132182,0.9989189779291822,2.973098279153512
1007,0.5,820.5287421500697,17.947125784993034,3.6902646932867817,3.620145605099359,136.44654310789144,30.974126821752026,0.998877849906593,2.97043351975228
1008,0.5,820.4001686007618,17.959983139923818,3.690399044428106,3.6265424918907367,136.4589377544201,30.85661504905566,0.9988499265616088,2.9752160717849874
1009,0.5,820.271595077798,17.9728404922202,3.6893937198741567,3.6214012315089725,136.4713201229413,30.50735074568439,0.9988505396142318,2.970532564586567
1010,0.5,820.1430215808512,17.985697841914885,3.688445328390401,3.622808549568889,136.4836902377559,31.016794367638475,0.9989734229969481,2.971221150452369
1011,0.5,820.0144481095982,17.99855518904018,3.6891111662580642,3.626756988105975,136.49604812309263,30.523297228862592,0.9989353835505862,2.9739931300293496
1012,0.5,819.8858746637197,18.011412533628025,3.688709947073544,3.624929962225264,136.50839380310856,30.79253279149744,0.9988616529221445,2.9720288726737856
1013,0.5,819.7573012429007,18.02426987570993,3.689669124426254,3.618042767754909,136.5207273018891,30.52689707381206,0.9989594895493293,2.965916975076159
1014,0.5,819.6287278468299,18.037127215317017,3.689137100000715,3.623437350585243,136.5330486434486,30.53219110813941,0.9989779250138145,2.9698733460928706
1015,0.5,819.5001544751997,18.049984552480037,3.688819366274078,3.6146745825046596,136.54535785173033,30.5312868774148,0.9988431272379967,2.9622263787401466
1016,0.5,819.3715811277065,18.062841887229354,3.686234664130621,3.6194873213781458,136.557654950607,30.915411761099765,0.9989424548134178,2.9657050493892982
1017,0.5,819.2430078040504,18.075699219594952,3.6876800113457873,3.6209901675100253,136.56993996388084,30.37100632246025,0.9988886841015863,2.9664708760598053
1018,0.5,819.1144345039357,18.088556549606427,3.6888293480133876,3.618827293707531,136.58221291528406,30.84728088108335,0.9989116058333597,2.9642336722526523
1019,0.5,818.9858612270696,18.101413877293048,3.69008138646842,3.622694709782099,136.59447382847895,31.109441583477004,0.998888645015237,2.966935746853641
1020,0.5,818.8572879731634,18.114271202683664,3.6904344689790074,3.6229635417361155,136.60672272705833,30.901498227381445,0.9989192573554029,2.966690100211682
1021,0.5,818.7287147419316,18.127128525806835,3.684810764517502,3.6222537348577197,136.61895963454563,30.559690768940513,0.9988726633511753,2.9656431448092224
1022,0.5,818.600141533093,18.1399858466907,3.68847141134761,3.616225810277539,136.63118457439532,31.363765214458844,0.9988814149690879,2.9602429601088174
1023,0.5,818.4715683463694,18.152843165363063,3.687740663467525,3.616929930447919,136.64339756999317,30.976826044491855,0.998982106323808,2.960354312772633
1024,0.5,818.3429951814858,18.16570048185142,3.6896460802585342,3.6189957109255912,136.65559864465635,31.248262781202065,0.9989264067870613,2.9615797896277987
1025,0.5,818.2144220381709,18.178557796182904,3.6876480289407643,3.6190980852191053,136.66778782163394,30.896544403479297,0.9989239966547031,2.9611982480970016
1026,0.5,818.0858489161571,18.19141510838429,3.6890883847371563,3.620820152484714,136.67996512410699,31.42169916946738,0.9990537425657812,2.962141728218187
1027,0.5,817.9572758151794,18.20427241848206,3.6894234657121467,3.6183257632123853,136.69213057518888,30.553502254886723,0.9989526279671107,2.959635884289083
1028,0.5,817.8287027349767,18.217129726502336,3.685821594644682,3.6169240360152517,136.70428419792563,30.992769031932983,0.998920969331607,2.9580242922653093
1029,0.5,817.7001296752909,18.229987032470905,3.6882526929285664,3.6254077918479073,136.71642601529604,31.11887624776817,0.9988882578600214,2.964496421519844
1030,0.5,817.5715566358671,18.242844336413288,3.690620810568762,3.6217046862257622,136.728556050212,30.730836626209296,0.9988913351609375,2.9610027379930113
1031,0.5,817.4429836164536,18.255701638354637,3.6914116203487928,3.621364129740902,136.74067432551885,30.870036993073114,0.9989626308121194,2.9602586989770048
1032,0.5,817.314410616802,18.2685589383198,3.6896470853349186,3.6219919188258802,136.7527808639955,30.69755004200588,0.99902808548702,2.960306190393994
1033,0.5,817.1858376366665,18.28141623633335,3.690667742051149,3.615179654264345,136.7648756883547,31.294112396798067,0.998847153692284,2.954273613977043
1034,0.5,817.0572646758051,18.294273532419492,3.68627936487653,3.6157970803350294,136.77695882124337,31.285928498905253,0.9988977504910926,2.9543132720813015
1035,0.5,816.928691733978,18.307130826602204,3.6894369640955866,3.616032426058168,136.78903028524286,31.23693520948225,0.9988979239111692,2.9540406390873417
1036,0.5,816.8001188109487,18.31998811890513,3.6864294279132337,3.619003341535673,136.8010901028691,31.066961622158697,0.9989154511448192,2.9560023593435583
1037,0.5,816.671545906484,18.332845409351606,3.6915831383286957,3.624927458799136,136.81313829657293,31.376380339883557,0.9989083749129273,2.960375111576353
1038,0.5,816.5429730203531,18.345702697964693,3.689211691509168,3.6233916401076782,136.82517488874035,31.279023299659997,0.9988943734183617,2.958654982230617
1039,0.5,816.4144001523282,18.358559984767176,3.692756539906601,3.6246840029177996,136.8371999016927,30.938594064769212,0.9989330348835317,2.959244215983875
1040,0.5,816.2858273021847,18.37141726978153,3.6872657209791564,3.61390310461665,136.84921335768712,31.559586555592226,0.9989640700953798,2.949977885541936
1041,0.5,816.1572544697,18.38427455303,3.6871215327829705,3.6191022162165454,136.8612152789164,31.135629257395216,0.9988863733653339,2.9537565284325025
1042,0.5,816.0286816546551,18.397131834534484,3.691827966776014,3.621907825882985,136.87320568750968,31.252005163105835,0.9988791642291875,2.9555806682299703
1043,0.5,815.9001088568334,18.40998911431666,3.689968352009766,3.6261753412087208,136.8851846055323,31.1023284721702,0.9988861959156697,2.9585968556261606
1044,0.5,815.7715360760208,18.42284639239792,3.6893896252845835,3.6231156169447423,136.89715205498638,30.83729842293183,0.998890768032718,2.955634592216032
1045,0.5,815.6429633120057,18.43570366879943,3.6924625943929215,3.628198915623457,136.90910805781087,30.77244997186352,0.9988445129703029,2.9593149150245224
1046,0.5,815.5143905645799,18.448560943542013,3.6863640199046506,3.614559137784812,136.92105263588172,30.891955924053633,0.9989065569818434,2.9477249924102145
1047,0.5,815.3858178335372,18.461418216646276,3.6861556349834044,3.6181529367610645,136.93298581101234,30.111894331224878,0.9989172486542373,2.950190591387735
1048,0.5,815.2572451186741,18.474275488132598,3.6921310831499285,3.620013300883578,136.94490760495373,30.12466786611511,0.9989184988884341,2.9512420709713036
1049,0.5,815.1286724197895,18.48713275802105,3.6903090688920583,3.6206054088440176,136.95681803939462,31.06290576389657,0.9989746392728504,2.951259280266933
1050,0.5,815.000099736685,18.499990026331503,3.692278742686037,3.6255884314520785,136.96871713596187,30.629199816373113,0.9989184707954095,2.9548549332376157
1051,0.5,814.8715270691647,18.512847293083535,3.686891717200112,3.6183547409292647,136.98060491622067,30.93329634848137,0.9988813665523167,2.9484942532189815
1052,0.5,814.7429544170346,18.52570455829654,3.691946892340792,3.6227676429514974,136.9924814016747,30.567142315518485,0.9989288057882475,2.9516244125847395
1053,0.5,814.6143817801039,18.538561821989607,3.6902490791169025,3.6219000532911343,137.00434661376636,30.784684493052737,0.9988881229509334,2.9504518727810827
1054,0.5,814.4858091581838,18.55141908418162,3.6876915194340167,3.6176693876741575,137.0162005738771,30.81232201100594,0.9988986051276738,2.9465403784865773
1055,0.5,814.3572365510876,18.56427634489124,3.686149830856013,3.6183761310772096,137.0280433033276,30.793863394952748,0.9989534261068893,2.946650786906452
1056,0.5,814.2286639586314,18.577133604136865,3.689616222243208,3.6256136011403544,137.03987482337797,30.62500067036623,0.9989800459694906,2.9520785184867533
1057,0.5,814.100091380633,18.589990861936702,3.688612865473868,3.6219437323070376,137.05169515522806,31.30692585778422,0.9989574592750308,2.94862472344667
1058,0.5,813.9715188169132,18.60284811830868,3.688961471034057,3.621793443328722,137.06350432001759,31.01820853960529,0.9989456962433434,2.948036709907418
1059,0.5,813.8429462672942,18.615705373270576,3.6870470272657436,3.6197230273480314,137.07530233882642,31.51324764936247,0.9990095512037376,2.9458860532484916
1060,0.5,813.7143737316013,18.628562626839873,3.6909590434310062,3.6267995663253494,137.0870892326748,31.214225099146965,0.9989618334997193,2.951178937762475
1061,0.5,813.5858012096613,18.641419879033872,3.6927052270046925,3.6239930329079058,137.09886502252354,30.586533888560833,0.9989005415496347,2.948429275256609
1062,0.5,813.457228701303,18.65427712986969,3.6891793946675424,3.618152293130095,137.11062972927434,30.709214414571573,0.9988843222547665,2.9432121373888718
1063,0.5,813.3286562063586,18.667134379364146,3.686339703024001,3.620516499577185,137.12238337376988,31.585688809330502,0.9989426547201763,2.944669819374061
1064,0.5,813.2000837246604,18.679991627533955,3.6860028258970337,3.6180569863281677,137.13412597679405,30.82251506485,0.9989227869463456,2.942204244202659
1065,0.5,813.0715112560446,18.69284887439554,3.687138009467416,3.621513627983922,137.14585755907237,31.296411534606666,0.9988926842884547,2.944549558539248
1066,0.5,812.9429388003484,18.70570611996516,3.689785510630043,3.62139631803304,137.15757814127193,31.609657260403417,0.9988135499928079,2.943988565342541
1067,0.5,812.8143663574112,18.718563364258877,3.6895946477560972,3.6247390235915344,137.16928774400174,30.987105701376002,0.9988835883566136,2.9462399526715344
1068,0.5,812.6857939270749,18.731420607292513,3.689115749160079,3.6177660509238003,137.18098638781305,30.941881802298305,0.9988572477240031,2.9401070753374268
1069,0.5,812.5572215091826,18.744277849081747,3.688398377176341,3.613526113257079,137.1926740931994,30.92773910229049,0.9989362943031432,2.936196738439048
1070,0.5,812.4286491035798,18.75713508964202,3.6879886360364833,3.6181507691751014,137.20435088059685,31.38397550232491,0.9989871754437747,2.939489341654006
1071,0.5,812.3000767101139,18.769992328988604,3.6872635469260415,3.6222703746538585,137.21601677038433,30.594852894438482,0.9988659087312491,2.942370503196102
1072,0.5,812.1715043286341,18.782849567136584,3.689801880981306,3.621961070456782,137.22767178288373,31.16144714450456,0.9989513571247439,2.9416535712126346
1073,0.5,812.0429319589916,18.795706804100842,3.6883171361951286,3.621984991803981,137.2393159383601,30.984734481139817,0.9988766541336961,2.941207312255969
1074,0.5,811.9143596010393,18.80856403989607,3.6849650542841017,3.6183686576864633,137.25094925702203,30.87679749198633,0.9989583194147938,2.937805471505977
1075,0.5,811.7857872546318,18.82142127453682,3.6907265186040568,3.6214286622729333,137.26257175902163,31.169032589001013,0.9989177479702909,2.9398243175897214
1076,0.5,811.657214919626,18.834278508037407,3.68828934737566,3.6152764600684604,137.27418346445486,31.58229479784521,0.9988793804151057,2.934365222743651
1077,0.5,811.52864259588,18.847135740412003,3.689750658120569,3.62198184291321,137.28578439336178,31.241183790975445,0.9989186325174588,2.939342008486281
1078,0.5,811.400070283254,18.8599929716746,3.690508170130299,3.619247292352228,137.29737456572667,31.457621679667263,0.9989158931165852,2.9366575073870744
1079,0.5,811.27149798161,18.872850201838997,3.688754747033962,3.6188549820529903,137.30895400147833,31.152092480660365,0.9989364722328034,2.9358739022683418
1080,0.5,811.1429256908114,18.885707430918863,3.686324674544892,3.6125026762738797,137.32052272049012,31.088997074788765,0.9989425332039312,2.9302559898986806
1081,0.5,811.0143534107237,18.89856465892763,3.688062773094574,3.623510282769215,137.33208074258033,31.56595046940337,0.9989774684353264,2.938718849057184
1082,0.5,810.8857811412136,18.911421885878642,3.6915577276738203,3.623676565351105,137.3436280875124,31.352940914175242,0.9988731523741116,2.9383878022978407
1083,0.5,810.7572088821498,18.924279111785015,3.6832744211670914,3.6158130134528297,137.3551647749949,30.957050377275593,0.9988971129027641,2.9315464666267714
1084,0.5,810.6286366334026,18.937136336659744,3.683666901296085,3.6176761714369863,137.366690824682,31.133760956807965,0.9988775482608439,2.9325919026331118
1085,0.5,810.5000643948437,18.949993560515633,3.6863201588966916,3.6151932370161513,137.3782062561735,30.945930101986335,0.9988584480722186,2.930114351401394
1086,0.5,810.3714921663468,18.962850783365315,3.6857962217713505,3.616471947736801,137.38971108901512,31.104272589584124,0.9989498832820614,2.9306857686652057
1087,0.5,810.2429199477865,18.97570800522135,3.685111569461297,3.6150735113423287,137.4012053426986,30.944023219833674,0.998923874269353,2.9290877176559063
1088,0.5,810.1143477390397,18.988565226096032,3.6885020955060415,3.622342820623692,137.412689036662,31.768597029066445,0.9989067961854797,2.934511891416755
1089,0.5,809.9857755399844,19.00142244600156,3.6896591378064656,3.618698171440396,137.42416219028985,31.184808081388407,0.9989079000030763,2.9310940448392726
1090,0.5,809.8572033505003,19.014279664949974,3.6928691540073157,3.6207326601599683,137.43562482291338,31.188354896796707,0.9989075439811517,2.932276426236969
1091,0.5,809.7286311704682,19.027136882953176,3.687075058027575,3.619408851202804,137.4470769538106,31.23853781433507,0.9989124622158866,2.930738974730724
1092,0.5,809.600058999771,19.039994100022895,3.6871316520941635,3.620606159151208,137.45851860220674,30.96086432071187,0.9988877926881208,2.9312429600637526
1093,0.5,809.4714868382928,19.052851316170727,3.6902630022490546,3.6257216859815085,137.4699497872741,31.020645099964085,0.9989374565416246,2.9349183240132932
1094,0.5,809.3429146859186,19.06570853140814,3.6883899063762042,3.6227811828526715,137.48137052813252,31.284866929997303,0.9989910812433744,2.932072281799281
1095,0.5,809.2143425425357,19.078565745746424,3.6916180841192423,3.619951970571831,137.49278084384952,31.159106831962475,0.9988686177924062,2.9293170539018405
1096,0.5,809.0857704080325,19.09142295919675,3.6883835158412634,3.6141796487433306,137.50418075344038,30.760751914769475,0.9989570472364147,2.92418132549653
1097,0.5,808.9571982822985,19.10428017177015,3.6892189118226737,3.622721576853493,137.51557027586844,30.99716714821769,0.9988534165627678,2.9306266969682317
1098,0.5,808.8286261652247,19.117137383477534,3.68814258745287,3.6235276332872717,137.52694943004528,31.296908005789252,0.9989150352497937,2.930812877503472
1099,0.5,808.7000540567036,19.129994594329634,3.69087755584182,3.6232474210956465,137.53831823483077,31.334590645023294,0.9989271697783098,2.930120385300861
1100,0.5,808.571481956629,19.142851804337102,3.6881329163553906,3.6240782388043415,137.5496767090335,31.254405994598137,0.9988696881956611,2.9303263122767964
1101,0.5,808.4429098648961,19.155709013510393,3.689869783911574,3.6239292926674143,137.56102487141075,31.14990245603466,0.9989418277124342,2.929739942508679
1102,0.5,808.3143377814009,19.168566221859905,3.690651934598667,3.6118105783859753,137.57236274066878,30.77974026849452,0.998925568188952,2.9194782758599183
1103,0.5,808.1857657060414,19.18142342939586,3.686630030470282,3.6228974810523944,137.58369033546302,31.400075580305618,0.9989003768779042,2.927974174798818
1104,0.5,808.0571936387164,19.194280636128358,3.6886069618855215,3.6186698271428326,137.59500767439818,31.116005273083932,0.9989114630851492,2.924092185226136
1105,0.5,807.9286215793262,19.20713784206738,3.6904815584814776,3.6170371862624395,137.6063147760285,31.38652124260222,0.9988828050370494,2.9223078680981773
1106,0.5,807.8000495277721,19.219995047222792,3.688640176704168,3.617576001142146,137.61761165885798,31.363152399147943,0.9988515914766335,2.9222780728931053
1107,0.5,807.6714774839568,19.232852251604328,3.6884197077830305,3.618824350166275,137.62889834134037,30.82613707004794,0.9989260277487952,2.9228212096537156
1108,0.5,807.5429054477842,19.245709455221583,3.682828859752106,3.6128817157345208,137.64017484187957,30.884252419892107,0.9989178789922967,2.9175569977634304
1109,0.5,807.4143334191592,19.258566658084074,3.6877727609369817,3.6213979235825935,137.65144117882974,31.276510839554017,0.9988942943779034,2.923968590514967
1110,0.5,807.2857613979884,19.271423860201164,3.6906783451760727,3.620452536353741,137.66269737049538,31.33394976785391,0.9989761701084419,2.9227397824156083
1111,0.5,807.1571893841788,19.28428106158212,3.6897532425710398,3.6268649260136088,137.6739434351316,31.486290092055835,0.9988782892896128,2.927450099957202
1112,0.5,807.0286173776393,19.297138262236068,3.6905698175503763,3.624494241026608,137.6851793909443,31.27234943800153,0.9989316909741821,2.9250705760289195
1113,0.5,806.9000453782794,19.309995462172058,3.688249162739492,3.620895181374352,137.69640525609037,31.36978333651687,0.9988981045310462,2.921700486160958
1114,0.5,806.7714733860098,19.322852661399015,3.6917838383596147,3.6242986981368444,137.70762104867777,30.966556982668813,0.9989149350534628,2.9239808006868593
1115,0.5,806.6429014007427,19.33570985992572,3.6878002480381866,3.6198798878396374,137.7188267867657,31.443406903683723,0.9989227410488283,2.9199504154491605
1116,0.5,806.5143294223911,19.34856705776089,3.684994050352375,3.611425310091645,137.73002248836502,31.797320106821346,0.9989030108358602,2.912666262227614
1117,0.5,806.3857574508689,19.361424254913107,3.691059346903831,3.6237715602858946,137.74120817143807,31.222927629988956,0.9988198309202142,2.9221577744700586
1118,0.5,806.2571854860913,19.374281451390875,3.6893993266677256,3.622075031569894,137.75238385389906,31.913925472483363,0.9988940455480643,2.920324020572988
1119,0.5,806.1286135279746,19.38713864720254,3.688519980168932,3.61421400034223,137.76354955361424,31.21222540842492,0.9989163829532889,2.9135213210892767
1120,0.5,806.0000415764359,19.39999584235641,3.687658409648707,3.6161491914130908,137.774705288402,31.82532594321685,0.9989841340168345,2.9146163986255464
1121,0.5,805.8714696313938,19.41285303686062,3.6862159901811453,3.617619837615435,137.78585107603303,31.277166117091323,0.9989781552327043,2.9153366151068347
1122,0.5,805.7428976927672,19.425710230723283,3.6888194825073164,3.621712834916287,137.79698693423055,31.130918092180394,0.9989702034837175,2.9181693942165357
1123,0.5,805.6143257604766,19.438567423952335,3.6877389547117905,3.62442366724047,137.80811288067045,31.74487953861186,0.9988711948926617,2.9198876289542453
1124,0.5,805.4857538344436,19.451424616555645,3.689382983284065,3.6212036328222594,137.8192289329815,31.35646735646456,0.9989411507901809,2.9168279379718633
1125,0.5,805.3571819145898,19.464281808541017,3.688270486495648,3.6194397113668395,137.83033510874546,31.239108972176414,0.9988663510031689,2.914941766056154
1126,0.5,805.2286100008391,19.47713899991609,3.688466935492641,3.620082251655684,137.8414314254972,31.75704806336569,0.9988357572037945,2.914993799589414
1127,0.5,805.1000380931152,19.489996190688473,3.688530972180227,3.6243863590794203,137.85251790072505,31.236589332530585,0.9988512273626279,2.917993595759009
1128,0.5,804.9714661913436,19.50285338086565,3.6864451288475832,3.619887729388706,137.8635945518708,31.065865305444373,0.9989042892505432,2.91390633297408
1129,0.5,804.8428942954499,19.515710570455003,3.686952193483347,3.616288437924321,137.87466139632983,31.35953998907716,0.9988845006439387,2.910544052986182
1130,0.5,804.7143224053617,19.528567759463833,3.687547735091437,3.618442985303104,137.8857184514515,31.53782767477443,0.9988804673473102,2.9118128950806215
1131,0.5,804.5857505210064,19.541424947899365,3.689216357611617,3.618829159108255,137.89676573453912,31.32662906799983,0.9989051500822165,2.9116583749884177
1132,0.5,804.4571786423129,19.55428213576871,3.6848349710152806,3.613418164570974,137.90780326285008,31.268174595561888,0.9988518311211838,2.9068401819256504
1133,0.5,804.3286067692109,19.56713932307891,3.68779657922017,3.6166374470826614,137.91883105359622,31.20092288257688,0.998953686076033,2.9089649590013527
1134,0.5,804.200034901631,19.579996509836896,3.6924169268703544,3.6264338109638294,137.9298491239438,31.569432670639483,0.9989589991896781,2.9163781973455665
1135,0.5,804.0714630395046,19.592853696049538,3.6888726526563658,3.6191201571661726,137.9408574910137,31.51916848892953,0.9988859210020654,2.910031239688366
1136,0.5,803.9428911827639,19.605710881723613,3.683826939700976,3.612326896796671,137.9518561718817,31.242726558423183,0.9989268083312138,2.9041045293079772
1137,0.5,803.814319331342,19.618568066865805,3.6872668098887207,3.6128861333683675,137.96284518357845,31.488568030443016,0.9989168771004202,2.904089608115138
1138,0.5,803.6857474851728,19.631425251482725,3.689759745423159,3.6218657312971962,137.97382454308976,32.220034371548515,0.9988590871640344,2.9108418675485193
1139,0.5,803.557175644191,19.644282435580894,3.690847770109257,3.6246184412659366,137.98479426735676,31.31795857388641,0.9988959668794325,2.912588157451506
1140,0.5,803.4286038083322,19.657139619166774,3.6867134504655468,3.6173438395506685,137.99575437327593,31.381367541491226,0.9988800420107343,2.9062775105048653
1141,0.5,803.300031977533,19.669996802246704,3.6881875153500743,3.6160767499603463,138.00670487769943,31.85736166097165,0.998946105768774,2.9047945688763597
1142,0.5,803.1714601517303,19.682853984826963,3.6867997346327552,3.620378974615219,138.01764579743514,31.210294080517524,0.9988129134822663,2.9077850673443293
1143,0.5,803.0428883308621,19.6957111669138,3.6888123626060114,3.621437706833389,138.0285771492468,31.30962503775987,0.9989283381277804,2.908169796005778
1144,0.5,802.914316514867,19.7085683485133,3.692095828310818,3.632113209635657,138.03949894985425,31.2752600906511,0.9989182754123236,2.9162756952192335
1145,0.5,802.7857447036846,19.721425529631542,3.685710007986226,3.625179258200999,138.05041121593356,31.412106452247333,0.9989448566908461,2.91024223047924
1146,0.5,802.6571728972551,19.734282710274485,3.6883483479044177,3.6161465052283397,138.06131396411715,31.486520742909835,0.99883408989398,2.902525930668868
1147,0.5,802.5286010955194,19.74713989044805,3.6868718283335133,3.6170313779571575,138.0722072109939,31.621769292609873,0.9987880992402983,2.9027711318705567
1148,0.5,802.4000292984192,19.759997070158075,3.6880127859281626,3.626630229106324,138.08309097310945,31.274479953767635,0.9989178926307265,2.9100082020894473
1149,0.5,802.271457505897,19.772854249410297,3.6872899794507585,3.609776345139889,138.0939652669662,31.267089255375552,0.9988673401900032,2.8960205296856887
1150,0.5,802.1428857178959,19.78571142821042,3.689822548458725,3.620664893775109,138.1048301090235,31.50533654388111,0.9989350897958674,2.904290586110245
1151,0.5,802.0143139343595,19.79856860656405,3.688379134545927,3.618826482431885,138.11568551569798,31.777608375451162,0.9988325308079833,2.9023506385550997
1152,0.5,801.8857421552327,19.811425784476732,3.6877006619514114,3.622397375598961,138.12653150336325,30.940818268313144,0.9988617245328417,2.9047488079133403
1153,0.5,801.7571703804607,19.824282961953934,3.688418060818768,3.6200367567570977,138.13736808835054,31.487673393836012,0.9989226674526798,2.9023904267708307
1154,0.5,801.628598609989,19.837140139001097,3.686324616268398,3.620188868540848,138.1481952869487,31.652694417488583,0.9989918449541708,2.902046929391882
1155,0.5,801.5000268437647,19.849997315623536,3.689783194825739,3.622358462378346,138.15901311540404,32.024829697587855,0.9988608383815408,2.9033204048339827
1156,0.5,801.3714550817346,19.862854491826543,3.6874958330331813,3.6131603519489888,138.16982158992096,31.866860453520268,0.9989836226108648,2.8954835686849933
1157,0.5,801.2428833238467,19.875711667615327,3.6871035982286497,3.614361852232345,138.18062072666174,31.94887965606176,0.9988639632649241,2.8959817118583633
1158,0.5,801.11431157005,19.888568842995003,3.687058009337318,3.6225808214323707,138.1914105417469,31.50952115793319,0.9988914205348992,2.90210134086866
1159,0.5,800.9857398202931,19.901426017970692,3.691282848219545,3.6239543945598545,138.20219105125514,31.303647583342173,0.9989759220695612,2.9027357918015277
1160,0.5,800.857168074526,19.9142831925474,3.684568719717962,3.6184847014913144,138.21296227122363,31.775626085667895,0.9988744016206186,2.8978894107573305
1161,0.5,800.7285963326991,19.92714036673009,3.686485919195531,3.6140368482372325,138.2237242176482,32.152985747933776,0.9989067073656641,2.893862652583651
1162,0.5,800.6000245947638,19.939997540523624,3.6867747578247845,3.6193792678219086,138.23447690648328,32.00138333834886,0.9989163424048423,2.897675130835998
1163,0.5,800.4714528606712,19.952854713932876,3.6894222543890804,3.623161678484317,138.24522035364228,31.663339581025735,0.9989161438115827,2.900237492725449
1164,0.5,800.3428811303739,19.965711886962612,3.687789822325763,3.6156848002358295,138.2559545749975,31.27132361079755,0.9989227595737231,2.893787590280044
1165,0.5,800.2143094038249,19.978569059617513,3.6865960533361015,3.6173995436368918,138.26667958638046,31.582827716886936,0.9989486570594347,2.8946948776491066
1166,0.5,800.0857376809771,19.991426231902288,3.6885650709481936,3.6203457852237744,138.27739540358195,31.576902401873063,0.9988931568731167,2.8965870282309796
1167,0.5,799.9571659617851,20.00428340382149,3.687317624755625,3.618922380626695,138.28810204235216,31.151342924285235,0.9988989839122702,2.8949828914418076
1168,0.5,799.8285942462034,20.017140575379667,3.6887248290699874,3.6207552146252695,138.29879951840084,31.35103827041513,0.9988788303756493,2.89598355342334
1169,0.5,799.7000225341867,20.02999774658133,3.687220451420358,3.6164457922873505,138.30948784739752,31.314940320157067,0.9988454783875206,2.8920717815858588
1170,0.5,799.571450825691,20.042854917430898,3.687992476036891,3.6199888419139694,138.32016704497144,31.730112207965526,0.9988561401389553,2.8944397303019653
1171,0.5,799.4428791206728,20.05571208793272,3.6887365396850234,3.618974744039028,138.33083712671197,31.542770103169115,0.9988533643163986,2.89316358883956
1172,0.5,799.3143074190884,20.068569258091152,3.6869401471764225,3.619920326227189,138.34149810816845,31.64195104035374,0.998893385889538,2.893454108470566
1173,0.5,799.1857357208957,20.081426427910433,3.6859490895011673,3.6251442795633047,138.35215000485053,31.02337226380519,0.9987980614296649,2.8971635981571957
1174,0.5,799.0571640260522,20.094283597394778,3.6868937494516,3.6183105944731895,138.36279283222822,32.24063121200606,0.9989250604040774,2.8912370021851657
1175,0.5,798.9285923345165,20.10714076654836,3.6885373602888816,3.6221095759769226,138.37342660573216,31.742809234043193,0.9988015309299424,2.893806904816615
1176,0.5,798.8000206462472,20.119997935375288,3.68843768332043,3.6198975572794265,138.38405134075344,32.37089730008537,0.9988631519297505,2.891574243492106
1177,0.5,798.6714489612039,20.13285510387961,3.690435038220178,3.6171571617389637,138.39466705264414,32.18554901372291,0.9989057438474975,2.8889201514864538
1178,0.5,798.5428772793466,20.145712272065342,3.6895865458376433,3.6224953449733777,138.40527375671715,31.934770992608797,0.9989039058058423,2.89271785570608
1179,0.5,798.4143056006357,20.158569439936436,3.68659289566445,3.6169058831094287,138.41587146824637,31.507513346929098,0.9988933079737841,2.8877893990856682
1180,0.5,798.285733925032,20.1714266074968,3.684679421077224,3.615982900484608,138.42646020246704,32.036042229353285,0.998958952505549,2.886587563573721
1181,0.5,798.157162252497,20.1842837747503,3.690517062200547,3.6217559682420752,138.43703997457555,31.70232561599816,0.9988860093459183,2.890730465983139
1182,0.5,798.0285905829927,20.19714094170073,3.68866643414042,3.6215939491913502,138.44761079972986,31.855728138525773,0.9988314148937819,2.890135514937068
1183,0.5,797.9000189164813,20.20999810835188,3.6906301070322516,3.622833465382069,138.4581726930494,32.057205872868735,0.9989011962460496,2.8906588905596142
1184,0.5,797.7714472529253,20.222855274707463,3.6873442998515915,3.6239225789611025,138.4687256696154,31.44476442779853,0.9988141073275538,2.8910619605503523
1185,0.5,797.6428755922888,20.235712440771124,3.6918501660275105,3.623331713100707,138.47926974447088,31.642917737936315,0.9988691767838945,2.8901247268623815
1186,0.5,797.5143039345347,20.24856960654653,3.6838386974467343,3.62019560777138,138.48980493262087,31.98883192704265,0.9989238423961707,2.887157780238652
1187,0.5,797.3857322796279,20.26142677203722,3.689492489316041,3.6174983284375184,138.50033124903237,31.920375432160547,0.9989525428227416,2.8845415536414802
1188,0.5,797.2571606275324,20.27428393724676,3.6834255823043573,3.615958050137877,138.51084870863477,32.01269427572328,0.9989032456597653,2.882848448001192
1189,0.5,797.1285889782137,20.28714110217863,3.6860565817801194,3.6162992175758166,138.52135732631967,31.656829870872006,0.9989162278307355,2.8826554926292287
1190,0.5,797.0000173316371,20.299998266836294,3.6867558153902933,3.6197831472400455,138.53185711694124,31.6444988375296,0.9988720078076184,2.884967231087084
1191,0.5,796.8714456877685,20.31285543122314,3.6901493537922763,3.6203959734337587,138.5423480953162,31.965198968767822,0.998833043765449,2.8849901733123353
1192,0.5,796.7428740465745,20.325712595342548,3.6908463271705165,3.6172133935503226,138.55283027622397,31.84050861658791,0.9988866012189527,2.8819889952170468
1193,0.5,796.6143024080219,20.33856975919781,3.68627074257547,3.616165922874934,138.56330367440685,32.18767947259591,0.9989846901568986,2.880689494042676
1194,0.5,796.4857307720774,20.35142692279226,3.6873158594185695,3.616956578835836,138.57376830457014,31.259476575675976,0.9989834130063342,2.880854303864934
1195,0.5,796.3571591387091,20.364284086129093,3.685649282489172,3.6136274249756593,138.5842241813822,31.860014598880344,0.9989342742267258,2.8777380703393445
1196,0.5,796.2285875078849,20.377141249211515,3.6908202373759456,3.6280467309663975,138.59467131947466,32.060436511242976,0.998873477774812,2.888754524009974
1197,0.5,796.1000158795729,20.389998412042708,3.6864523957704556,3.6166143396871306,138.60510973344242,32.08133425387772,0.9989451445457757,2.8791867332552155
1198,0.5,795.9714442537423,20.402855574625768,3.6889921403765316,3.6140010217233445,138.61553943784392,31.675864607940543,0.9989701487082737,2.876641612795631
1199,0.5,795.842872630362,20.415712736963798,3.686684398739101,3.6171304103118334,138.62596044720115,32.66946821383766,0.9988935319105744,2.8786674564212094
1200,0.5,795.7143010094017,20.428569899059834,3.69058972351404,3.6267876705935027,138.63637277599977,32.08459540844732,0.9988753974662419,2.885886816215825
1201,0.5,795.5857293908313,20.441427060916872,3.6831750899871945,3.6112748912989914,138.64677643868941,32.05585156148002,0.9989266551858553,2.873078768424903
1202,0.5,795.4571577746212,20.45428422253788,3.6900719708802914,3.6174257986937084,138.6571714496835,31.928405649586956,0.9987944659732303,2.8775072442894865
1203,0.5,795.3285861607418,20.467141383925824,3.685954098021373,3.6182082298464397,138.66755782335957,31.219612412267345,0.9989377210107094,2.877664435878929
1204,0.5,795.2000145491644,20.479998545083554,3.691373288050114,3.6177260581613893,138.67793557405946,31.802338839621527,0.998982723625596,2.8768158140848277
1205,0.5,795.0714429398603,20.49285570601397,3.6887055585583273,3.6205534143572113,138.68830471608914,31.917966654376176,0.9988281240700129,2.878598627393826
1206,0.5,794.9428713328014,20.50571286671986,3.6874229005132824,3.621933566698577,138.69866526371914,31.917521253348195,0.9989327132545268,2.8792302692880214
1207,0.5,794.8142997279597,20.51857002720403,3.6869653664729443,3.61499653864635,138.7090172311845,31.767777522002593,0.9988438912122519,2.8732509423831964
1208,0.5,794.6857281253076,20.53142718746924,3.684956526911785,3.615537149482722,138.7193606326849,31.834224343758716,0.9988494374221455,2.873215772200776
1209,0.5,794.557156524818,20.544284347518204,3.689065567781748,3.61690595984357,138.72969548238484,32.036247725141685,0.9989212904179195,2.8738385148709744
1210,0.5,794.4285849264639,20.557141507353606,3.6909976328671803,3.622653778626771,138.74002179441365,32.15116281163182,0.9989000211963757,2.8779397150329733
1211,0.5,794.3000133302189,20.56999866697811,3.6848436273119582,3.6180356254043042,138.75033958286576,32.42381639092318,0.998889985975827,2.8738057454878456
1212,0.5,794.1714417360569,20.582855826394308,3.6918378398025373,3.6252291007077835,138.76064886180063,32.526008468993396,0.9988870547980211,2.879053421532609
1213,0.5,794.042870143952,20.59571298560481,3.685873230553794,3.616655688038645,138.77094964524304,31.713557232261163,0.9989059513632206,2.8717796628526546
1214,0.5,793.9142985538783,20.60857014461217,3.6871515849131784,3.6182544995388217,138.7812419471831,31.91012923599681,0.9988472301589144,2.8725839829907778
1215,0.5,793.7857269658108,20.621427303418915,3.6865683313151867,3.6209799436307466,138.7915257815764,31.923806188480043,0.9988288158277957,2.874282196883553
1216,0.5,793.6571553797247,20.63428446202753,3.6835858245280204,3.6132176478214912,138.80180116234408,32.03221123540494,0.998836760504874,2.867656040137825
1217,0.5,793.5285837955952,20.64714162044048,3.684037066538692,3.6163134848030007,138.81206810337304,32.91251962505653,0.9989392855601582,2.869648118156639
1218,0.5,793.4000122133982,20.65999877866018,3.6856107800048132,3.615846648746963,138.8223266185159,31.92434586847239,0.9988320112146539,2.8688127752776156
1219,0.5,793.2714406331095,20.67285593668905,3.684787990927453,3.614943401774316,138.8325767215913,32.2027633150788,0.9989081581853528,2.8676313601326653
1220,0.5,793.1428690547056,20.685713094529447,3.686221976033297,3.618328824705912,138.84281842638381,32.127806148549276,0.9988462946348093,2.8698517052105874
1221,0.5,793.0142974781627,20.698570252183735,3.6851452041030632,3.6176542082728624,138.85305174664427,32.31800846043401,0.9989156134454064,2.868851510492423
1222,0.5,792.885725903458,20.711427409654192,3.689931605042608,3.624900953441953,138.86327669608966,31.524352877265322,0.9989191883300713,2.87413222379796
1223,0.5,792.7571543305687,20.72428456694313,3.6901973544489963,3.6241613376975956,138.87349328840338,32.41673742763417,0.9988657924688452,2.873079828908013
1224,0.5,792.628582759472,20.737141724052798,3.6889211744536983,3.621808166358564,138.88370153723534,31.81483443009463,0.9989046198753043,2.8707486739274706
1225,0.5,792.5000111901459,20.74999888098541,3.684886567176049,3.6128930944856403,138.89390145620197,32.09827089913452,0.998947570782784,2.8632178178086707
1226,0.5,792.3714396225682,20.76285603774317,3.687540699901746,3.6226909665849223,138.9040930588864,32.45251154378867,0.9988457727403186,2.870516856500568
1227,0.5,792.2428680567173,20.775713194328272,3.687331818344073,3.616364333520478,138.9142763588386,32.25840421202495,0.9989307362150395,2.865038851526282
1228,0.5,792.1142964925718,20.78857035074282,3.6859394429662173,3.619249476879446,138.92445136957542,31.62094387410412,0.9989536353000013,2.8668592532094714
1229,0.5,791.9857249301103,20.80142750698897,3.6826407991458234,3.6126361352171705,138.93461810458078,31.810481104916978,0.9989284535831275,2.8611562484586828
1230,0.5,791.8571533693122,20.814284663068783,3.688016529342616,3.6119695477067273,138.94477657730567,31.624949937465214,0.9988652139766842,2.860163924103691
1231,0.5,791.7285818101565,20.82714181898435,3.6898712694150273,3.6252875948747065,138.9549268011683,32.23888769064024,0.9989656332092515,2.8702438061441042
1232,0.5,791.600010252623,20.839998974737707,3.685989785210036,3.6177570683216005,138.9650687895543,32.07809440153573,0.998840409505588,2.863816532374878
1233,0.5,791.4714386966914,20.852856130330867,3.68678750218772,3.616229355989257,138.97520255581668,32.182540298509075,0.9989190839252095,2.862142251042027
1234,0.5,791.3428671423419,20.865713285765807,3.6863836957319203,3.6152954012780807,138.98532811327598,31.481240819955573,0.9989194942740487,2.8609382284139198
1235,0.5,791.2142955895548,20.87857044104452,3.6872660356206706,3.6176813414832765,138.99544547522044,32.22088435056236,0.9988693741714084,2.8623611942691665
1236,0.5,791.0857240383109,20.89142759616891,3.685537481394721,3.6142285695872216,139.0055546549061,31.959758283487083,0.9989049389871067,2.859164624811856
1237,0.5,790.9571524885906,20.904284751140935,3.6862457474394748,3.6154156298262103,139.01565566555675,31.669694420274165,0.9988735920630623,2.8596388516300837
1238,0.5,790.8285809403754,20.917141905962456,3.6839555989867523,3.6124604191725083,139.02574852036426,32.23627501693582,0.9989024556380992,2.856836946997469
1239,0.5,790.7000093936466,20.92999906063534,3.6871296145120582,3.61693801100417,139.03583323248853,32.35008396555047,0.9988348784219623,2.8599129192772343
1240,0.5,790.5714378483854,20.942856215161466,3.6883187717213124,3.6166464189055088,139.0459098150576,32.169186203728245,0.9988861098386846,2.859217359583342
1241,0.5,790.4428663045737,20.95571336954263,3.686340118779832,3.6177490670572747,139.0559782811678,31.897563117616528,0.9988329817359937,2.8596239421354497
1242,0.5,790.3142947621936,20.968570523780638,3.686452818547949,3.613155695302802,139.0660386438839,32.14069297468379,0.998863147799278,2.8555285951992375
1243,0.5,790.1857232212274,20.981427677877264,3.6848833910520367,3.616438193306516,139.07609091623905,32.22340017914766,0.9988842304455191,2.857657829262778
1244,0.5,790.0571516816572,20.994284831834285,3.6868188730220703,3.620015691044486,139.08613511123508,32.02722112123591,0.9989062747087859,2.8600192859095124
1245,0.5,789.9285801434659,21.007141985653412,3.6851257295232704,3.6172504012141564,139.09617124184248,32.07140405646946,0.9989191975891478,2.857369473454481
1246,0.5,789.8000086066362,21.019999139336377,3.6868417555875106,3.6150297376206146,139.10619932100045,31.75939675821843,0.9988828847344267,2.855150517886007
1247,0.5,789.6714370711516,21.03285629288485,3.686461489958316,3.613011777445596,139.11621936161714,32.5009834427879,0.9989443956884105,2.8530922024504592
1248,0.5,789.5428655369948,21.045713446300518,3.683303319476227,3.607323260945363,139.1262313765697,31.675547071053536,0.9989008553392247,2.8481363443650585
1249,0.5,789.4142940041496,21.058570599585035,3.6927242745515163,3.619610648196302,139.13623537870433,32.04197203058664,0.9989595885998913,2.857372384415786
1250,0.5,789.2857224726,21.07142775274,3.686366493345459,3.6201410094037834,139.14623138083638,32.42309699134911,0.9988913964762074,2.857325612059953
1251,0.5,789.1571509423293,21.08428490576707,3.689113554222408,3.62234318963397,139.15621939575055,31.727705673693684,0.9988840418449587,2.8585980312668933
1252,0.5,789.0285794133222,21.097142058667785,3.6860834676665117,3.6165893211560314,139.16619943620086,31.790172256482023,0.9988428627190198,2.8535923343931344
1253,0.5,788.9000078855626,21.109999211443743,3.6874455512248603,3.6178355338801484,139.1761715149108,32.57567487612922,0.9989031210836168,2.8541104812067175
1254,0.5,788.771436359035,21.1228563640965,3.690190986461766,3.624528996057352,139.18613564457357,32.50706836132618,0.9987157729718453,2.858924942345128
1255,0.5,788.6428648337245,21.135713516627554,3.6857725872604528,3.617564905711587,139.1960918378518,31.774473179881472,0.9988660342740916,2.852966750962328
1256,0.5,788.5142933096156,21.148570669038435,3.688648014797133,3.619187607143901,139.2060401073781,32.07248061829303,0.9989789662537717,2.853781158401992
1257,0.5,788.3857217866935,21.16142782133066,3.686458917581968,3.6201849171453966,139.2159804657548,32.167952780022596,0.9988972149773255,2.8541020989049746
1258,0.5,788.2571502649432,21.174284973505674,3.686578363513391,3.6144435944312394,139.22591292555433,32.12208763092097,0.9988238874880979,2.8491110075397468
1259,0.5,788.1285787443508,21.18714212556493,3.688509982020249,3.619231276840136,139.23583749931905,32.06225854948151,0.9989318068986209,2.852419602363118
1260,0.5,788.0000072249012,21.199999277509885,3.685195543468552,3.609669810731346,139.24575419956147,32.32642927859894,0.9988231278573444,2.844419836935808
1261,0.5,787.8714357065807,21.21285642934193,3.684481678947682,3.615342735881875,139.25566303876445,32.49560591734156,0.9988529858237865,2.8484252718906102
1262,0.5,787.7428641893749,21.22571358106251,3.685480166825312,3.6203661724676186,139.26556402938112,31.787680980674747,0.9989342253610708,2.8519176181139665
1263,0.5,787.6142926732704,21.23857073267297,3.688116564970898,3.616301610176098,139.27545718383504,32.17622188198558,0.998848744725672,2.848250834792056
1264,0.5,787.4857211582529,21.25142788417471,3.6859169181347706,3.61581587735646,139.28534251452027,32.010782684455336,0.9988092783542026,2.8474033737555127
1265,0.5,787.3571496443095,21.264285035569053,3.688666143341454,3.6172055625791857,139.2952200338015,32.46755309135429,0.9988838730506249,2.848032661429889
1266,0.5,787.2285781314264,21.277142186857358,3.6928592909888516,3.6248810065903774,139.30508975401423,31.83038130103406,0.9988228779444196,2.8536099207137564
1267,0.5,787.1000066195908,21.28999933804092,3.6854332443405933,3.614490040011205,139.31495168746463,31.744223626728598,0.9988350993819303,2.8449651344192644
1268,0.5,786.9714351087895,21.302856489121048,3.68724853969183,3.612896976044216,139.32480584642985,32.21572710656654,0.9989029640633105,2.8432467181377223
1269,0.5,786.8428635990097,21.315713640099034,3.685200814341547,3.6173453625333907,139.33465224315796,32.276947830532315,0.9989458953399662,2.8462823836823707
1270,0.5,786.7142920902387,21.32857079097613,3.688532277422389,3.618222152196409,139.34449088986818,32.209885061285505,0.9989142336338178,2.8465070790904177
1271,0.5,786.5857205824639,21.34142794175361,3.6879506626670597,3.6131951070162276,139.35432179875085,32.54081896749879,0.9988630086923239,2.842087676857392
1272,0.5,786.4571490756729,21.35428509243271,3.689455496199667,3.620310834410237,139.3641449819676,32.073694988101444,0.9988909603456253,2.847219337598045
1273,0.5,786.3285775698538,21.367142243014627,3.6900606697791054,3.6181249794360237,139.37396045165136,31.76141023877001,0.9988781015030621,2.845035068549885
1274,0.5,786.2000060649941,21.379999393500594,3.689690769719066,3.6247633747607595,139.38376821990656,32.58982076798711,0.9987847874092444,2.8497889872210775
1275,0.5,786.0714345610821,21.392856543891792,3.6866900327707506,3.6155590377674844,139.39356829880919,32.232778921489164,0.9988359671534864,2.842087679558172
1276,0.5,785.9428630581059,21.40571369418941,3.68660651412151,3.613352535126658,139.40336070040672,32.98745770932176,0.9988936248389828,2.839888636695711
1277,0.5,785.8142915560542,21.41857084439458,3.686113829624007,3.612688707927838,139.4131454367185,32.58450846704148,0.9989197172351174,2.8389024176328705
1278,0.5,785.6857200549151,21.43142799450849,3.6894651013552466,3.6207935266497504,139.42292251973555,32.16231086880256,0.9988540617299458,2.8448057691559847
1279,0.5,785.5571485546775,21.444285144532248,3.6856046928474337,3.6146731067500575,139.43269196142077,32.514162288445675,0.9988627908219877,2.8395322986958527
1280,0.5,785.4285770553302,21.45714229446698,3.6876942446423686,3.620231833063962,139.44245377370916,32.178063587995275,0.9989392102060359,2.843433537253837
1281,0.5,785.300005556862,21.469999444313803,3.6879585575255334,3.61938191206478,139.4522079685077,32.31221593697017,0.9988988711240522,2.842300635656877
1282,0.5,785.1714340592622,21.482856594073784,3.685389465175576,3.613143069117147,139.46195455769546,32.40079123607837,0.9989348333152581,2.836936725039994
1283,0.5,785.0428625625196,21.495713743748034,3.6866416147355197,3.618412201908593,139.47169355312383,32.26216450595203,0.9988508877981757,2.8406086729174715
1284,0.5,784.9142910666243,21.508570893337577,3.687119855059514,3.6185319383742724,139.48142496661652,32.130515017439954,0.9988602433876623,2.84023743111098
1285,0.5,784.7857195715649,21.521428042843517,3.6860968078313103,3.616900350124585,139.49114880996956,31.900352992384533,0.9989035728852952,2.8384917438911677
1286,0.5,784.6571480773316,21.534285192266832,3.687602608393024,3.618468259057829,139.5008650949516,32.17991690079311,0.9989037691587167,2.839256984560663
1287,0.5,784.528576583914,21.547142341608605,3.684865139790214,3.612826217213554,139.51057383330374,32.59399775246014,0.9988232542655897,2.8343654096355957
1288,0.5,784.400005091302,21.559999490869796,3.6857749562375606,3.614281541353645,139.52027503673983,32.554878449849376,0.9988175953686486,2.835042459439198
1289,0.5,784.2714335994852,21.572856640051473,3.6858783215891378,3.6128572247149973,139.52996871694648,32.86254565560337,0.9988756952954689,2.8334607150174884
1290,0.5,784.1428621084543,21.58571378915457,3.6860098690178242,3.616581167442088,139.53965488558305,32.63063198393535,0.9987857803351345,2.835916307685574
1291,0.5,784.0142906181993,21.598570938180075,3.684879003421555,3.6157594137490103,139.54933355428184,32.188198276457086,0.9988172219348422,2.8348070518165063
1292,0.5,783.8857191287105,21.61142808712895,3.685615247922599,3.6163055901335457,139.55900473464823,32.48056195074485,0.9989872607044833,2.8347703081110103
1293,0.5,783.7571476399783,21.624285236002173,3.6837470554400413,3.6095194969690323,139.56866843826057,32.02622860024294,0.9989378174574652,2.8289867052953377
1294,0.5,783.6285761519936,21.637142384800644,3.6852258394411335,3.610880039821522,139.57832467667046,32.637992629659536,0.9988520814811531,2.8295887842609933
1295,0.5,783.5000046647469,21.64999953352531,3.689240608307932,3.620090645175485,139.58797346140275,32.20144491998869,0.9989336914596784,2.836341037381799
1296,0.5,783.371433178229,21.6628566821771,3.6886340521458956,3.6233411074237103,139.59761480395554,32.28162592809736,0.9988729883411837,2.8384219162161033
1297,0.5,783.242861692431,21.675713830756905,3.689938759741988,3.6234697661269806,139.60724871580044,32.488578479270295,0.9988463277104334,2.8380568288773
1298,0.5,783.1142902073439,21.68857097926561,3.684892344171635,3.610790828038378,139.61687520838248,32.11991268924157,0.9988784042176293,2.8276618963864615
1299,0.5,782.9857187229587,21.701428127704126,3.6845955266784483,3.6169443013704887,139.62649429312034,31.649286436417707,0.9988485950595292,2.8320157333894818
1300,0.5,782.857147239267,21.71428527607331,3.685611048012985,3.617619147979925,139.63610598140633,32.585371919863356,0.9988270337903143,2.8320790059857117
1301,0.5,782.7285757562598,21.727142424374012,3.6874211769217475,3.61446508984486,139.64571028460645,32.52171858035482,0.9988274959980068,2.829145111894989
1302,0.5,782.600004273929,21.739999572607093,3.687212159829486,3.6217901575911613,139.65530721406057,33.052058794742074,0.9989427354929811,2.834412992810117
1303,0.5,782.471432792266,21.752856720773394,3.6848851311998874,3.613495667816078,139.66489678108246,32.165754456321324,0.9988578055905336,2.8274571325846924
1304,0.5,782.3428613112625,21.76571386887375,3.6834449334107933,3.6117166685620012,139.67447899695992,32.78676375247319,0.9989999469615151,2.8256007527283766
1305,0.5,782.2142898309104,21.778571016908966,3.6878022105812205,3.618569891335701,139.6840538729547,32.659040048484584,0.9988091151508456,2.83049707775467
1306,0.5,782.0857183512014,21.791428164879857,3.685233638114974,3.6178023525727325,139.69362142030278,32.39294112370559,0.9988696533894762,2.829431551764512
1307,0.5,781.9571468721276,21.804285312787243,3.688625852812487,3.6130540154896877,139.7031816502143,32.81874224865544,0.9988473668506203,2.8252534094472
1308,0.5,781.8285753936814,21.817142460631867,3.688036386060337,3.6181819762171914,139.71273457387375,32.69282564784534,0.9989375025682357,2.8287980599809814
1309,0.5,781.7000039158545,21.829999608414553,3.6848781073576937,3.617528989116225,139.72228020243995,32.631936545998116,0.9989590719125507,2.82782242495787
1310,0.5,781.5714324386396,21.842856756136044,3.6858380416732066,3.6195348306225235,139.73181854704623,32.704311488122165,0.9988656093550801,2.828925022331194
1311,0.5,781.4428609620288,21.855713903797113,3.6888888419475725,3.6179012098994647,139.74134961880043,32.765387142297385,0.9988826110044702,2.8271830721418234
1312,0.5,781.3142894860149,21.86857105139851,3.6870950926836423,3.6174234652540433,139.75087342878493,32.801339245561465,0.9988832068976947,2.8263446445250007
1313,0.5,781.1857180105903,21.881428198940966,3.6880325462857453,3.619951323309333,139.76038998805694,32.245084999468126,0.9989336570447184,2.827854273662788
1314,0.5,781.0571465357476,21.894285346425235,3.6898092897445327,3.621456715281589,139.7698993076483,32.630300642788825,0.9988447812123966,2.8285646483405595
1315,0.5,780.9285750614799,21.907142493852007,3.6894343354270105,3.614943047727012,139.77940139856577,32.55752618324908,0.9989647782689921,2.8230123231898587
1316,0.5,780.8000035877798,21.91999964122202,3.6854699948927325,3.617194157138295,139.788896271791,32.30210639275739,0.9989201240550608,2.8243052108712767
1317,0.5,780.6714321146402,21.932856788535982,3.684010195915629,3.6128742416060273,139.79838393828067,32.33438156558255,0.9988921913871472,2.820467708244672
1318,0.5,780.5428606420544,21.945713935794565,3.6834301475919156,3.618048805949851,139.80786440896642,32.624448263408006,0.9988625866437787,2.8240421649386658
1319,0.5,780.4142891700152,21.95857108299848,3.6898028830184253,3.619822806261857,139.81733769475522,32.61409146456546,0.9989013572490245,2.8249614422702565
1320,0.5,780.285717698516,21.971428230148405,3.689998783138953,3.6205579345864454,139.82680380652909,32.22254284921202,0.9988913283553296,2.8250696464578415
1321,0.5,780.15714622755,21.984285377244994,3.6876490938412085,3.6176534506050997,139.8362627551454,32.35368056021388,0.9988463614531167,2.822338192064324
1322,0.5,780.0285747571107,21.997142524288925,3.6834078239030297,3.6149283771020477,139.84571455143694,32.30393680564841,0.9988545595143405,2.819747429839946
1323,0.5,779.9000032871916,22.009999671280845,3.687813038047502,3.621123101421701,139.8551592062119,32.249324758597716,0.9988690354100436,2.82411391870211
1324,0.5,779.7714318177859,22.022856818221403,3.685998397753916,3.6175836502853764,139.86459673025405,32.25371391538678,0.9988464017590544,2.820888382703641
1325,0.5,779.6428603488877,22.035713965111235,3.687618649766639,3.61587189658384,139.8740271343226,32.26285371256763,0.9988858699054435,2.819088708107782
1326,0.5,779.5142888804902,22.048571111950977,3.6849381937753702,3.6141759201329857,139.8834504291526,32.96228215367284,0.9988775088926438,2.8173017722714557
1327,0.5,779.3857174125876,22.061428258741234,3.6864889852258487,3.6151309550955975,139.89286662545473,32.126488352461095,0.9988951225407674,2.817581432977635
1328,0.5,779.2571459451735,22.07428540548265,3.688789259558051,3.622625913487497,139.9022757339156,33.44459775423744,0.9988713988049083,2.822957130171294
1329,0.5,779.128574478242,22.08714255217581,3.6871512232307384,3.6138953376857237,139.9116777651975,33.14988120525995,0.9989356630611691,2.815689122764643
1330,0.5,779.0000030117868,22.099999698821314,3.688661511553312,3.6204908912799048,139.9210727299389,32.56019197371449,0.9987591063163269,2.8203624152111924
1331,0.5,778.8714315458025,22.11285684541975,3.6892324161599017,3.62127040206603,139.9304606387542,32.68300941490671,0.9988445923077808,2.8205040620716124
1332,0.5,778.7428600802828,22.12571399197173,3.6884596109204226,3.619385758967521,139.93984150223386,32.67159594819502,0.9988304826372238,2.8185708176722124
1333,0.5,778.6142886152221,22.138571138477793,3.684472879598792,3.6142298933502692,139.9492153309446,32.5853023845499,0.9988337405345366,2.81409103730279
1334,0.5,778.4857171506146,22.151428284938536,3.6901783210626116,3.6188831701913973,139.95858213542937,32.60323548129278,0.9988986622121162,2.8172488600307397
1335,0.5,778.3571456864548,22.164285431354514,3.6896456812005374,3.6173362929885124,139.96794192620737,32.572858794617126,0.9988218456213231,2.81557955199856
1336,0.5,778.2285742227372,22.177142577726283,3.688791461953553,3.6200811900326495,139.97729471377428,32.68183433739041,0.9988997053299857,2.8172506230896586
1337,0.5,778.1000027594561,22.1899997240544,3.6903179454783466,3.619994407134844,139.98664050860216,32.46483585664093,0.9988564554723217,2.8167176581808375
1338,0.5,777.971431296606,22.202856870339392,3.688740221944685,3.6205066555004572,139.99597932113966,32.78976684207724,0.998852892330656,2.816650744798579
1339,0.5,777.8428598341819,22.21571401658181,3.6877635543692135,3.6195635391732752,140.00531116181196,32.683244469407704,0.9988786402410456,2.8154516546620734
1340,0.5,777.7142883721784,22.228571162782163,3.687609823628191,3.618801085661995,140.014636041021,32.51317181500083,0.9988695380235137,2.8143933110960853
1341,0.5,777.58571691059,22.241428308941003,3.6832247467639956,3.6150051446976628,140.02395396914534,32.629935542228864,0.9989625341641813,2.8109763670752033
1342,0.5,777.4571454494119,22.25428545505881,3.683078762505586,3.6135709027673726,140.03326495654048,32.84646749720415,0.9988500412699374,2.8093965189445758
1343,0.5,777.3285739886387,22.267142601136126,3.6876056855015356,3.6184339728971238,140.0425690135387,32.83313939367263,0.9988732191008549,2.8127121202241656
1344,0.5,777.2000025282657,22.279999747173427,3.6802784599034544,3.6104951993752574,140.05186615044926,32.70822607589402,0.998848240898951,2.806076878082741
1345,0.5,777.0714310682876,22.29285689317124,3.683973695625134,3.615511938031717,140.0611563775584,32.80464525657518,0.9989636774567375,2.809511035730784
1346,0.5,776.9428596086998,22.30571403913002,3.685003565495296,3.6185249042972853,140.07043970512956,32.696560603570525,0.9988598147123562,2.8113870867100297
1347,0.5,776.8142881494971,22.318571185050295,3.687607287994879,3.6201969357561548,140.07971614340315,32.53957917118493,0.9989630632338965,2.812220705610408
1348,0.5,776.685716690675,22.3314283309325,3.686638765844627,3.6128950806438795,140.08898570259697,32.361256062258626,0.9989380555295978,2.8060840050381057
1349,0.5,776.5571452322287,22.344285476777138,3.6854875707792054,3.615705559305371,140.09824839290593,32.74035755882156,0.9988787496552601,2.8078019871344777
1350,0.5,776.4285737741534,22.357142622584657,3.6885444458388585,3.617044977680234,140.1075042245025,32.38137878866084,0.9987692153287925,2.8083770732972284
1351,0.5,776.3000023164448,22.36999976835552,3.6863410454946437,3.615490485565997,140.1167532075364,33.09147719486864,0.9988489948158603,2.8067052723199675
1352,0.5,776.1714308590979,22.382856914090212,3.688616718203725,3.6176866085744,140.12599535213485,33.24192006475606,0.9988354287606973,2.8079449913769894
1353,0.5,776.0428594021087,22.395714059789128,3.6857602677574994,3.61772853634142,140.13523066840276,33.08795934898109,0.9989262256782939,2.807512397883001
1354,0.5,775.9142879454723,22.408571205452766,3.683884619233127,3.6170772921373735,140.14445916642254,32.734352887231466,0.998802536628078,2.8065419515725076
1355,0.5,775.7857164891846,22.42142835108154,3.685429517824731,3.614307532011795,140.15368085625425,32.50309310442873,0.9989491530133816,2.803928158334027
1356,0.5,775.6571450332414,22.434285496675866,3.687613191457642,3.620949889083715,140.16289574793586,32.484510092608204,0.9988002679900083,2.8086156532751065
1357,0.5,775.528573577638,22.447142642236205,3.6874360472942174,3.617452136491841,140.17210385148303,33.0132560380257,0.9989166932472245,2.8054374953988965
1358,0.5,775.4000021223703,22.459999787762964,3.686835761028697,3.619148647403512,140.18130517688928,32.78300191810661,0.9988938582815311,2.806287868877857
1359,0.5,775.2714306674344,22.47285693325656,3.690473213108267,3.6242470278689396,140.1904997341262,32.45013401270848,0.9988044158183873,2.8097751783881497
1360,0.5,775.142859212826,22.4857140787174,3.689223148145427,3.61781409187965,140.1996875331433,32.731934522040895,0.9988590214089411,2.804322759280046
1361,0.5,775.014287758541,22.498571224145902,3.68715505855699,3.6158089137822556,140.20886858386822,32.42003867632618,0.9987940933624309,2.802303569985938
1362,0.5,774.8857163045755,22.51142836954245,3.6817093287939935,3.6084377154137255,140.21804289620667,33.1502691579063,0.9988363724122907,2.7961268438488105
1363,0.5,774.7571448509253,22.524285514907472,3.68643841088171,3.619689287062004,140.2272104800426,33.182734406055054,0.9988553206076762,2.8043801372916395
1364,0.5,774.6285733975866,22.537142660241337,3.6879003608059233,3.6166556484827406,140.23637134523824,32.21275846617841,0.9989309576456958,2.8015648054545084
1365,0.5,774.5000019445558,22.549999805544417,3.6866902590798545,3.6139363171832275,140.2455255016342,32.86180033388547,0.998899682272053,2.7989936846859105
1366,0.5,774.3714304918286,22.562856950817135,3.686795300863001,3.61376338748107,140.25467295904937,32.7533107018963,0.9988981919635646,2.7983951238227123
1367,0.5,774.2428590394018,22.57571409605983,3.687962213406759,3.617182613536203,140.2638137272812,32.486461681638325,0.9989040465260615,2.800577808371885
1368,0.5,774.114287587271,22.588571241272902,3.6889207907199966,3.6169976685557406,140.27294781610559,32.96890365239054,0.9989351563448605,2.799969573398847
1369,0.5,773.985716135433,22.6014283864567,3.6885558364440585,3.622448705658726,140.28207523527715,32.90786352164998,0.9989530425916021,2.8037235556131415
1370,0.5,773.857144683884,22.6142855316116,3.689136035876385,3.6165081877720637,140.29119599452892,32.92158036265181,0.9988943306056766,2.7986606999151773
1371,0.5,773.7285732326204,22.627142676737954,3.685054658772679,3.6139168851246084,140.30031010357285,32.231892000000755,0.9989180042646286,2.796190755308739
1372,0.5,773.6000017816386,22.63999982183613,3.688113789127556,3.621411745503856,140.30941757209962,33.24460466916481,0.998852152938006,2.8015241327738303
1373,0.5,773.4714303309354,22.652856966906466,3.6860883204556467,3.62055987895563,140.3185184097787,33.169613821868744,0.9988454373542158,2.8003996281746093
1374,0.5,773.342858880507,22.6657141119493,3.6816797731034225,3.6108293995713323,140.3276126262584,32.53087999823124,0.9988853608523638,2.792409130794279
1375,0.5,773.2142874303502,22.678571256964986,3.688334618017807,3.613824879752162,140.3367002311661,32.93958869484616,0.998821354462661,2.794261029295639
1376,0.5,773.0857159804615,22.69142840195385,3.69134995170008,3.621331842094411,140.3457812341082,33.00540907775957,0.9988298549698968,2.799599919948401
1377,0.5,772.9571445308376,22.704285546916235,3.6821119175208903,3.6090579477557747,140.35485564467004,32.58155270106226,0.9989406025720634,2.7896471257436284
1378,0.5,772.828573081475,22.717142691852498,3.6840745897739304,3.6163736246063944,140.36392347241627,33.00072982121194,0.9988763085097242,2.7948368680340416
1379,0.5,772.7000016323709,22.729999836762904,3.681389095831984,3.6095536201987444,140.37298472689065,33.171222787850944,0.9989086652075926,2.7891020882196997
1380,0.5,772.571430183522,22.742856981647797,3.6866534407524814,3.6121517054321197,140.38203941761617,32.92352512626968,0.9988943995130694,2.790645209105541
1381,0.5,772.4428587349248,22.75571412650752,3.6853743278032516,3.6164781895347082,140.3910875540952,32.67834158701188,0.9987812406213975,2.793522751276695
1382,0.5,772.3142872865765,22.768571271342353,3.6850524060454797,3.6127814126057207,140.40012914580947,33.26284445715895,0.9989175176985023,2.790202701798778
1383,0.5,772.1857158384736,22.78142841615264,3.6862300200254516,3.614385130066444,140.40916420222018,33.07032813547879,0.9989561639034893,2.790976568976291
1384,0.5,772.0571443906134,22.794285560938654,3.6843893080641554,3.6122628475549403,140.41819273276798,33.253799945670174,0.9989054134064981,2.7888733388715727
1385,0.5,771.928572942993,22.8071427057007,3.68543880466842,3.618690995043636,140.42721474687312,33.079765594824174,0.9988341451140805,2.7933709757256935
1386,0.5,771.8000014956091,22.81999985043909,3.6868573293291966,3.616617638690294,140.43623025393538,33.415801113757595,0.9989115698203558,2.7913054989502153
1387,0.5,771.6714300484589,22.832856995154117,3.6872673052281515,3.617444588314927,140.44523926333437,33.08200373838797,0.9988116570592201,2.7914786385860384
1388,0.5,771.5428586015395,22.845714139846052,3.6833837562090266,3.6143246693500446,140.4542417844293,33.05134585741456,0.9988608544655104,2.788606387304397
1389,0.5,771.4142871548481,22.858571284515182,3.6822886828876866,3.608793708812685,140.4632378265592,33.09848747550015,0.9988872876538216,2.783875026372638
1390,0.5,771.2857157083816,22.87142842916183,3.6849944212397823,3.611971340630637,140.47222739904305,33.02280151835754,0.9988733147188563,2.7858619005764633
1391,0.5,771.1571442621376,22.884285573786233,3.6859507439469996,3.6141970834048456,140.48121051117957,32.99364802230973,0.9988949066244714,2.7871139016390276
1392,0.5,771.0285728161131,22.897142718388697,3.6850090437297673,3.6197520072242266,140.49018717224757,32.77765203008715,0.9988890014183216,2.7909322240783565
1393,0.5,770.9000013703052,22.90999986296949,3.6831508656058247,3.609904376033059,140.49915739150586,33.2361386134352,0.9989169197771897,2.782875288430556
1394,0.5,770.7714299247117,22.92285700752883,3.686675633521416,3.614403961074313,140.50812117819333,33.071804550018875,0.998830867242709,2.78587930940279
1395,0.5,770.6428584793294,22.935714152067057,3.688378659068948,3.6102333110377556,140.51707854152897,32.85592778375393,0.9988405665407245,2.7822005185954297
1396,0.5,770.5142870341562,22.948571296584387,3.6888206008810402,3.6179636544149125,140.52602949071203,33.348356536993826,0.9989526250526547,2.7876926856969964
1397,0.5,770.385715589189,22.9614284410811,3.687132667916694,3.6119512485146394,140.53497403492196,32.75670259143557,0.9988552989551694,2.7825956472602154
1398,0.5,770.2571441444255,22.974285585557453,3.687016424757947,3.6178833843733917,140.54391218331853,32.58969195461316,0.9989194005811147,2.7867005234950173
1399,0.5,770.1285726998632,22.987142730013677,3.684178306796899,3.6128402173129066,140.55284394504187,33.071507244269306,0.9988735966535396,2.7823514799518527
1400,0.5,770.0000012554995,22.99999987445005,3.689337708622858,3.6224748896411234,140.56176932921258,32.60428939541666,0.9988237137771178,2.7893056695716805
1401,0.5,769.8714298113321,23.012857018866796,3.6884918502165367,3.6185463535912548,140.57068834493168,33.194223460867725,0.998881168398262,2.7858154550778815
1402,0.5,769.7428583673583,23.025714163264176,3.68864567598083,3.6206708255952194,140.57960100128076,33.24736747993295,0.9988459927270587,2.786985510500967
1403,0.5,769.614286923576,23.038571307642407,3.687391716851947,3.6122668199583767,140.58850730732195,32.94491518730127,0.9988479709197692,2.7800521528199593
1404,0.5,769.4857154799824,23.051428452001755,3.6846157296605204,3.611506667040941,140.59740727209808,32.42057560777507,0.9989415775803732,2.779002791648725
1405,0.5,769.3571440365756,23.064285596342437,3.685735856664942,3.6149009657662488,140.60630090463263,33.17894115297639,0.998932830489249,2.78114988299698
1406,0.5,769.228572593353,23.0771427406647,3.6888273688845823,3.6172249889459485,140.61518821392986,33.090679421761116,0.9988342188337526,2.7824728149958986
1407,0.5,769.1000011503124,23.08999988496876,3.6876115882743394,3.6173626962895105,140.62406920897484,33.31273051804479,0.9989207650303935,2.7821136538773596
1408,0.5,768.9714297074515,23.102857029254842,3.68770168091533,3.618993705735774,140.6329438987335,33.07182380734585,0.9988171797881363,2.782902764001906
1409,0.5,768.8428582647682,23.115714173523184,3.686788719603792,3.62151811097947,140.64181229215268,32.92125787827686,0.9988453598796152,2.78437833570308
1410,0.5,768.7142868222602,23.128571317773982,3.687358966032757,3.6220565444196384,140.6506743981602,32.74482741858132,0.998758349221773,2.7843266133734423
1411,0.5,768.5857153799252,23.141428462007486,3.6848854854648114,3.614854837820649,140.65953022566484,33.02001833902536,0.9988660422783269,2.778325791520967
1412,0.5,768.4571439377613,23.15428560622387,3.6851020821774925,3.6128272711927,140.6683797835566,32.82041692383056,0.9988969705014137,2.7763029263611982
1413,0.5,768.3285724957663,23.167142750423373,3.6872446819451588,3.6121500793478987,140.67722308070648,33.54885771646877,0.9989009610370905,2.77531811410584
1414,0.5,768.2000010539379,23.17999989460622,3.6871999379561817,3.6160082995338905,140.68606012596675,33.15644157475653,0.9988226197212761,2.7778175795129827
1415,0.5,768.0714296122743,23.192857038772573,3.689251086853977,3.6231483405885987,140.6948909281708,33.01385419636514,0.9988127774431534,2.7828367256532243
1416,0.5,767.9428581707732,23.205714182922677,3.685464884607219,3.6168869068798517,140.70371549613353,32.97328862116524,0.9988388467475284,2.7775624689497604
1417,0.5,767.8142867294329,23.218571327056715,3.6863905905314884,3.6134128580214226,140.71253383865093,33.49771796271406,0.998925818757101,2.77443001624068
1418,0.5,767.685715288251,23.231428471174898,3.68738872590909,3.6149044163569037,140.72134596450053,33.16490933646911,0.9989339259137374,2.775110482569607
1419,0.5,767.5571438472259,23.244285615277406,3.6818671954002906,3.612119278158889,140.73015188244133,33.53043870831319,0.99896894706596,2.77250795637914
1420,0.5,767.4285724063554,23.257142759364456,3.6841445986578094,3.614603787952516,140.73895160121376,33.42758222434965,0.9989385776481973,2.773950224803004
1421,0.5,767.3000009656379,23.26999990343621,3.682358686503142,3.6059560864361067,140.74774512953982,33.166287978883595,0.9989031157699374,2.7668501086044723
1422,0.5,767.171429525071,23.2828570474929,3.68578114589725,3.6144192993215896,140.75653247612317,33.509122573175446,0.9989519896144424,2.7728792207635493
1423,0.5,767.0428580846533,23.295714191534667,3.6848381940181465,3.6149286296439653,140.76531364964902,32.78436542378349,0.9989648032328808,2.7728051878541464
1424,0.5,766.9142866443826,23.308571335561734,3.6832063768866643,3.6096090590512526,140.7740886587844,32.870199391928566,0.9988255190019463,2.768260756587393
1425,0.5,766.7857152042574,23.32142847957426,3.6885622639195663,3.625135767670219,140.78285751217803,33.22106212713656,0.9988610544765677,2.779702322325544
1426,0.5,766.6571437642756,23.334285623572438,3.6874429267232753,3.614326056941966,140.79162021846045,33.5498985487456,0.9988759488340709,2.770948891447924
1427,0.5,766.5285723244356,23.347142767556438,3.6868328282573604,3.6143588646381994,140.8003767862441,33.09295898479377,0.9987967045548465,2.770509340379287
1428,0.5,766.4000008847356,23.35999991152644,3.6860214360947285,3.618287629478727,140.80912722412333,32.604537841135866,0.9988271083224352,2.7730556424337243
1429,0.5,766.2714294451738,23.37285705548262,3.6850239773999363,3.61368604722373,140.8178715406744,33.138631941735554,0.998875260649657,2.7690643729722075
1430,0.5,766.1428580057485,23.385714199425145,3.686536040359064,3.6160162033658954,140.82660974445562,32.66685197656652,0.9988931136446669,2.770384988641843
1431,0.5,766.014286566458,23.39857134335419,3.6883677024668007,3.618724229980378,140.8353418440074,32.64510342745764,0.9988889587198323,2.7719944593091745
1432,0.5,765.8857151273008,23.411428487269916,3.686903837648247,3.613514052539991,140.84406784785216,33.20571383011681,0.9989410789792323,2.767538794252142
1433,0.5,765.757143688275,23.42428563117249,3.689180201662034,3.619133318807163,140.85278776449456,33.3408065280264,0.9988689157456758,2.7713771928368405
1434,0.5,765.6285722493792,23.43714277506208,3.6851180145130953,3.618842266933318,140.86150160242153,33.483023441620134,0.9989079357874048,2.7706890380278635
1435,0.5,765.5000008106115,23.449999918938847,3.684876910679478,3.6188435824605985,140.87020937010212,33.512139635391456,0.9988124161226272,2.7702247653070646
1436,0.5,765.3714293719704,23.462857062802954,3.6880994655988433,3.618164927217798,140.87891107598782,33.28925757499731,0.9987760609418829,2.769240062048217
1437,0.5,765.2428579334545,23.47571420665455,3.6829882749772445,3.6155130281665095,140.8876067285124,32.98133171943711,0.9989174510197015,2.7667455225697783
1438,0.5,765.1142864950621,23.488571350493793,3.6832525384422277,3.608378655450735,140.89629633609212,33.79036932436078,0.99892221277977,2.760822060369201
1439,0.5,764.9857150567918,23.50142849432082,3.685642423363239,3.615861064095962,140.90497990712558,33.01027857603096,0.9988944572372144,2.766082061663462
1440,0.5,764.8571436186419,23.514285638135814,3.6882502887795,3.6165470410875136,140.91365744999402,33.374260446347556,0.9987919606072448,2.766141839608647
1441,0.5,764.728572180611,23.527142781938903,3.6894867743271256,3.6220393597643983,140.92232897306118,33.22528554189408,0.9988597643105448,2.7698769879746026
1442,0.5,764.6000007426975,23.53999992573025,3.688698009752523,3.6167182075869615,140.9309944846734,33.35092604498851,0.9988607057986236,2.7653427442071186
1443,0.5,764.4714293049002,23.55285706950998,3.684022820631596,3.616669497070876,140.93965399315965,33.122051107817704,0.9988995239048167,2.764840499749207
1444,0.5,764.3428578672174,23.565714213278266,3.6851659324532835,3.6142883708021327,140.94830750683167,33.20011341290483,0.9988434854370408,2.762555502495151
1445,0.5,764.2142864296477,23.578571357035226,3.68731948192274,3.616580647428453,140.9569550339839,33.51596520873734,0.9989134840079403,2.7638425987898088
1446,0.5,764.08571499219,23.591428500781,3.6882897091499784,3.6163323454590395,140.96559658289354,33.46196935429518,0.9988673370970784,2.7631878858294536
1447,0.5,763.9571435548426,23.604285644515745,3.685792674990736,3.613162264297048,140.97423216182077,33.126237537402105,0.9989074792253075,2.76030112263252
1448,0.5,763.8285721176043,23.617142788239576,3.6851457221752124,3.6124658681509545,140.98286177900854,33.52877579854459,0.9988937265867878,2.7593046458933252
1449,0.5,763.7000006804735,23.62999993195265,3.683384950397851,3.61320634918048,140.99148544268277,33.618466074423544,0.9989306102007249,2.7594056913278235
1450,0.5,763.571429243449,23.6428570756551,3.68473997029384,3.610907764385022,141.00010316105232,33.176046250885264,0.9989429182068063,2.7571860025177384
1451,0.5,763.4428578065297,23.655714219347036,3.68729404126536,3.6099086023261955,141.00871494230927,33.54905351124942,0.9987647369390704,2.755958939780286
1452,0.5,763.314286369714,23.6685713630286,3.6896639948502226,3.6216914157519366,141.01732079462855,33.17876803515622,0.9988808903228013,2.7644887984660085
1453,0.5,763.1857149330007,23.68142850669993,3.6871131760089435,3.615119968716734,141.0259207261683,33.44191587754108,0.9988689799220609,2.7590079178936477
1454,0.5,763.0571434963886,23.694285650361145,3.6852818127369025,3.6193396118085115,141.0345147450699,32.696942067378714,0.9988777232791068,2.761762945529931
1455,0.5,762.9285720598763,23.70714279401237,3.6829895536133286,3.6119216862713848,141.0431028594579,33.101853226993484,0.9990025996765877,2.755638254499128
1456,0.5,762.8000006234627,23.719999937653736,3.6847395533070815,3.6138027597993334,141.05168507744006,33.13447289230983,0.9989196697301476,2.7566087474280025
1457,0.5,762.6714291871465,23.732857081285353,3.6847399965078598,3.6122448994198035,141.06026140710753,33.886831805329464,0.9989141611795778,2.754955980014482
1458,0.5,762.5428577509265,23.745714224907356,3.6862905068028797,3.622993237386133,141.0688318565348,33.14152786005826,0.9988343986441567,2.762687616848703
1459,0.5,762.4142863148013,23.758571368519867,3.6841578724140476,3.617228631782485,141.0773964337798,33.15149619888161,0.998934455452513,2.757826785737908
1460,0.5,762.2857148787702,23.771428512122974,3.6844783126332628,3.608491354801098,141.08595514688375,33.10237084174867,0.9988892143380869,2.7507014120284174
1461,0.5,762.1571434428319,23.78428565571682,3.688114053077949,3.621470823473971,141.09450800387157,33.45849536662973,0.9989089756593734,2.760129857880482
1462,0.5,762.0285720069849,23.79714279930152,3.680432864037633,3.6106693343679543,141.10305501275155,33.365847412280075,0.9988592370136721,2.7514331968578225
1463,0.5,761.9000005712282,23.80999994287718,3.6843821999698885,3.6164655821139173,141.1115961815157,33.70177719402172,0.9989728293728805,2.755385129078421
1464,0.5,761.771429135561,23.822857086443904,3.6853167687860386,3.6123685363254805,141.12013151813957,33.931288653901554,0.9988584934659962,2.751799142480996
1465,0.5,761.6428576999816,23.835714230001837,3.684657361836186,3.6099314226375876,141.12866103058246,33.49746369198031,0.998904713494176,2.7494784848386526
1466,0.5,761.5142862644896,23.848571373551042,3.6873780384566492,3.6174787912524655,141.13718472678727,33.54037984719306,0.9989020575128232,2.7547617797975494
1467,0.5,761.3857148290833,23.861428517091664,3.686711913766232,3.6196743641475955,141.14570261468074,33.6385989695664,0.9988836972665887,2.7559683531950245
1468,0.5,761.257143393762,23.874285660623794,3.684600978450802,3.6164327335663056,141.15421470217348,33.21542833669735,0.9988667879406854,2.75303525203038
1469,0.5,761.1285719585247,23.887142804147533,3.6842352854986706,3.6200527028732554,141.16272099715977,33.10293416411395,0.9989072816723376,2.7553255441525186
1470,0.5,761.0000005233701,23.899999947662987,3.687012575990747,3.6190556285897655,141.17122150751797,33.3881150906367,0.9988781945349333,2.754101335250917
1471,0.5,760.8714290882973,23.91285709117027,3.685258636969092,3.606514687576255,141.17971624111027,33.176443474996546,0.9989421155598042,2.744093984364079
1472,0.5,760.7428576533052,23.92571423466948,3.684012070405992,3.613823011640158,141.18820520578288,34.2027054615763,0.9988254198328941,2.7491900449284077
1473,0.5,760.6142862183929,23.93857137816071,3.684627595175329,3.6132730679702716,141.196688409366,32.817603347075185,0.9988303295232889,2.7483071155063508
1474,0.5,760.4857147835593,23.95142852164407,3.6827718363563475,3.613800933605678,141.205165859674,33.348728626811756,0.9987670315520134,2.748243986078608
1475,0.5,760.3571433488036,23.964285665119643,3.6872417016123946,3.619551162779001,141.21363756450523,33.32006246984353,0.9989209071268979,2.752151582335481
1476,0.5,760.2285719141246,23.977142808587537,3.6867884558313313,3.613434284723868,141.22210353164223,33.51865945178825,0.998882720525672,2.7470359859811624
1477,0.5,760.1000004795216,23.989999952047846,3.6839357336359635,3.6102405736786167,141.23056376885182,33.56237199705489,0.9989887355700683,2.7441438617843046
1478,0.5,759.9714290449933,24.002857095500662,3.685523717732426,3.6155350894879996,141.239018283885,33.129380165655135,0.9988603366953183,2.7477033687205132
1479,0.5,759.8428576105391,24.015714238946085,3.6851859051192606,3.61343197968869,141.247467084477,33.25468431604069,0.9988707955367908,2.745640481227962
1480,0.5,759.7142861761582,24.02857138238418,3.684456935612747,3.6175533428001985,141.25591017834748,34.072109111665604,0.9988350759894339,2.748306955529628
1481,0.5,759.5857147418492,24.04142852581508,3.6848479243763292,3.6155165158341545,141.2643475732004,33.637782346776625,0.9988348828848368,2.7462946968408466
1482,0.5,759.4571433076117,24.05428566923884,3.6844257541280814,3.615549197742595,141.27277927672415,32.977073723322285,0.9989837241969529,2.7458546652057185
1483,0.5,759.3285718734444,24.06714281265556,3.6861626102571483,3.6146096933734655,141.2812052965916,33.42918510545112,0.9988192162146851,2.744676416349182
1484,0.5,759.2000004393468,24.079999956065322,3.689157016116853,3.6182604995312277,141.28962564046,33.349473860183785,0.9989606510517723,2.7469833728337796
1485,0.5,759.0714290053176,24.092857099468247,3.687608174449314,3.6163758604226572,141.29804031597132,33.61658841713331,0.9988561063722127,2.745087592191361
1486,0.5,758.9428575713564,24.105714242864362,3.6848121521851427,3.6134960413863544,141.30644933075195,33.580657467165324,0.9989273728950365,2.7424370114725445
1487,0.5,758.8142861374621,24.118571386253794,3.6894839291225368,3.612308776285813,141.31485269241298,34.19384243571785,0.9989237604483442,2.7410715053854084
1488,0.5,758.6857147036338,24.13142852963661,3.6855542003093826,3.6136024331767973,141.3232504085501,32.94243170974054,0.9989321782553969,2.7415885446695287
1489,0.5,758.557143269871,24.1442856730129,3.6833242643809263,3.6146140038603707,141.33164248674382,33.3841532647074,0.9987910851098559,2.741891272791593
1490,0.5,758.4285718361724,24.15714281638276,3.6863425476550424,3.6171315731982054,141.3400289345592,33.2335464259619,0.9989152554362052,2.7433359332042424
1491,0.5,758.3000004025378,24.169999959746225,3.689108827292795,3.6199065732335804,141.3484097595463,33.64941764600243,0.9988355098778305,2.744975155940173
1492,0.5,758.1714289689659,24.182857103103416,3.6834115496243816,3.6115148766476515,141.35678496923987,33.54641499398485,0.9988727016955087,2.7381473947706287
1493,0.5,758.0428575354562,24.19571424645438,3.685084784820339,3.6218774358374324,141.36515457115954,33.70276933336133,0.9988232132884791,2.745538321105398
1494,0.5,757.9142861020078,24.208571389799218,3.683073696738357,3.6071712415786013,141.37351857280981,33.23427946077359,0.9989008790138397,2.733926616408739
1495,0.5,757.78571466862,24.221428533138003,3.684896659011755,3.61212714989653,141.38187698168028,33.71974469193676,0.9988993177847585,2.7372183537582675
1496,0.5,757.6571432352921,24.23428567647079,3.686202221548942,3.6154674168168794,141.39022980524535,33.53754671474108,0.998805840931289,2.7392847144857577
1497,0.5,757.5285718020233,24.247142819797673,3.6817612718772605,3.6086427229299463,141.39857705096458,33.31768237783147,0.9988307384941099,2.7336499680448862
1498,0.5,757.4000003688127,24.259999963118727,3.6850975779882504,3.612971983385787,141.40691872628247,33.16861926161325,0.9988664556095169,2.736464981548905
1499,0.5,757.2714289356597,24.27285710643402,3.6861082889911794,3.6139230273509857,141.41525483862875,33.811434999517644,0.9988872871399098,2.7367206549855663
1500,0.5,757.1428575025639,24.285714249743616,3.6862074648174077,3.6143750478327847,141.42358539541826,33.69547056679827,0.9989055530038894,2.7365982518020804
1501,0.5,757.014286069524,24.298571393047595,3.6815623776412143,3.6140513015892615,141.431910404051,33.423798669341984,0.9989038737665594,2.735888465891229
1502,0.5,756.8857146365398,24.311428536346025,3.680800464735082,3.608777935246895,141.44022987191218,33.07315458679277,0.9988638369889516,2.7314324664839225
1503,0.5,756.7571432036103,24.32428567963897,3.68576834744624,3.6162649966356404,141.4485438063723,33.59477780894095,0.9988085448435897,2.736634367921201
1504,0.5,756.6285717707351,24.337142822926495,3.688003174877912,3.613238924260039,141.4568522147872,33.49339220587625,0.9988322491844208,2.7338798067293006
1505,0.5,756.5000003379131,24.349999966208692,3.684184929648163,3.6092430636191613,141.465155104498,33.9256810619031,0.9989083057704854,2.730392378847506
1506,0.5,756.371428905144,24.362857109485603,3.685525540959114,3.6143558095653905,141.47345248283122,33.317722815367574,0.9988654103449381,2.7337954682525827
1507,0.5,756.2428574724271,24.375714252757284,3.6835585182425734,3.613076891250217,141.48174435709876,33.729547142318395,0.9988584714790314,2.732363592506658
1508,0.5,756.1142860397617,24.388571396023828,3.6861648553219637,3.6171706159623103,141.49003073459812,33.85854522184845,0.9989694805571645,2.7349943777723476
1509,0.5,755.9857146071472,24.401428539285273,3.682503766363737,3.6080531032824186,141.49831162261214,33.25790853166883,0.9988607675274117,2.7276366036254944
1510,0.5,755.8571431745828,24.414285682541713,3.6821624881305937,3.6098179083430124,141.50658702840926,33.87999610408434,0.9989070341181793,2.7285066515805974
1511,0.5,755.7285717420682,24.42714282579318,3.6886227984349147,3.6204262939305303,141.51485695924347,33.938189026812594,0.9988440372048804,2.736059592209549
1512,0.5,755.6000003096024,24.43999996903976,3.6846198809905415,3.6164949269191737,141.52312142235445,33.897576505239876,0.9987745823706728,2.7326235678998034
1513,0.5,755.4714288771851,24.45285711228149,3.6825511120702203,3.608851860300662,141.53138042496744,33.387722513484334,0.9989361829252514,2.726384471507428
1514,0.5,755.3428574448154,24.465714255518456,3.6889324104827916,3.619152387384914,141.53963397429337,33.75364199960198,0.9989673258705992,2.733700905815547
1515,0.5,755.2142860124931,24.47857139875069,3.6862102366881886,3.617113424914836,141.54788207752898,33.7689545744309,0.9988888589177821,2.7316957326232614
1516,0.5,755.0857145802172,24.491428541978276,3.68800334207997,3.619404323887921,141.55612474185665,33.68846636392989,0.9988504001481197,2.732960500257639
1517,0.5,754.9571431479874,24.504285685201268,3.685817526543148,3.6100472978299902,141.5643619744447,33.8067895206313,0.9988762760960626,2.7254309945988413
1518,0.5,754.828571715803,24.51714282841969,3.685931292770218,3.61167477839861,141.57259378244714,33.81490219221763,0.9988790397851591,2.726195314480612
1519,0.5,754.7000002836635,24.529999971633654,3.6852679846117415,3.615588135160928,141.58082017300404,33.4311050631363,0.9987969816047355,2.7286843666315628
1520,0.5,754.5714288515685,24.54285711484315,3.6861824800678815,3.6087827072688436,141.58904115324117,33.86422331472208,0.9989730915781327,2.723084323838683
1521,0.5,754.442857419517,24.5557142580483,3.686008201268245,3.6177706430211414,141.5972567302704,34.179743697455066,0.9989218383606687,2.7294012214093137
1522,0.5,754.3142859875089,24.568571401249105,3.6898128964141246,3.6163967424230457,141.60546691118952,33.5947777270071,0.9988937092126609,2.727899726608393
1523,0.5,754.1857145555434,24.58142854444566,3.6820213172873597,3.611195169484872,141.6136717030824,33.72288104596113,0.9989343528293573,2.723511809297475
1524,0.5,754.05714312362,24.594285687637996,3.6873778856485555,3.618865734891962,141.62187111301893,33.917599065826884,0.9988724404017087,2.7288315574005924
1525,0.5,753.9285716917384,24.607142830826156,3.685820088143591,3.617283474797718,141.63006514805502,34.017800569130706,0.9988333332012057,2.727173363558372
1526,0.5,753.8000002598978,24.61999997401022,3.6861271742455437,3.6150820702143043,141.6382538152329,33.79966414497273,0.9989269198180236,2.7250488654670946
1527,0.5,753.671428828098,24.6328571171902,3.684719020140293,3.611129845451321,141.64643712158082,33.45241532622203,0.9988404555523758,2.7216053903050854
1528,0.5,753.542857396338,24.64571426036619,3.686431600229927,3.615107117855569,141.65461507411328,33.55201583751549,0.9989076671359381,2.7241381473827255
1529,0.5,753.4142859646179,24.65857140353821,3.6855247676607727,3.6167950900175323,141.662787679831,34.39504650510169,0.9989630057321747,2.724945090225895
1530,0.5,753.2857145329368,24.67142854670632,3.685886846607076,3.6160680789282935,141.67095494572104,34.076956388306506,0.998932752027597,2.7239324266352436
1531,0.5,753.1571431012942,24.684285689870578,3.684473126867464,3.6099584820289126,141.6791168787567,34.007454770258526,0.9988800257853231,2.7188660170391805
1532,0.5,753.0285716696901,24.697142833030995,3.6864020893894676,3.61718714135395,141.6872734858977,33.54475782698399,0.9988431830826692,2.723845266515734
1533,0.5,752.9000002381234,24.709999976187657,3.6873166299173357,3.6159842572472862,141.69542477409004,33.52553689597487,0.9988548312987334,2.7224745481425323
1534,0.5,752.771428806594,24.722857119340603,3.6859615779959527,3.6135791403265194,141.7035707502662,34.28693138839709,0.9989091317113729,2.720199132569298
1535,0.5,752.6428573751011,24.735714262489882,3.682178129508494,3.612010882103576,141.71171142134523,34.24210630884316,0.9990332425985143,2.718554191176395
1536,0.5,752.5142859436447,24.748571405635534,3.684209292845605,3.6134235501710155,141.71984679423244,33.370238195090614,0.9988961554266002,2.7191528426688913
1537,0.5,752.3857145122242,24.761428548777577,3.6861008190060844,3.6160864547021117,141.72797687581985,33.45758861882634,0.9989073200741795,2.7206917909590245
1538,0.5,752.257143080839,24.7742856919161,3.688791767851894,3.6219998404224727,141.73610167298597,33.89724601971869,0.9988656346595632,2.724675252195464
1539,0.5,752.1285716494888,24.787142835051124,3.6869243612231597,3.6156290101461814,141.74422119259594,33.035564882341724,0.9987821935114329,2.7194178830157023
1540,0.5,752.000000218173,24.799999978182697,3.6878564433216607,3.6209711046276767,141.75233544150143,33.7623809871633,0.9988280884639306,2.722970271470011
1541,0.5,751.8714287868916,24.81285712131085,3.684511728484768,3.6097732786869474,141.76044442654091,33.72953493773084,0.9989552640018999,2.7140853926430974
1542,0.5,751.7428573556435,24.82571426443565,3.6838533805061298,3.6105859150222126,141.76854815453953,33.40824884341048,0.9988781141457278,2.714232172486839
1543,0.5,751.6142859244288,24.83857140755712,3.683197049639241,3.6142599865861036,141.77664663230902,33.72456376045529,0.9989518083060772,2.71652943896315
1544,0.5,751.485714493247,24.8514285506753,3.686271780741939,3.6168104659484803,141.78473986664807,33.40081164449753,0.9988688621536319,2.717981397189947
1545,0.5,751.3571430620975,24.864285693790244,3.685688988956435,3.6158211746641182,141.7928278643421,33.93519349031051,0.9988736995724133,2.7167730676190693
1546,0.5,751.2285716309801,24.87714283690199,3.6827382852065185,3.6046174006350844,141.80091063216332,33.49943424913136,0.9989181824368386,2.707891581155271
1547,0.5,751.1000001998943,24.88999998001057,3.686666671880122,3.6191892871157876,141.8089881768709,33.93843594543841,0.9988787516211882,2.7183730742761236
1548,0.5,750.9714287688397,24.90285712311603,3.685092842140864,3.6090596199355502,141.81706050521086,33.89916643428483,0.9988349346464437,2.710300659294926
1549,0.5,750.8428573378161,24.91571426621839,3.683832386624661,3.609955012815171,141.82512762391616,33.83126963090072,0.9989129861434302,2.7105089366831154
1550,0.5,750.7142859068227,24.928571409317723,3.6866423609722254,3.6128133759374914,141.83318953970675,33.929816649149906,0.9988634233322299,2.7121906136315315
1551,0.5,750.5857144758596,24.941428552414035,3.681012742691369,3.61291252037993,141.84124625928956,33.668765651382415,0.9988960749813793,2.7118005254481488
1552,0.5,750.4571430449262,24.954285695507384,3.683445167064558,3.6148543786087193,141.8492977893586,34.24309073697173,0.9988800451966472,2.7127932894941416
1553,0.5,750.328571614022,24.967142838597802,3.686105975768913,3.61321677067175,141.8573441365949,33.77918007751406,0.9988109393333956,2.7110997784699635
1554,0.5,750.200000183147,24.979999981685296,3.687117412210883,3.6197437660254606,141.86538530766668,33.73604911040809,0.9988686950335984,2.715531773935246
1555,0.5,750.0714287523003,24.992857124769962,3.683670828666752,3.608807033519861,141.8734213092292,33.73129310539336,0.9988068541914823,2.706863047723593
1556,0.5,749.9428573214823,25.005714267851776,3.681115581422493,3.6110627585163186,141.881452147925,33.59272330810356,0.9988645362346746,2.7080907230889215
1557,0.5,749.8142858906918,25.01857141093081,3.679673159787356,3.608994490036273,141.88947783038367,33.68950605448075,0.9988352756989237,2.7060756263299894
1558,0.5,749.6857144599292,25.031428554007086,3.686722159705749,3.6154064710375247,141.8974983632222,33.99259574412098,0.9988691301551168,2.710418583302818
1559,0.5,749.5571430291935,25.04428569708065,3.6859358327889096,3.6126084147123936,141.9055137530448,33.90507647175843,0.99885470943777,2.7078564422150455
1560,0.5,749.4285715984847,25.057142840151524,3.686383523660242,3.613697407191466,141.9135240064429,34.14028141238744,0.9988927048055588,2.7082080860606483
1561,0.5,749.3000001678028,25.069999983219727,3.683795884366086,3.6150147119351863,141.92152912999538,33.80023551154298,0.998834198484072,2.7087305242596442
1562,0.5,749.1714287371467,25.08285712628533,3.683349025599792,3.6091607256156513,141.92952913026846,34.01909439372129,0.9988562907619697,2.7038800973514743
1563,0.5,749.0428573065168,25.095714269348324,3.684328627831606,3.6159222281949517,141.9375240138157,34.19593087255102,0.9988715166105496,2.7084807176052936
1564,0.5,748.9142858759124,25.108571412408764,3.681064160934743,3.6115468324297635,141.94551378717816,33.349505265515205,0.9988213137815636,2.7047390169165495
1565,0.5,748.7857144453332,25.121428555466686,3.684605466952746,3.6182328265726853,141.95349845688435,33.19833159847064,0.9987892904995064,2.709281052074785
1566,0.5,748.657143014779,25.134285698522106,3.6834886137866247,3.6145815049387333,141.96147802945026,33.458934341027586,0.9988257683994285,2.7060822626814924
1567,0.5,748.5285715842493,25.147142841575064,3.687337352543497,3.618998100686021,141.96945251137942,33.77190966431561,0.9989163767464083,2.7089234788726184
1568,0.5,748.4000001537439,25.159999984625603,3.685074340776969,3.611365071923277,141.97742190916293,33.74595286149332,0.9988342171819391,2.702745620382606
1569,0.5,748.2714287232628,25.17285712767372,3.6827388782782817,3.6131227128725265,141.98538622927944,34.26870660611725,0.9987935024254888,2.7035964945135964
1570,0.5,748.1428572928052,25.185714270719483,3.6862213071580747,3.6120911347203513,141.99334547819527,33.949654858774394,0.9988806049080904,2.7023601823316943
1571,0.5,748.014285862371,25.198571413762892,3.686908508880466,3.615835756135472,142.00129966236437,34.05177256273357,0.9989468076166383,2.7046968009213015
1572,0.5,747.8857144319602,25.211428556803984,3.6881036486833145,3.62025851566045,142.00924878822846,34.20800022350881,0.9988906666146757,2.7075396264131038
1573,0.5,747.7571430015719,25.22428569984281,3.6881439389568014,3.619347240413901,142.01719286221686,33.785210472357825,0.9988704810611335,2.706392752022522
1574,0.5,747.6285715712063,25.23714284287937,3.6856793450578276,3.610488611464448,142.02513189074665,33.82092000731105,0.998950622588877,2.6993044432632733
1575,0.5,747.5000001408631,25.249999985913686,3.682575916000534,3.613088986410482,142.0330658802228,34.093915027972336,0.9989132528621814,2.7007840178507863
1576,0.5,747.371428710542,25.262857128945804,3.6832879388514246,3.609936979274669,142.04099483703797,34.021687696763095,0.9988334685822661,2.6979637577555278
1577,0.5,747.2428572802423,25.27571427197577,3.6879311678003517,3.617452127664598,142.04891876757273,34.267347573245736,0.9988150212337358,2.703115263950586
1578,0.5,747.1142858499642,25.28857141500358,3.6860072892971703,3.6224476984134832,142.05683767819554,34.00066547718457,0.9988086946764669,2.706382425229036
1579,0.5,746.9857144197075,25.301428558029247,3.687096444999553,3.6146406516920107,142.06475157526265,33.63631946220879,0.998808274949136,2.700084929574674
1580,0.5,746.8571429894715,25.314285701052853,3.6824477598981034,3.6129795596982706,142.0726604651184,33.77359148919078,0.9988211251670138,2.6983795916356095
1581,0.5,746.7285715592564,25.32714284407437,3.684059707907138,3.6142969804046357,142.080564354095,34.301329519245535,0.9989261289052657,2.698898821368487
1582,0.5,746.6000001290614,25.339999987093865,3.684131662686569,3.6161363813731096,142.08846324851265,33.80378631580356,0.9989499346683074,2.6998074227998674
1583,0.5,746.4714286988867,25.352857130111328,3.6860285988557955,3.6157775845688422,142.09635715467965,33.56925324865862,0.9989130192032669,2.6990746594105137
1584,0.5,746.342857268732,25.365714273126795,3.683844900038111,3.6109587014411724,142.10424607889226,33.805162858740395,0.9988339198581603,2.6950132347129947
1585,0.5,746.214285838597,25.378571416140304,3.6857600171297276,3.615985754042211,142.11213002743492,34.072730079446984,0.9989578028127459,2.698300227055149
1586,0.5,746.0857144084814,25.391428559151862,3.6822676738448124,3.6120658370498377,142.12000900658012,33.664358541089875,0.9988922385105613,2.6949107205257974
1587,0.5,745.9571429783849,25.40428570216151,3.685904159988359,3.61524750886275,142.1278830225885,34.220404681153504,0.9988932004314273,2.69681970287098
1588,0.5,745.8285715483074,25.41714284516926,3.6857176628099215,3.6104976478824273,142.13575208170894,34.33752144758775,0.9989513244988409,2.6928123032986746
1589,0.5,745.7000001182486,25.429999988175144,3.686989443214535,3.6151370644118868,142.14361619017848,34.66980141149864,0.9988761609474763,2.695807709359429
1590,0.5,745.5714286882082,25.442857131179174,3.6870790356220025,3.6180515163424154,142.15147535422236,34.518550851408556,0.9987841048915566,2.697515838106953
1591,0.5,745.4428572581861,25.455714274181386,3.683141044224717,3.6136341950199573,142.1593295800541,34.01972034903732,0.9988454516258162,2.693757799421562
1592,0.5,745.314285828182,25.468571417181796,3.687726550907385,3.6149596084340136,142.1671788738756,34.18992175407483,0.9988823691119055,2.694281038857721
1593,0.5,745.1857143981958,25.48142856018042,3.684258487794959,3.6062300269337215,142.175023241877,33.54440842302753,0.9988505341317782,2.6873110989048303
1594,0.5,745.0571429682271,25.49428570317729,3.6891056264550284,3.6158537133201696,142.18286269023682,34.101489521226355,0.9989672648320024,2.6940176370373807
1595,0.5,744.9285715382757,25.507142846172425,3.684772166175309,3.615204718616097,142.19069722512194,34.207781171423505,0.9988214020066243,2.6930692868571233
1596,0.5,744.8000001083415,25.519999989165854,3.68297223324432,3.61036558694742,142.19852685268765,34.11775182599112,0.9988265204167465,2.6890002895495906
1597,0.5,744.6714286784243,25.53285713215757,3.6836923905449863,3.6133694167155896,142.20635157907776,34.48557845268441,0.9989811090646817,2.690772965888523
1598,0.5,744.5428572485237,25.545714275147635,3.6832498705432393,3.612995862841463,142.21417141042443,33.83672295756689,0.998832081832703,2.690030262947078
1599,0.5,744.4142858186398,25.558571418136022,3.681224354152631,3.615293283349988,142.2219863528484,34.00933832975485,0.9989109284592829,2.6912759675499065
1600,0.5,744.2857143887719,25.57142856112281,3.682548039676346,3.604398340327065,142.22979641245894,34.655330856193274,0.9987820756745376,2.6827021936720334
1601,0.5,744.1571429589202,25.584285704107977,3.6825819028165685,3.615071320687195,142.2376015953538,34.17541469816432,0.9988534718790469,2.6901811455953135
1602,0.5,744.0285715290846,25.597142847091536,3.6873115777411254,3.615341272943014,142.2454019076194,34.39456650785591,0.9988008544345865,2.689917202897933
1603,0.5,743.9000000992646,25.60999999007354,3.6874886542170002,3.6146930439187406,142.25319735533074,34.21361060264316,0.9988266804237113,2.688970155729962
1604,0.5,743.7714286694601,25.62285713305399,3.6829993695906302,3.611029442714427,142.26098794455146,34.44092257291715,0.9988502703869802,2.685780527575194
1605,0.5,743.6428572396709,25.635714276032907,3.6850076088281623,3.6124581174049397,142.26877368133384,34.56859157649721,0.9987891782597731,2.686378676085652
1606,0.5,743.5142858098967,25.648571419010324,3.681257716568929,3.6143624215913293,142.27655457171892,33.52875752441537,0.9989483897297724,2.687330094547606
1607,0.5,743.3857143801376,25.661428561986234,3.684572904020556,3.6147347659627367,142.2843306217364,34.27982799895677,0.9988293754829253,2.687142186289929
1608,0.5,743.2571429503934,25.674285704960663,3.6856311041735927,3.620597169381925,142.2921018374048,34.554574235213295,0.9988265551744114,2.691034707889091
1609,0.5,743.1285715206635,25.687142847933654,3.6870674529606555,3.612401069785365,142.29986822473134,34.12878175733368,0.9988693765876795,2.6844784467493152
1610,0.5,743.000000090948,25.699999990905198,3.6870674053190795,3.61175812923987,142.30762978971217,34.51520760728155,0.9988413890131885,2.6835362903537057
1611,0.5,742.8714286612469,25.71285713387531,3.6812953011573915,3.613130252526242,142.31538653833215,34.08079591135352,0.9987617409524413,2.6840912326333415
1612,0.5,742.7428572315597,25.725714276844023,3.6861580446336637,3.6099369472931957,142.32313847656513,34.098049363527615,0.9988055044495759,2.6812548826583225
1613,0.5,742.6142858018864,25.73857141981136,3.682935341589395,3.6150368162468722,142.33088561037368,34.40762924449506,0.998786343626415,2.6845779834446963
1614,0.5,742.4857143722268,25.751428562777324,3.6840982922858085,3.6131334899609304,142.33862794570945,34.62979813947838,0.9988846874802877,2.682700000415858
1615,0.5,742.3571429425807,25.76428570574193,3.68212139168478,3.607074975079279,142.34636548851302,34.42775038508457,0.9988997504731963,2.6777378728795345
1616,0.5,742.2285715129478,25.777142848705214,3.68333224460134,3.6102767497436736,142.35409824471384,34.387167116101146,0.9988759625831156,2.679650554728655
1617,0.5,742.1000000833284,25.789999991667155,3.6792658792207016,3.6072707474899643,142.36182622023045,34.487041660040376,0.998787193239756,2.6769556220128905
1618,0.5,741.9714286537218,25.80285713462782,3.686259648522735,3.6113313975738808,142.36954942097043,34.31538559263735,0.9988190170006215,2.6795047163999337
1619,0.5,741.842857224128,25.815714277587198,3.6812803705006045,3.610754463299081,142.37726785283039,34.22074861629973,0.9989373145617475,2.6786124077885627
1620,0.5,741.7142857945471,25.828571420545288,3.6861660957520996,3.610208817853263,142.38498152169595,34.35553833532639,0.9989102089316265,2.6777434549032093
1621,0.5,741.5857143649787,25.841428563502134,3.6861923710054127,3.620577236970617,142.39269043344197,34.84881735373745,0.9988257289458315,2.6849683566924356
1622,0.5,741.4571429354227,25.854285706457738,3.6852639736896666,3.621267820644371,142.4003945939324,34.65201571745247,0.9988274483900613,2.68501489209896
1623,0.5,741.3285715058787,25.86714284941213,3.68143015448366,3.6055572529168916,142.40809400902032,34.47109590782882,0.998855505956258,2.672902607787539
1624,0.5,741.200000076347,25.8799999923653,3.684105411247697,3.6111583786463712,142.41578868454798,34.021891675012334,0.9988916290653528,2.6765905905283915
1625,0.5,741.0714286468271,25.892857135317282,3.6844091894481164,3.6144905871599535,142.42347862634693,33.79453230387102,0.9989502055301674,2.678595703257136
1626,0.5,740.9428572173191,25.90571427826809,3.686814207446789,3.618810484661148,142.43116384023799,33.672370208097774,0.9989051548621883,2.6813317802328225
1627,0.5,740.8142857878228,25.918571421217717,3.681581692062249,3.6116497066854687,142.43884433203107,34.6459763704013,0.9989141251476065,2.675561697973995
1628,0.5,740.6857143583378,25.931428564166215,3.685893615157617,3.620228592840916,142.44652010752557,34.352420944786886,0.9988200853490895,2.681451601428854
1629,0.5,740.5571429288642,25.94428570711358,3.683377761953033,3.612208715818166,142.4541911725101,34.56020118392488,0.9988072332293647,2.6750469662490426
1630,0.5,740.4285714994019,25.95714285005981,3.686056253410028,3.6147516530100203,142.46185753276265,34.17634265216242,0.9988135876954289,2.676465402763311
1631,0.5,740.3000000699506,25.969999993004944,3.68347509365299,3.6131564214865888,142.46951919405063,34.26159530205755,0.9988979219536895,2.674819699079264
1632,0.5,740.1714286405102,25.98285713594899,3.681187130886111,3.6055392560197452,142.4771761621308,34.014633957558175,0.9989155778831884,2.668717142147577
1633,0.5,740.0428572110807,25.995714278891935,3.684124385554629,3.612994256518079,142.48482844274935,34.50897716013483,0.9988928399144958,2.6737705926808633
1634,0.5,739.9142857816616,26.008571421833835,3.683326946372455,3.6077989471432113,142.49247604164194,34.22959256905203,0.9987835133748221,2.6694619812193
1635,0.5,739.7857143522534,26.021428564774663,3.6842529534792887,3.610703372337614,142.50011896453364,34.42909903053976,0.9988696623983013,2.6711467736188723
1636,0.5,739.6571429228553,26.034285707714467,3.6836515081961756,3.6143018082534,142.5077572171392,35.199628041287205,0.9987675222793604,2.6733441491536194
1637,0.5,739.5285714934677,26.047142850653238,3.6892251440202064,3.6150490964143276,142.5153908051627,33.947949602903414,0.9988116225310093,2.6734320941500385
1638,0.5,739.40000006409,26.059999993591,3.6858317618982452,3.615217574170944,142.5230197342979,34.17399273683556,0.9988306130805161,2.6730918745736956
1639,0.5,739.2714286347224,26.07285713652776,3.68283705513405,3.6133463505878853,142.53064401022803,34.74218600128776,0.9988467495387815,2.6712437187511666
1640,0.5,739.1428572053647,26.085714279463524,3.682989910206497,3.6105922498871537,142.53826363862615,33.67915421164394,0.9988567118909949,2.668743471785137
1641,0.5,739.0142857760168,26.09857142239832,3.6851066756692754,3.6127260811500226,142.54587862515467,34.22573263541741,0.9989154036846906,2.669856184565472
1642,0.5,738.8857143466786,26.11142856533214,3.684959946991424,3.6148461875916107,142.55348897546585,34.53378535701328,0.9988664218784941,2.670958207571995
1643,0.5,738.7571429173498,26.124285708265017,3.686952603535292,3.6115633334090367,142.56109469520158,34.37920336739779,0.9987450134011449,2.66806820965432
1644,0.5,738.6285714880305,26.13714285119695,3.683476798159685,3.618202434019672,142.5686957899934,34.008900213600526,0.9988039254081587,2.672507695194465
1645,0.5,738.5000000587205,26.14999999412795,3.6841603746345353,3.6154621079600977,142.57629226546268,34.60405127684564,0.9988318142412269,2.6700187669408337
1646,0.5,738.3714286294196,26.162857137058037,3.6876974204743482,3.616231501630654,142.5838841272205,34.74725175500792,0.9989385857402886,2.670122020113737
1647,0.5,738.2428572001278,26.17571427998722,3.682328459895183,3.606547992366048,142.59147138086772,34.5721825504854,0.9988681376736478,2.662508294513696
1648,0.5,738.114285770845,26.18857142291551,3.684355072925937,3.6138598528410792,142.59905403199497,34.38701029131767,0.9989368134955291,2.6674415841557244
1649,0.5,737.9857143415709,26.20142856584291,3.678257851240248,3.610767034840938,142.60663208618283,34.5005398708307,0.9988522847645631,2.6646944895280855
1650,0.5,737.8571429123057,26.214285708769435,3.68232164633664,3.6147115510913848,142.6142055490016,34.08042540325238,0.9988639829635404,2.667140737540398
1651,0.5,737.728571483049,26.227142851695096,3.6865387695595793,3.6102628787467985,142.62177442601154,34.52911211790156,0.9988740250752229,2.663394076216156
1652,0.5,737.6000000538007,26.23999999461992,3.6851096450109306,3.612399661041746,142.6293387227628,34.61566487497767,0.9989103299071275,2.664505990178742
1653,0.5,737.4714286245611,26.252857137543895,3.6836474670357733,3.618579274709703,142.63689844479546,34.10478955437492,0.9988243833112748,2.6685988273113925
1654,0.5,737.3428571953295,26.265714280467044,3.6866457393977825,3.614673455543585,142.64445359763954,34.170364316882825,0.9988359015538797,2.665253653538622
1655,0.5,737.2142857661064,26.278571423389362,3.6872620542746826,3.618317630694949,142.65200418681508,34.17923727028158,0.9987644795570378,2.6674754477876874
1656,0.5,737.0857143368912,26.29142856631088,3.6872096136932972,3.616616648894612,142.65955021783202,34.33606867867697,0.9988126782804234,2.6657564661331783
1657,0.5,736.957142907684,26.3042857092316,3.680072633123499,3.6047749629538317,142.6670916961905,34.55866726747064,0.998833285940809,2.6565646575236084
1658,0.5,736.8285714784848,26.31714285215152,3.6875006888410544,3.6189203214067414,142.67462862738057,34.296622186605354,0.9988115240598295,2.6665238907165887
1659,0.5,736.7000000492933,26.329999995070676,3.686782411327402,3.614322125563685,142.68216101688236,35.27307701311046,0.9988626235397642,2.6626711100809284
1660,0.5,736.5714286201096,26.34285713798904,3.6814643182004736,3.603997380286977,142.68968887016618,34.26506378991092,0.9989299843156669,2.654601499141111
1661,0.5,736.4428571909334,26.35571428090666,3.6836923216720834,3.6048431984982265,142.69721219269243,34.30390113493699,0.99884312264637,2.6547610248273372
1662,0.5,736.3142857617648,26.368571423823518,3.6869185778592137,3.616863978051273,142.7047309899116,34.45214382087229,0.9988726899949297,2.6631486166962786
1663,0.5,736.1857143326035,26.38142856673965,3.6886196800939555,3.6204407021693887,142.71224526726442,34.28042111791856,0.9988916659386394,2.665316724525404
1664,0.5,736.0571429034497,26.39428570965503,3.686427293454285,3.6220557825357447,142.7197550301818,34.59464123320151,0.9988412061124143,2.6660400307301795
1665,0.5,735.928571474303,26.4071428525697,3.6848709991065065,3.6120754774364894,142.72726028408485,34.55955572249202,0.9988170366356971,2.6582295461671963
1666,0.5,735.8000000451634,26.419999995483657,3.6841948450099427,3.608456869008842,142.73476103438495,34.77319172662072,0.9988971285773116,2.655102564379676
1667,0.5,735.6714286160311,26.43285713839689,3.680838640560532,3.611708942736785,142.74225728648364,34.35758970359679,0.9989277552507582,2.6570310776484662
1668,0.5,735.5428571869055,26.445714281309453,3.686141301612309,3.6180274821763074,142.74974904577294,34.708763963305124,0.9988048716390974,2.661214271620707
1669,0.5,735.4142857577868,26.45857142422131,3.6799706066512257,3.6089988533167956,142.757236317635,34.155319081545294,0.9988664327508509,2.654109314012643
1670,0.5,735.2857143286751,26.47142856713249,3.681140597572783,3.6121017821868215,142.76471910744243,34.697611868555875,0.9987928835038078,2.6559268391431172
1671,0.5,735.15714289957,26.484285710042997,3.6821800606347255,3.6120656795207045,142.7721974205581,34.81411579812329,0.9988682647422344,2.655435884922035
1672,0.5,735.0285714704715,26.497142852952848,3.682713778727347,3.6118096064617933,142.7796712623353,34.48636402084676,0.9988299582580609,2.6547832554609383
1673,0.5,734.9000000413797,26.50999999586203,3.681276618152982,3.610007292735712,142.78714063811776,34.31433353871809,0.9988501999885675,2.652994359580856
1674,0.5,734.7714286122941,26.522857138770583,3.680058677677242,3.6111702375067183,142.7946055532396,34.397223088019906,0.9988604908814461,2.653384714375009
1675,0.5,734.6428571832151,26.53571428167849,3.6870787802049305,3.620338659399498,142.80206601302535,34.770013475199875,0.9988053725674012,2.659655936712098
1676,0.5,734.5142857541423,26.548571424585777,3.683894533848866,3.613389959025793,142.8095220227901,34.657943597262694,0.9988633686782015,2.6540865449050197
1677,0.5,734.3857143250758,26.561428567492417,3.6857039016871167,3.616270516380546,142.81697358783939,34.9485493920676,0.998897389810951,2.655737406364838
1678,0.5,734.2571428960154,26.57428571039846,3.682665859662869,3.610297061792444,142.82442071346927,34.58478791563779,0.9988768145109426,2.6508864055975994
1679,0.5,734.128571466961,26.58714285330389,3.6830642149488346,3.6116163496589557,142.8318634049663,34.49473890024035,0.9988293600872037,2.6513907514618493
1680,0.5,734.0000000379127,26.599999996208723,3.6848656724974833,3.6161756567687515,142.83930166760769,35.13171562443938,0.9989071326129868,2.654272932205363
1681,0.5,733.8714286088704,26.61285713911297,3.683247621606535,3.615637559894114,142.84673550666116,34.176580403729616,0.9988766943408853,2.6534131014113838
1682,0.5,733.7428571798339,26.62571428201661,3.682906376608517,3.6098268902349893,142.85416492738509,35.205739719186866,0.9988348088961074,2.6486846963656157
1683,0.5,733.6142857508031,26.63857142491969,3.6845088305933484,3.6148499142827566,142.8615899350284,34.60952095025104,0.9987876931747831,2.651905537962896
1684,0.5,733.4857143217781,26.651428567822187,3.6846653135577245,3.6122037786454424,142.86901053483078,34.591122643305454,0.9988544966466733,2.649499868855578
1685,0.5,733.3571428927587,26.664285710724133,3.6849137679183834,3.6147079461285547,142.8764267320225,34.17303189882504,0.9988665619794515,2.650871891764589
1686,0.5,733.2285714637447,26.677142853625526,3.6875219330736098,3.610357007607515,142.8838385318246,34.356411690515515,0.9988209913585565,2.6472169111621784
1687,0.5,733.1000000347364,26.68999999652637,3.680013987508766,3.603078202752464,142.89124593944877,34.35218350861598,0.9989128474222355,2.6414166305629894
1688,0.5,732.9714286057335,26.70285713942665,3.6832436193526568,3.608995902906932,142.8986489600975,34.595332323320775,0.9988797613480442,2.6452908827859334
1689,0.5,732.842857176736,26.71571428232641,3.6849412830890116,3.6136155291134524,142.906047598964,35.4439131094867,0.9988684554963054,2.6482123290937247
1690,0.5,732.7142857477437,26.728571425225635,3.684829807730156,3.6117811235615385,142.91344186123226,34.39868883657453,0.9987969201650182,2.646403626227576
1691,0.5,732.5857143187567,26.741428568124338,3.681375151191799,3.611566714274873,142.9208317520771,34.71143427155751,0.9988235340584084,2.6457821811869024
1692,0.5,732.4571428897747,26.75428571102253,3.683245572275763,3.614959126979106,142.9282172766642,34.60639917040795,0.9988566801519847,2.64780263381043
1693,0.5,732.3285714607979,26.767142853920213,3.6845183276198443,3.6145416431927693,142.93559844015,34.44741591224112,0.998731706958037,2.647032118044926
1694,0.5,732.2000000318262,26.779999996817384,3.6800309393708215,3.6096190566333006,142.9429752476819,34.506994847525995,0.9988376921288811,2.642963073381783
1695,0.5,732.0714286028593,26.792857139714066,3.6804899246416083,3.606613098468364,142.95034770439813,34.721522287858804,0.9988566917097838,2.6402984034135204
1696,0.5,731.9428571738976,26.80571428261025,3.681758999563515,3.6068159353407037,142.95771581542783,35.26954161719622,0.9988421407674312,2.6399831610136184
1697,0.5,731.8142857449404,26.818571425505954,3.6836905251648613,3.6081830971771036,142.96507958589115,34.462793115226944,0.9988406735049733,2.640519936097629
1698,0.5,731.6857143159883,26.831428568401172,3.681600485454957,3.6103859405162497,142.97243902089915,34.35599737433256,0.9988172380841623,2.6416678158430336
1699,0.5,731.5571428870408,26.844285711295925,3.682296970899832,3.6058267345054946,142.97979412555384,34.23507415041743,0.9988603819957992,2.637868303640548
1700,0.5,731.428571458098,26.857142854190208,3.6818245921859143,3.609775229943652,142.98714490494828,34.67059202324051,0.9988708704538042,2.6402927397225127
1701,0.5,731.3000000291597,26.869999997084026,3.685502874371831,3.61206243993406,142.9944913641665,34.374336477740094,0.9988639423744821,2.641501262429105
1702,0.5,731.171428600226,26.8828571399774,3.685581898881977,3.6130450953257593,143.00183350828362,34.70579203910918,0.9988444133935448,2.6417553439463752
1703,0.5,731.0428571712969,26.89571428287031,3.683553445470905,3.613953316531982,143.00917134236576,34.610185554425804,0.9988842307134808,2.641954758201224
1704,0.5,730.9142857423722,26.908571425762783,3.6846835661496398,3.6196261120381847,143.0165048714702,34.52074259362931,0.9989114490904059,2.645636434334829
1705,0.5,730.7857143134519,26.921428568654814,3.6854528671956555,3.610272577040868,143.0238341006453,34.91267741010038,0.9988844402977237,2.638335624079078
1706,0.5,730.6571428845359,26.934285711546412,3.6826211949734633,3.6037223717335527,143.0311590349305,34.97226581994974,0.9987889590906832,2.633085491879921
1707,0.5,730.5285714556243,26.94714285443758,3.683486864522212,3.6066437679783454,143.03847967935644,34.932304397169254,0.9987618910636773,2.634756319570551
1708,0.5,730.4000000267167,26.95999999732833,3.6826491129642447,3.609432461815661,143.0457960389449,34.75791536043282,0.9987794461670895,2.636329470206591
1709,0.5,730.2714285978134,26.972857140218665,3.6847350895226425,3.61465958049931,143.05310811870882,34.65678236747929,0.9988392942236631,2.639682615746004
1710,0.5,730.1428571689142,26.985714283108575,3.678302536759351,3.6115880213853155,143.0604159236524,34.70340136453388,0.998885777863997,2.6369751968513
1711,0.5,730.0142857400191,26.998571425998087,3.68416685187879,3.61280018399619,143.0677194587711,34.9837793569633,0.9988213691094739,2.637395745841388
1712,0.5,729.885714311128,27.011428568887197,3.685831404121371,3.61901953547836,143.0750187290515,34.84312500426797,0.9988454107310684,2.6414706587585495
1713,0.5,729.7571428822408,27.02428571177592,3.6857405045711635,3.6154393154007844,143.08231373947157,34.6760741984076,0.9988360971064694,2.6383926650710015
1714,0.5,729.6285714533577,27.037142854664232,3.684027983751029,3.6147692406044274,143.0896044950005,34.6431998498286,0.9988925864936729,2.6374389171557473
1715,0.5,729.5000000244784,27.049999997552167,3.687695068364616,3.617924586085994,143.09689100059884,34.7811609187307,0.9988814547435201,2.6392759856382937
1716,0.5,729.3714285956029,27.06285714043971,3.6828779950086603,3.6079673569899344,143.10417326121845,34.57811569519205,0.9987844391172375,2.63154830549405
1717,0.5,729.2428571667311,27.07571428332689,3.6856770299832706,3.6126890485160676,143.1114512818025,34.25628137828101,0.9988783682352337,2.6345276837948166
1718,0.5,729.1142857378632,27.088571426213683,3.684472431084365,3.6138242131067004,143.11872506728562,34.414788797949264,0.998796859268715,2.6348908599214873
1719,0.5,728.9857143089988,27.101428569100115,3.687263042054917,3.613885970140915,143.12599462259374,34.95956164579479,0.9988588085990043,2.6344712453744443
1720,0.5,728.857142880138,27.1142857119862,3.680959930462271,3.6049703982662917,143.13325995264427,34.977206397845364,0.9988370647154793,2.627508424647843
1721,0.5,728.728571451281,27.1271428548719,3.6831590087677473,3.6147141412353783,143.14052106234593,34.347393895341135,0.99884947781859,2.634145472347201
1722,0.5,728.6000000224275,27.139999997757247,3.6860588017048905,3.6170143972094597,143.14777795659913,34.75719619063987,0.9988758674855692,2.6353566898879333
1723,0.5,728.4714285935775,27.15285714064225,3.6849570693447555,3.6107528997182388,143.15503064029548,34.40240894906242,0.9988955407515732,2.6303303231561475
1724,0.5,728.342857164731,27.16571428352691,3.6838076826622754,3.6176842486590335,143.16227911831825,34.65830378736904,0.9989020300204638,2.6349144819881634
1725,0.5,728.2142857358878,27.178571426411224,3.685353174364851,3.615246219679764,143.16952339554217,34.86577975696252,0.998804873495585,2.632673943623468
1726,0.5,728.085714307048,27.191428569295205,3.683101304792844,3.61003219943016,143.1767634768335,34.869775606355454,0.9987997391248477,2.6284128725935516
1727,0.5,727.9571428782115,27.204285712178855,3.684169140669548,3.617923706683775,143.18399936705,34.60518289764271,0.9988785283812461,2.633693404668869
1728,0.5,727.8285714493784,27.21714285506216,3.6798881410538384,3.609796407604473,143.19123107104113,34.95293148911691,0.9988063499361957,2.6273129625698615
1729,0.5,727.7000000205485,27.229999997945153,3.6847643574727402,3.6134780051071926,143.19845859364779,35.42245541557085,0.9988574588185419,2.6295279443907558
1730,0.5,727.5714285917219,27.242857140827816,3.684443905399834,3.6124031990632957,143.2056819397026,34.549078285428415,0.9989818056341598,2.6282813561917884
1731,0.5,727.4428571628982,27.255714283710176,3.6840118095658756,3.61332282762531,143.21290111402976,34.91687222955383,0.9987782892438033,2.6284858815796777
1732,0.5,727.314285734078,27.268571426592203,3.6809187499117417,3.6042830978716505,143.22011612144507,35.293449038395615,0.9988766485122333,2.6214465869119294
1733,0.5,727.1857143052606,27.281428569473942,3.6829606209124144,3.6070543905948957,143.2273269667561,34.653586505877925,0.9988462675435277,2.6229984235626755
1734,0.5,727.0571428764464,27.29428571235536,3.681155774053452,3.6121572647492663,143.234533654762,34.66736284827251,0.9988372932816338,2.6262447405290015
1735,0.5,726.9285714476351,27.30714285523649,3.6834147594404296,3.605228909716975,143.24173619025368,35.15704157890386,0.998853296219912,2.620743901082276
1736,0.5,726.8000000188268,27.319999998117318,3.6791763225224337,3.606379117649782,143.24893457801383,34.819792213104535,0.9987994725784771,2.6211163427757582
1737,0.5,726.6714285900216,27.332857140997834,3.684297946186991,3.6162832427160474,143.25612882281672,35.02971565460787,0.9987805604443187,2.627849710170626
1738,0.5,726.5428571612193,27.345714283878063,3.6822371596349197,3.604670782426473,143.26331892942855,34.9916099821924,0.9988011165313898,2.618947809389698
1739,0.5,726.4142857324198,27.358571426758015,3.684135752786314,3.6149039827634764,143.2705049026072,35.20060572338456,0.9988613303494317,2.62591789463041
1740,0.5,726.285714303623,27.3714285696377,3.683065576592273,3.6065623610786357,143.27768674710234,35.59723953220968,0.9989613079305167,2.6193947205965578
1741,0.5,726.1571428748291,27.384285712517087,3.6833826627051725,3.6130344356841224,143.2848644676556,34.60351448753236,0.9988313693906246,2.6236307629247526
1742,0.5,726.028571446038,27.397142855396204,3.6836139901637694,3.610197999910936,143.29203806900026,35.481494789397026,0.9988662438339738,2.6211068965126807
1743,0.5,725.9000000172497,27.409999998275037,3.6823116110976133,3.6094378014895447,143.29920755586156,35.03304466327367,0.9987710121343466,2.620090900163522
1744,0.5,725.7714285884639,27.42285714115361,3.6845106340406555,3.6127386156194765,143.30637293295658,35.23525676318098,0.9988682831405307,2.622022466174857
1745,0.5,725.642857159681,27.43571428403191,3.682232053657088,3.608565890266981,143.31353420499434,35.38727288870645,0.9988718613646386,2.6185300628623
1746,0.5,725.5142857309004,27.44857142690996,3.6847222911283897,3.6148434863605594,143.3206913766757,34.949958015017366,0.9987955948022736,2.622620590035879
1747,0.5,725.3857143021226,27.46142856978775,3.687120957872443,3.6148766913033175,143.3278444526935,35.3693350771643,0.9988457981664072,2.62217991083515
1748,0.5,725.2571428733474,27.474285712665257,3.6857298933262492,3.611463653066494,143.33499343773252,34.59371002409032,0.9988362023387655,2.6192398106139474
1749,0.5,725.1285714445745,27.487142855542544,3.68254291959029,3.612854892126761,143.3421383364695,35.097342579516656,0.9987727632852884,2.61978430676442
1750,0.5,725.0000000158044,27.499999998419554,3.6820173427921543,3.606146546322003,143.34927915357315,34.7754168095258,0.9988453510532551,2.6144562461404455
1751,0.5,724.8714285870367,27.512857141296333,3.682250475122384,3.6140718553939557,143.35641589370422,35.13123122106434,0.9988074440266742,2.619737428835619
1752,0.5,724.7428571582712,27.525714284172874,3.686059530150882,3.6171100477205758,143.36354856151544,35.07012328457971,0.9988316130478746,2.621474670640901
1753,0.5,724.6142857295083,27.538571427049174,3.6873503748375134,3.618058640193513,143.3706771616516,34.694638109504325,0.9988578228663036,2.6216969772912986
1754,0.5,724.485714300748,27.551428569925196,3.6818035302598213,3.6127989310536233,143.37780169874955,34.71429157653645,0.9988178126632565,2.617421214189363
1755,0.5,724.3571428719897,27.56428571280103,3.6822262369550587,3.6119750053408906,143.38492217743828,34.71375288290225,0.9988499580461506,2.616359894993767
1756,0.5,724.2285714432339,27.577142855676605,3.6791523723507726,3.610007137004107,143.39203860233872,34.22858130174239,0.9988583229726976,2.6144703117323633
1757,0.5,724.1000000144803,27.589999998551974,3.683945548360426,3.6107477989930197,143.39915097806403,35.3698237475865,0.9989058577633403,2.6145424813031304
1758,0.5,723.971428585729,27.602857141427105,3.6855849300941164,3.6172842811465253,143.40625930921948,35.143929611166406,0.9988303354969068,2.6188104686223515
1759,0.5,723.8428571569799,27.61571428430201,3.6839573325731076,3.6155548616831985,143.41336360040248,35.03556948310136,0.9987291817213964,2.6170935612885757
1760,0.5,723.714285728233,27.628571427176695,3.6800660644168786,3.6137630617927585,143.42046385620256,34.810203773353976,0.9988186039865293,2.6153319530564185
1761,0.5,723.5857142994884,27.64142857005116,3.6853041802709683,3.6162804646220432,143.42756008120156,35.23041697251998,0.9988562802795162,2.616688883100827
1762,0.5,723.4571428707458,27.654285712925418,3.679163080000441,3.6141013670201074,143.4346522799734,34.95490848994804,0.9989034514007856,2.614647449029624
1763,0.5,723.3285714420055,27.667142855799455,3.6836832383507225,3.6103565081676496,143.4417404570842,34.99416680276959,0.9988404557032062,2.6114740154492533
1764,0.5,723.2000000132671,27.67999999867329,3.6866938346998888,3.611090301663455,143.44882461709244,35.19904463193422,0.9989391110798891,2.611540506210919
1765,0.5,723.071428584531,27.692857141546902,3.6823651237477986,3.6107449907430946,143.45590476454882,34.733405821993614,0.9989309926166586,2.6108265387110485
1766,0.5,722.9428571557968,27.705714284420324,3.681109369272593,3.611315534956402,143.4629809039962,34.50145338090419,0.9988055161686388,2.610774770932496
1767,0.5,722.8142857270645,27.718571427293547,3.6838133356162768,3.6087373934817446,143.47005303996986,35.02053373597516,0.9987815330613766,2.608446941446056
1768,0.5,722.6857142983343,27.73142857016656,3.683539020200441,3.60825394305412,143.47712117699731,34.78468230626102,0.9988617407236686,2.607633578205848
1769,0.5,722.5571428696062,27.744285713039385,3.6795446079842162,3.60969564737826,143.48418531959842,34.86363721813854,0.998928221391291,2.608211373598489
1770,0.5,722.4285714408798,27.757142855912022,3.682294980133525,3.6079032359585743,143.4912454722854,35.14670483374302,0.9988981527656999,2.6064523806504805
1771,0.5,722.3000000121556,27.769999998784446,3.6784667395163666,3.604792753608087,143.49830163956284,35.497294462201125,0.9987962078659977,2.6037418059749395
1772,0.5,722.1714285834331,27.78285714165669,3.6808910848292933,3.6043650007346453,143.50535382592759,35.02189361192389,0.9987853154770897,2.602969421716666
1773,0.5,722.0428571547126,27.79571428452874,3.6842192563302674,3.607956181800978,143.51240203586906,34.988409919164184,0.9988384096517535,2.6050989899965855
1774,0.5,721.914285725994,27.808571427400597,3.682097150407995,3.609622818913884,143.51944627386897,34.848142273348905,0.9988034437382145,2.6058382790564654
1775,0.5,721.785714297277,27.8214285702723,3.6857643057087364,3.615272669018153,143.52648654440142,35.26958475257398,0.9989006173780928,2.6094521657866903
1776,0.5,721.657142868562,27.834285713143803,3.684106708221527,3.611423176436167,143.53352285193313,35.32244282027577,0.998835485946611,2.6062093311962307
1777,0.5,721.5285714398487,27.84714285601513,3.6867828054434253,3.6156397854595608,143.54055520092314,35.1681778639471,0.9989258459294604,2.6087874092437184
1778,0.5,721.4000000111371,27.859999998886288,3.6849337578792896,3.6110506133983837,143.54758359582294,35.303504491356954,0.9987836012588689,2.6050119125458107
1779,0.5,721.2714285824273,27.87285714175727,3.6827813710248583,3.61153072284642,143.55460804107665,35.20782390795883,0.9988392417755027,2.6048939238367637
1780,0.5,721.1428571537193,27.885714284628072,3.6813577987581185,3.6107743809239006,143.56162854112077,35.33808879294689,0.9988137008781738,2.6038841535969137
1781,0.5,721.014285725013,27.8985714274987,3.6832163600264622,3.6129110019429183,143.56864510038443,35.324865918800356,0.9988650736836426,2.6049604454539144
1782,0.5,720.8857142963084,27.911428570369157,3.6842022428307915,3.6142269543961345,143.57565772328925,35.40001898848109,0.9988701080128418,2.6054445796488284
1783,0.5,720.7571428676051,27.924285713239485,3.6822285889151543,3.6114422337754304,143.58266641424945,34.98836534470531,0.9988179487559037,2.602972786047381
1784,0.5,720.6285714389039,27.93714285610961,3.68392206993435,3.612304208526298,143.58967117767173,34.991322077310016,0.998875091658431,2.603129621393047
1785,0.5,720.5000000102041,27.949999998979592,3.6817184296752417,3.6113032129096023,143.59667201795557,34.800864709842465,0.9989130949524195,2.6019439649382186
1786,0.5,720.3714285815059,27.962857141849405,3.6841976144607482,3.613786432780631,143.60366893949282,35.21105585335157,0.9987805139457856,2.6032684951706475
1787,0.5,720.2428571528093,27.97571428471908,3.679876085721301,3.608291796422933,143.61066194666824,35.100122114904515,0.9988631734634491,2.598846392896696
1788,0.5,720.1142857241143,27.98857142758857,3.6852828791808347,3.614721312847254,143.61765104385898,34.92913534408361,0.9988784569636483,2.603012456292733
1789,0.5,719.9857142954207,28.001428570457932,3.6819793893212047,3.6113690158762477,143.62463623543502,35.40219951002466,0.9988206885823987,2.6001341004800107
1790,0.5,719.8571428667286,28.014285713327137,3.6861117725427834,3.613272626799633,143.6316175257589,35.23740357586309,0.9989101556414692,2.601040109526543
1791,0.5,719.7285714380382,28.027142856196175,3.6835578402979228,3.609243703291293,143.63859491918595,35.129637412240164,0.9988580612267852,2.597675814541577
1792,0.5,719.6000000093492,28.03999999906508,3.682288983584717,3.608941654495483,143.64556842006414,35.524148047105356,0.9988367202607628,2.59699441460869
1793,0.5,719.4714285806616,28.052857141933842,3.6866444045897726,3.6143354531497813,143.65253803273424,34.93944313511099,0.9988340473326947,2.6004110918474064
1794,0.5,719.3428571519754,28.065714284802457,3.685022894598916,3.6114568793848227,143.65950376152975,35.5867887632655,0.9988465801362091,2.5978757100978354
1795,0.5,719.2142857232908,28.078571427670916,3.6839433362845093,3.6099329771983553,143.6664656107768,35.26687820644547,0.998845855280073,2.5963153677046678
1796,0.5,719.0857142946074,28.091428570539257,3.685242366046855,3.6120091451463403,143.67342358479448,34.794135974623714,0.9987908832416731,2.5973441761762106
1797,0.5,718.9571428659256,28.10428571340744,3.681779508891185,3.611848383346612,143.68037768789458,35.000195543488296,0.9987969960236958,2.596764194155792
1798,0.5,718.828571437245,28.11714285627549,3.682520742264978,3.6106177157336257,143.6873279243817,35.248067192836196,0.9987816910949916,2.595415174606811
1799,0.5,718.7000000085659,28.129999999143408,3.6824944484376885,3.613505362955834,143.69427429855318,35.397820129609386,0.9988649437199099,2.5970263043873105
1800,0.5,718.5714285798881,28.14285714201119,3.681595914532887,3.608901344690928,143.70121681469945,34.91084485211526,0.9988741787322518,2.5932533948584395
1801,0.5,718.4428571512115,28.15571428487885,3.684795097299761,3.612246710006793,143.70815547710353,35.17771848294483,0.9988039342670553,2.595192847072344
1802,0.5,718.3142857225363,28.168571427746368,3.6828604205260222,3.616004915185261,143.71509029004147,35.08161004103647,0.9988565400912353,2.597427987820481
1803,0.5,718.1857142938624,28.181428570613765,3.684909382196606,3.612756318451442,143.7220212577821,34.90988595498234,0.9988623614983544,2.5946299771367136
1804,0.5,718.0571428651897,28.194285713481026,3.6861369252206098,3.614730820180424,143.72894838458726,35.2969370951814,0.998842824248547,2.5955832849654987
1805,0.5,717.9285714365184,28.207142856348167,3.6788169718279153,3.607897999433521,143.73587167471163,35.16970228849688,0.9987996308753064,2.5902130566219803
1806,0.5,717.8000000078482,28.219999999215183,3.685534708984482,3.6108032228444995,143.74279113240286,35.34917527247712,0.9987832425109195,2.59183455338612
1807,0.5,717.6714285791793,28.232857142082068,3.6837325421204867,3.6076347048784996,143.74970676190154,35.39218909806707,0.9988509824464011,2.5890963524419783
1808,0.5,717.5428571505116,28.245714284948843,3.684524588696471,3.608751571376344,143.75661856744117,35.20003667786654,0.9988038284089352,2.58943391327178
1809,0.5,717.4142857218451,28.258571427815493,3.6844857749445765,3.6074119566639875,143.76352655324837,35.219568514001764,0.9988692561664257,2.5880088721945382
1810,0.5,717.2857142931797,28.271428570682033,3.6833852990360043,3.6068934074166314,143.77043072354266,35.676772935089645,0.9988478081521215,2.5871731141181993
1811,0.5,717.1571428645155,28.284285713548442,3.685026656864123,3.611869368191623,143.77733108253653,35.3592452876153,0.9988546068224606,2.590277916492167
1812,0.5,717.0285714358525,28.297142856414748,3.6821449203832937,3.61688989006523,143.78422763443564,35.2726327963988,0.9988616022585142,2.59341339091425
1813,0.5,716.9000000071907,28.309999999280933,3.6817279147333952,3.6081648611063417,143.7911203834385,35.31596878403379,0.998808813194815,2.5866933889530817
1814,0.5,716.7714285785299,28.322857142147008,3.6811082821319823,3.6093200854731484,143.7980093337369,35.240843997751476,0.9989508647210421,2.5870575138617706
1815,0.5,716.6428571498702,28.33571428501298,3.68263268621903,3.608750091487943,143.80489448951548,35.556385832638064,0.9989319216695635,2.5861849763037754
1816,0.5,716.5142857212118,28.34857142787882,3.6797822967601577,3.611557298083324,143.81177585495215,35.0594579580435,0.9988197915038958,2.5877323977774025
1817,0.5,716.3857142925542,28.36142857074457,3.680200131322062,3.6068824626545823,143.8186534342178,34.96667094306168,0.9988138739364456,2.5839190693780902
1818,0.5,716.2571428638979,28.374285713610202,3.6823008049806627,3.6099490788151862,143.8255272314765,35.46477278822496,0.998857400629241,2.5856518130763257
1819,0.5,716.1285714352424,28.387142856475755,3.6828106985806293,3.6147844796565596,143.83239725088552,35.444667376667624,0.9989043478375208,2.588650445462738
1820,0.5,716.0000000065883,28.399999999341176,3.683222732591268,3.6093850661106126,143.8392634965951,34.99264118121773,0.9987043512306204,2.5843197073589783
1821,0.5,715.8714285779349,28.412857142206505,3.6820870048847016,3.6066971256619125,143.8461259727488,35.398658097,0.9989079832938805,2.581931423795525
1822,0.5,715.7428571492827,28.425714285071724,3.678425805243485,3.608518240383589,143.8529846834833,34.95696801642288,0.9987511303050014,2.5827711554474524
1823,0.5,715.6142857206314,28.438571427936854,3.6874149989116995,3.6177548900572654,143.85983963292844,34.525161944523894,0.9989108128326211,2.588917081560651
1824,0.5,715.4857142919813,28.451428570801873,3.6824748084461594,3.6150197588346726,143.8666908252074,35.14493779733742,0.9988535270585122,2.5864949943294513
1825,0.5,715.357142863332,28.464285713666804,3.683156526735513,3.605005259878348,143.8735382644364,35.46712361129468,0.9988834073626752,2.5788662627138588
1826,0.5,715.2285714346835,28.477142856531646,3.681000193495037,3.610636495567824,143.88038195472507,35.631556638310364,0.998844551901092,2.582430382694907
1827,0.5,715.1000000060362,28.489999999396375,3.685174311516415,3.6151519005412243,143.8872219001762,35.92440349480832,0.9988563804729916,2.5851951240988513
1828,0.5,714.9714285773898,28.502857142261018,3.684978589687791,3.612599362028141,143.89405810488583,35.64882475705604,0.9988604129441092,2.582905326747027
1829,0.5,714.8428571487444,28.51571428512556,3.683773830919136,3.61404708737488,143.90089057294333,35.35634328790105,0.9988271816876821,2.583475745809157
1830,0.5,714.7142857200997,28.528571427990023,3.67927780164179,3.608008237794617,143.90771930843138,35.10538019292287,0.9988046158158126,2.5786950305476157
1831,0.5,714.5857142914563,28.54142857085438,3.6821079014865816,3.6121162396196946,143.91454431542593,35.63533452290906,0.9988661884089348,2.5811666631924086
1832,0.5,714.4571428628134,28.554285713718663,3.682506037197368,3.6113901079254185,143.9213655979963,35.201150189714646,0.9989198843016694,2.580183458271422
1833,0.5,714.3285714341716,28.56714285658284,3.6861027489124885,3.6123369969780055,143.92818316020512,35.10164727038725,0.9987848814012258,2.580395526590104
1834,0.5,714.2000000055306,28.579999999446947,3.68099600862465,3.606232295095143,143.9349970061084,35.57119114082506,0.9988518574390988,2.5755711051768952
1835,0.5,714.0714285768903,28.59285714231097,3.6845403325757577,3.6131103606304538,143.94180713975544,35.54908134192284,0.998827725749623,2.5800188768213514
1836,0.5,713.9428571482512,28.605714285174887,3.6859572228868287,3.618815483934629,143.94861356518908,35.25403750391398,0.9988577444618755,2.58362746609262
1837,0.5,713.8142857196127,28.61857142803873,3.682311012558194,3.609544881502008,143.95541628644543,35.32833602850346,0.99878505433528,2.5765447013622396
1838,0.5,713.6857142909752,28.631428570902486,3.6822751988767983,3.613118330362104,143.96221530755403,35.91570970445299,0.9988897461317813,2.578630936422294
1839,0.5,713.5571428623383,28.64428571376617,3.683100013630639,3.6151515164835235,143.96901063253787,35.48503238995288,0.9988362131258404,2.5796171871164324
1840,0.5,713.4285714337025,28.657142856629758,3.6801502257316794,3.611722343829848,143.97580226541348,35.818077825134104,0.9987947020533634,2.576705912173712
1841,0.5,713.3000000050672,28.669999999493278,3.6802834224839187,3.614267416146548,143.98259021019064,35.58780638341681,0.9987883606976128,2.5780569479556465
1842,0.5,713.1714285764327,28.68285714235672,3.6821733005592785,3.6119082648919307,143.98937447087278,35.84806036868608,0.9988825518656609,2.575909777160003
1843,0.5,713.0428571477993,28.695714285220074,3.6859996876051797,3.6161821090851527,143.99615505145675,35.66724243015982,0.9989032247199761,2.578492823028832
1844,0.5,712.9142857191664,28.708571428083363,3.6817742980066472,3.608018619175103,144.00293195593284,35.11347876302993,0.9988801816235525,2.5722080167506713
1845,0.5,712.7857142905344,28.72142857094656,3.681363700417613,3.610122371510395,144.00970518828498,35.57371730734786,0.9988249593259436,2.573243653253275
1846,0.5,712.6571428619029,28.734285713809705,3.6819508597676434,3.6129146182315086,144.0164747524905,36.03527685941127,0.9988208033995617,2.5747694092328697
1847,0.5,712.5285714332725,28.747142856672745,3.681190921273395,3.614965872958959,144.02324065252037,35.58131099618627,0.9988138093967418,2.57576646923948
1848,0.5,712.4000000046426,28.759999999535736,3.682083498075179,3.6126330551743417,144.03000289233904,35.53404325581048,0.998846275258088,2.573639788522973
1849,0.5,712.2714285760136,28.772857142398646,3.6801575728629174,3.605804131908396,144.03676147590463,35.89967410619217,0.9988624735883131,2.568311260199686
1850,0.5,712.1428571473851,28.785714285261488,3.6847464124985825,3.6076194946542683,144.04351640716874,35.39685206125946,0.9988569370284476,2.5691404544236964
1851,0.5,712.0142857187575,28.798571428124255,3.6840627546842635,3.6182821373305325,144.05026769007657,35.63741358300461,0.9987967508891857,2.576268571540338
1852,0.5,711.8857142901305,28.81142857098695,3.68119259358292,3.605144267590735,144.05701532856702,35.98622822359074,0.9988335883546902,2.5664507020528
1853,0.5,711.7571428615041,28.824285713849584,3.6814225224378445,3.6128321351342896,144.06375932657252,35.99256776404218,0.9988252588167217,2.5714590781414093
1854,0.5,711.6285714328786,28.837142856712138,3.6816594714460242,3.610497090900575,144.0704996880192,35.08659459749293,0.9988660715762216,2.5693328869601406
1855,0.5,711.5000000042536,28.84999999957464,3.6840485167084567,3.612563136291578,144.07723641682685,35.81306804903696,0.9988418250552111,2.5703386714868244
1856,0.5,711.3714285756294,28.862857142437058,3.6830280739976473,3.6151495169669787,144.08396951690884,35.63940108307433,0.9989221596126749,2.5717140763992963
1857,0.5,711.2428571470058,28.875714285299424,3.6843904874222,3.61155487252008,144.0906989921723,35.59876163881759,0.9988069966497012,2.568692606274372
1858,0.5,711.1142857183829,28.888571428161715,3.685100634801841,3.621379437242401,144.09742484651807,35.54071000202755,0.9988555980426388,2.5752146518298695
1859,0.5,710.9857142897605,28.901428571023946,3.6836310668686933,3.6118572669400044,144.1041470838406,35.57310948779665,0.9988724709104913,2.5679789188480013
1860,0.5,710.8571428611388,28.914285713886123,3.679726908317682,3.6050515393597964,144.11086570802814,35.699436756277734,0.9988439148504019,2.5626766371364553
1861,0.5,710.7285714325178,28.927142856748222,3.683042079168243,3.6127402809668543,144.11758072296266,35.99352106869915,0.9987879559664783,2.5676777388482854
1862,0.5,710.6000000038972,28.93999999961028,3.6812756763085597,3.6124369854627085,144.12429213251988,35.66714394077387,0.9988497896346407,2.566997721883879
1863,0.5,710.4714285752774,28.952857142472254,3.6850503780142745,3.607482734262515,144.13099994056918,36.09309277887118,0.9988502071736661,2.5630134117721366
1864,0.5,710.3428571466583,28.965714285334176,3.6800712917683933,3.611642357624335,144.13770415097395,36.19085657231364,0.9989155308569676,2.565504351306763
1865,0.5,710.2142857180396,28.97857142819604,3.682110127761972,3.612129517294821,144.1444047675911,35.81824246252789,0.9987716847627509,2.5653859850465888
1866,0.5,710.0857142894215,28.991428571057853,3.6877304692590966,3.6126757578107345,144.15110179427154,36.28259903596969,0.9988385610555688,2.5653094459811125
1867,0.5,709.9571428608041,29.004285713919586,3.683128428322863,3.610286238454673,144.15779523485986,36.08809113801696,0.9989294507482407,2.5631485027629592
1868,0.5,709.8285714321871,29.017142856781287,3.682952927734081,3.608990911152984,144.16448509319454,35.464793433668895,0.99887342644088,2.5617648627754703
1869,0.5,709.7000000035707,29.029999999642932,3.6781290432946188,3.601219413090938,144.1711713731079,35.68315914658657,0.9988551689275852,2.5557854174834973
1870,0.5,709.571428574955,29.042857142504495,3.681608478094001,3.6082256140781146,144.17785407842612,35.169130448447135,0.998820203066221,2.560293803602152
1871,0.5,709.4428571463399,29.05571428536602,3.6822562821838534,3.6110406601879212,144.1845332129692,35.863662832381095,0.9987422223097829,2.5618270032353245
1872,0.5,709.3142857177252,29.068571428227486,3.6856886767755404,3.607257983932073,144.1912087805511,35.85204885794304,0.9988170209435594,2.5586796202723394
1873,0.5,709.1857142891109,29.081428571088907,3.6845183172961744,3.6140757257861247,144.1978807849796,35.64603721623347,0.9988237828262568,2.56305087508657
1874,0.5,709.0571428604974,29.094285713950264,3.6792118005977628,3.6068387893527487,144.2045492300564,35.48933770519868,0.9987922219312974,2.5574548067368754
1875,0.5,708.9285714318842,29.107142856811585,3.6803013092093564,3.6082254426304963,144.21121411957714,35.587678292386315,0.9988828264280097,2.5579741084482155
1876,0.5,708.8000000032717,29.119999999672828,3.6814443980432743,3.6048640012090503,144.21787545733136,35.48298149905005,0.9988404931079342,2.555127604068769
1877,0.5,708.6714285746596,29.132857142534043,3.6788572646643014,3.6106873208158823,144.2245332471026,35.65492906824031,0.9988322386508519,2.5587909417790016
1878,0.5,708.5428571460479,29.145714285395208,3.6827689677649214,3.6126373873978124,144.2311874926683,35.92800373202549,0.9988009931366895,2.5597084162994803
1879,0.5,708.4142857174369,29.15857142825631,3.681060467300773,3.614842973709754,144.23783819779993,35.10417337529038,0.9987881866876394,2.560806403201291
1880,0.5,708.2857142888264,29.171428571117364,3.6807186441933566,3.61129424354985,144.24448536626286,35.826374887639545,0.9988545125665715,2.5578281227998327
1881,0.5,708.1571428602163,29.184285713978376,3.680739824041052,3.6095683289447793,144.25112900181657,35.45853972751077,0.9988106078551863,2.5561415947842603
1882,0.5,708.0285714316066,29.197142856839342,3.680955505699658,3.606646134480808,144.2577691082144,35.45299803779614,0.9988490678845167,2.5536085102557724
1883,0.5,707.9000000029976,29.209999999700244,3.683060492407795,3.608460641727781,144.26440568920387,35.62049905988306,0.998859790507944,2.5544292882899127
1884,0.5,707.7714285743888,29.22285714256112,3.682759077953383,3.6149208356151084,144.2710387485264,35.68694814728944,0.9988545683567095,2.5585376840066285
1885,0.5,707.6428571457807,29.23571428542193,3.6837766696261043,3.6086321731916717,144.27766828991753,35.44510289964088,0.9987695233866796,2.5536227814255423
1886,0.5,707.5142857171729,29.24857142828271,3.683266122758822,3.610516341656535,144.28429431710688,35.85268146730367,0.9988443979863062,2.554491890537304
1887,0.5,707.3857142885655,29.261428571143444,3.6828497047033646,3.612593525436724,144.29091683381807,35.66119263414399,0.9988755617776323,2.555497051425304
1888,0.5,707.2571428599588,29.274285714004122,3.68365020211376,3.6073313328296406,144.29753584376886,35.71673444398483,0.998915446618518,2.551310851806299
1889,0.5,707.1285714313524,29.287142856864754,3.689605413890272,3.617317744077319,144.3041513506711,35.80165751576211,0.9987560465913619,2.5579087287826767
1890,0.5,707.0000000027464,29.299999999725358,3.6826431604751972,3.610282309422865,144.31076335823073,35.62942607331982,0.9989264891776375,2.552469592771881
1891,0.5,706.8714285741407,29.312857142585923,3.682832635758211,3.607688652806467,144.31737187014778,35.47785250499441,0.9988746705956956,2.5501720318600247
1892,0.5,706.7428571455357,29.325714285446423,3.6811376738501007,3.6061677178572578,144.32397689011654,35.30533636692716,0.9988311118039681,2.548633276264434
1893,0.5,706.614285716931,29.338571428306903,3.6835875949091585,3.6138574644152675,144.3305784218253,35.88922011009704,0.9989200224648934,2.553603310900594
1894,0.5,706.4857142883268,29.351428571167325,3.680011311370262,3.608420552553374,144.33717646895659,35.9360533893988,0.9987556184813758,2.5492975715233492
1895,0.5,706.3571428597229,29.364285714027705,3.6819990424508022,3.6065394339057466,144.3437710351871,35.89625367304749,0.9987957336135734,2.5475048901445856
1896,0.5,706.2285714311193,29.37714285688806,3.6836792524964963,3.6162611146527164,144.35036212418768,35.76817781252123,0.9988050112896953,2.553906920923095
1897,0.5,706.1000000025163,29.389999999748373,3.6799340265119067,3.6089415569841727,144.35694973962342,35.562060151889206,0.9988838981750152,2.5482736333956053
1898,0.5,705.9714285739136,29.40285714260864,3.685675072147727,3.6186821777300056,144.36353388515357,36.391796841226636,0.9988428573531181,2.554686226567013
1899,0.5,705.8428571453113,29.415714285468862,3.6832714440605683,3.6087270613905766,144.37011456443165,35.45260051771763,0.9988742366323023,2.5471942196695276
1900,0.5,705.7142857167094,29.428571428329064,3.6794903154516585,3.6102744111680676,144.37669178110534,35.59802233028839,0.9988267447811975,2.547822227318786
1901,0.5,705.5857142881079,29.44142857118921,3.685806402706306,3.6143805313940685,144.3832655388167,36.01584196901896,0.9988234838575035,2.5502552689527147
1902,0.5,705.4571428595067,29.454285714049334,3.6840394765174596,3.6110569453123325,144.38983584120186,35.589123329849116,0.9987874746713855,2.5474459153430162
1903,0.5,705.328571430906,29.4671428569094,3.679190089917641,3.6032145745750483,144.39640269189138,36.075480998023885,0.9988326864053463,2.5414501884440384
1904,0.5,705.2000000023054,29.479999999769458,3.6804000391977683,3.6105518785494075,144.40296609451002,35.93435854227316,0.9988590023882613,2.546161184761366
1905,0.5,705.0714285737054,29.492857142629457,3.6803180296296754,3.606722348363463,144.40952605267685,35.990463413611074,0.9988231272572539,2.542996878629336
1906,0.5,704.9428571451058,29.505714285489425,3.6843084387120726,3.6144204543816225,144.41608257000524,36.340684957540425,0.9988519184872958,2.5479598820354927
1907,0.5,704.8142857165063,29.51857142834937,3.681006392053585,3.608932939722333,144.4226356501029,36.59520121037984,0.9988908359862244,2.5436274921091675
1908,0.5,704.6857142879073,29.53142857120926,3.6819739013418267,3.6118955118293554,144.42918529657186,35.8413650877573,0.9988204038711821,2.545251168686756
1909,0.5,704.5571428593086,29.54428571406914,3.684535698627974,3.613598953137547,144.43573151300845,36.18901648993377,0.9989237523009332,2.545986953861979
1910,0.5,704.4285714307103,29.557142856928962,3.681275290145168,3.609985727944491,144.44227430300342,36.19981394707245,0.9988760301007373,2.542977089221191
1911,0.5,704.3000000021123,29.569999999788777,3.6815100996275,3.6094399574634615,144.44881367014185,36.49738261322498,0.9988083059090009,2.54212856204914
1912,0.5,704.1714285735146,29.582857142648532,3.6831798064580465,3.6124356248488714,144.45534961800317,35.49606233463986,0.998868609103496,2.5437739545796867
1913,0.5,704.0428571449173,29.59571428550827,3.6795554772723444,3.6079686390015704,144.46188215016124,36.301843217432356,0.9988112053564924,2.5401645490919247
1914,0.5,703.9142857163204,29.60857142836797,3.679195932725785,3.6068908338297843,144.46841127018433,35.93130581950633,0.9988419768711628,2.538941984952036
1915,0.5,703.7857142877236,29.621428571227636,3.6826811526382413,3.6112958340018504,144.47493698163507,35.50376855303862,0.9988895645345002,2.541578418037273
1916,0.5,703.6571428591271,29.634285714087284,3.6778851674440127,3.604578822133623,144.48145928807054,36.19032680246163,0.9987975701909944,2.536387635193063
1917,0.5,703.5285714305312,29.647142856946886,3.679308659765476,3.604806718604253,144.4879781930423,35.80822931440147,0.998935937104577,2.536084521022831
1918,0.5,703.4000000019353,29.659999999806473,3.679215400366817,3.608230740309738,144.49449370009626,35.89984057670645,0.9987947998485808,2.5380295027408524
1919,0.5,703.2714285733399,29.67285714266601,3.6794325522397866,3.6036175413264653,144.50100581277283,36.068655772729215,0.9988692527813597,2.53432125632061
1920,0.5,703.1428571447447,29.685714285525535,3.6848185549999575,3.609697265276563,144.50751453460694,35.33482557602327,0.998864219381244,2.5381328485341337
1921,0.5,703.0142857161499,29.698571428385012,3.6832340602927656,3.6145320195307162,144.51401986912796,35.40904469954337,0.9989101767809748,2.541067645908539
1922,0.5,702.8857142875552,29.71142857124448,3.682434804072438,3.6162280374667835,144.52052181985974,35.92005706227085,0.9989047975928116,2.5417950271415237
1923,0.5,702.757142858961,29.724285714103903,3.6810064582462183,3.6151947910033604,144.52702039032067,35.8345475136666,0.9987593488925469,2.54060396220412
1924,0.5,702.628571430367,29.737142856963306,3.682634280931553,3.6137928268111037,144.53351558402355,36.37446137087092,0.9988320536065779,2.5391540913475934
1925,0.5,702.5000000017732,29.749999999822684,3.6829477567042157,3.610642528205378,144.5400074044759,36.403892066125266,0.998887367426239,2.5364763760706803
1926,0.5,702.3714285731799,29.76285714268202,3.6811356220018068,3.6117798451835497,144.5464958551796,35.99952064569608,0.9988942917799684,2.5368109695533883
1927,0.5,702.2428571445865,29.775714285541344,3.6813766912832757,3.60937564045312,144.55298093963114,35.84076499728518,0.998756616422035,2.5346582622598706
1928,0.5,702.1142857159937,29.788571428400633,3.6796969261120536,3.610790515307166,144.55946266132162,36.20314201351029,0.9987951764645198,2.535187603524976
1929,0.5,701.9857142874009,29.8014285712599,3.6831040514296234,3.610920902445805,144.56594102373663,36.254515654861216,0.9988125176578957,2.5348148889387248
1930,0.5,701.8571428588086,29.814285714119137,3.6820922685896633,3.606351302727092,144.57241603035644,36.37262212854052,0.998860782649829,2.5311434214771795
1931,0.5,701.7285714302164,29.82714285697835,3.682340679388721,3.617386320534239,144.5788876846558,36.38797875726658,0.9989059762234879,2.5384233350196985
1932,0.5,701.6000000016247,29.83999999983753,3.682761553004765,3.6089293781091265,144.58535599010415,36.17719805537184,0.9988370068293083,2.532024851687227
1933,0.5,701.471428573033,29.8528571426967,3.681410888758471,3.612683882424099,144.5918209501655,35.95240544096015,0.998847040381699,2.534194523986804
1934,0.5,701.3428571444417,29.86571428555582,3.6823371220082524,3.6055418572292446,144.59828256829854,36.212405375427345,0.9988729156764445,2.5287210277030354
1935,0.5,701.2142857158506,29.878571428414947,3.682182936681077,3.6106575299463177,144.60474084795655,35.962137438332405,0.9988030451044766,2.531844640825865
1936,0.5,701.0857142872596,29.891428571274037,3.6808151015727777,3.6031168021643922,144.61119579258744,36.224723742169466,0.9987677658588596,2.5260937169058497
1937,0.5,700.957142858669,29.904285714133096,3.6811640987974354,3.602600627682748,144.6176474056339,35.869455104130026,0.9988612088262865,2.525268642841347
1938,0.5,700.8285714300786,29.91714285699214,3.682232744130662,3.610014530678346,144.62409569053312,36.14616052916501,0.9987493721857688,2.530001326377131
1939,0.5,700.7000000014884,29.929999999851155,3.683789307639066,3.6102168990049495,144.63054065071717,36.08944878842447,0.9988556333910564,2.529678981138142
1940,0.5,700.5714285728985,29.942857142710146,3.6767246965169407,3.6086756355731957,144.6369822896126,35.9837172204008,0.9988616055441831,2.528135045269726
1941,0.5,700.4428571443088,29.955714285569112,3.681338221863666,3.607167374736099,144.64342061064087,36.487148195987594,0.9987734534513933,2.5266146221578887
1942,0.5,700.3142857157194,29.96857142842806,3.682606009844192,3.6086897323199403,144.64985561721798,36.25199368845234,0.998878492332883,2.527216972259289
1943,0.5,700.1857142871302,29.981428571286983,3.683399320725469,3.6127433397679107,144.6562873127548,35.92295709281379,0.9988211359346965,2.529591275891467
1944,0.5,700.0571428585413,29.994285714145875,3.682668445614455,3.6139494568120085,144.66271570065683,36.249730620109645,0.998823871996819,2.529971131170992
1945,0.5,699.9285714299524,30.007142857004766,3.68241946826351,3.612829548473286,144.66914078432438,36.25477287792705,0.9988782718118723,2.528722624682827
1946,0.5,699.8000000013637,30.01999999986362,3.681185134598149,3.61157187449234,144.6755625671525,36.01282330620589,0.9988379331159768,2.527377997774665
1947,0.5,699.6714285727754,30.032857142722456,3.6831325643880146,3.6068032733662276,144.681981052531,36.04956093837664,0.9988468049185921,2.5235771988571107
1948,0.5,699.5428571441873,30.04571428558127,3.6823051050055104,3.6124530630972047,144.68839624384452,35.43451211762384,0.9987498932218766,2.52706573705829
1949,0.5,699.4142857155992,30.05857142844007,3.6839537823947532,3.6138263137616495,144.69480814447243,36.72095042884657,0.9988271472079578,2.5275617499398413
1950,0.5,699.2857142870117,30.07142857129883,3.684352032793369,3.6186801720723167,144.7012167577889,35.45721790150599,0.9987499784524967,2.530491348903836
1951,0.5,699.157142858424,30.0842857141576,3.680953099864333,3.604337998207385,144.70762208716297,36.60313731392416,0.9988194836998513,2.5199986567227266
1952,0.5,699.0285714298368,30.097142857016323,3.6805412108049245,3.611891719350002,144.71402413595848,36.35002444623514,0.998803546086541,2.5248155087364887
1953,0.5,698.9000000012495,30.109999999875047,3.6833006742822914,3.6081760415618787,144.7204229075341,35.95061657000104,0.9988915190729977,2.5217542354521054
1954,0.5,698.7714285726627,30.12285714273373,3.6802365357521682,3.606373359933983,144.72681840524334,36.02725129835975,0.9988044065820068,2.5200306646874626
1955,0.5,698.642857144076,30.135714285592407,3.6768276993470588,3.599783633956379,144.73321063243452,36.21672256472076,0.9989012262337725,2.514963123127769
1956,0.5,698.5142857154892,30.148571428451078,3.683280876824811,3.60935351830307,144.73959959245096,36.138843332189026,0.9987484513661816,2.5211849947321565
1957,0.5,698.3857142869027,30.161428571309724,3.681389899408329,3.6082960803000157,144.7459852886307,36.00543960706454,0.9988620042753724,2.519982435398958
1958,0.5,698.2571428583168,30.174285714168324,3.682678850536871,3.6119563255982,144.75236772430677,36.849425136568684,0.9988589121232497,2.5220743040412237
1959,0.5,698.1285714297308,30.187142857026927,3.6779458611276383,3.6013789111193377,144.75874690280705,36.17621837660128,0.998787548620853,2.514225514396902
1960,0.5,698.0000000011448,30.19999999988552,3.681374926014816,3.613234623284146,144.76512282745432,36.22397807516285,0.9987714774780795,2.5220377670564704
1961,0.5,697.8714285725591,30.212857142744088,3.6847339602054436,3.6117391549712585,144.77149550156633,36.18999447007634,0.9988425457685381,2.5205295637112397
1962,0.5,697.7428571439738,30.225714285602624,3.68289100268504,3.6082947544781026,144.77786492845576,36.22961148096619,0.9988940056149767,2.5176618914071645
1963,0.5,697.6142857153884,30.238571428461157,3.684320194555648,3.6094719644575406,144.78423111143016,36.22191984987223,0.9989079840413311,2.5180192062947673
1964,0.5,697.4857142868034,30.25142857131966,3.6813278020245725,3.604901594122938,144.79059405379203,36.02851192339158,0.9988615100348628,2.5143673633104737
1965,0.5,697.3571428582184,30.264285714178165,3.6816355121527096,3.609354057892155,144.7969537588389,36.306731355750394,0.9988176761537917,2.5170088333753897
1966,0.5,697.2285714296336,30.277142857036644,3.6828371254487338,3.6144160324595296,144.80331022986323,36.36202967929084,0.9988577320551296,2.520074126864122
1967,0.5,697.1000000010489,30.289999999895112,3.6840730803873702,3.6138599482563603,144.8096634701525,36.579608842779294,0.9987302874034053,2.5192217699332993
1968,0.5,696.9714285724644,30.30285714275356,3.681887607557466,3.6106854949370404,144.81601348298906,36.20515230652735,0.9987886501458294,2.5165446275321446
1969,0.5,696.8428571438802,30.31571428561197,3.6815451574403326,3.6069207474854186,144.82236027165044,36.35266245718768,0.9988650940350356,2.5134569591692792
1970,0.5,696.7142857152961,30.328571428470386,3.681322326672377,3.612099373997774,144.828703839409,36.09978937613013,0.9988011672997418,2.5166012352875273
1971,0.5,696.5857142867121,30.341428571328787,3.681954692087835,3.608335543780843,144.83504418953225,36.56073469017807,0.9988224102262574,2.5135149921507103
1972,0.5,696.4571428581283,30.354285714187167,3.682853638453363,3.61324776755289,144.84138132528267,35.77996979020596,0.9988282624287015,2.5164722166283964
1973,0.5,696.3285714295446,30.367142857045536,3.682019661489939,3.604055293685832,144.84771524991785,36.29050671536043,0.9988212555105451,2.509606674005343
1974,0.5,696.200000000961,30.379999999903895,3.6788878994525143,3.6104514027082484,144.85404596669028,36.317652453271094,0.9987181679754867,2.513596266568952
1975,0.5,696.0714285723777,30.39285714276223,3.6808124394024824,3.6074095350059037,144.86037347884766,36.25188561912518,0.9987925636448675,2.511014708477176
1976,0.5,695.9428571437944,30.405714285620554,3.6796147443994243,3.6079281698934316,144.86669778963272,36.00162359591934,0.998878840328681,2.510911838925216
1977,0.5,695.8142857152114,30.418571428478856,3.68272419272065,3.610998025068867,144.8730189022832,36.12643315573703,0.9988361077992128,2.512584011532333
1978,0.5,695.6857142866285,30.43142857133715,3.6818601838264073,3.6098684305670505,144.87933682003208,35.820572100711495,0.9988301037038071,2.511333897599789
1979,0.5,695.5571428580456,30.44428571419544,3.6771797173499565,3.605104031449949,144.88565154610725,37.04951534817181,0.9987817336266346,2.5075558598213483
1980,0.5,695.428571429463,30.457142857053697,3.680104862955493,3.6101475071539757,144.8919630837319,36.06155271274423,0.9987786801508766,2.510599723549726
1981,0.5,695.3000000008807,30.469999999911934,3.681245076815352,3.6092537477150284,144.89827143612416,36.58056738640201,0.9988068918809573,2.5095141307894377
1982,0.5,695.171428572298,30.482857142770193,3.6805059973574865,3.6072637811087227,144.90457660649744,36.11359423977218,0.9988450719334709,2.50766671595046
1983,0.5,695.042857143716,30.495714285628406,3.6844382436348564,3.6094889070138576,144.9108785980602,35.98461907007961,0.9988265347790249,2.50874948275946
1984,0.5,694.9142857151338,30.50857142848662,3.680530762539198,3.6037813615260226,144.91717741401612,35.93737211834714,0.9987371297424638,2.504319150718368
1985,0.5,694.7857142865519,30.52142857134481,3.681553107289864,3.60686533099037,144.92347305756397,36.87946316179712,0.9988495577485212,2.5059985053275446
1986,0.5,694.65714285797,30.534285714203,3.679635900665388,3.603867405108125,144.92976553189771,36.20858074467087,0.9987616647815193,2.503452234871377
1987,0.5,694.5285714293884,30.54714285706116,3.681514856171691,3.612346168951846,144.9360548402065,36.257830913599854,0.9987949200999022,2.50887762423055
1988,0.5,694.4000000008068,30.55999999991932,3.6777190524538415,3.600825310842842,144.94234098567466,36.3857080363687,0.9988229884794572,2.5004130958521746
1989,0.5,694.2714285722253,30.572857142777465,3.6820341701064843,3.6052832176755745,144.9486239714817,36.62752489050972,0.9988044005150095,2.5030451299430903
1990,0.5,694.142857143644,30.58571428563559,3.677962369169808,3.602160244222643,144.95490380080244,36.178659837231045,0.9988256695417009,2.5004138038139523
1991,0.5,694.0142857150629,30.598571428493713,3.6783099021578822,3.6084569322345725,144.9611804768068,36.3725516953973,0.9988717535683999,2.504320660358344
1992,0.5,693.8857142864817,30.61142857135183,3.684504625242832,3.6111340909914555,144.96745400265993,36.192147563343525,0.9988580740155278,2.505714358111871
1993,0.5,693.7571428579008,30.62428571420992,3.6781504013066155,3.6088980670685564,144.9737243815223,36.37045643831639,0.9988078113729899,2.503698811874883
1994,0.5,693.6285714293199,30.63714285706801,3.6793468013859463,3.602934786224166,144.97999161654954,36.30123376720774,0.9988520943426186,2.4990985087216706
1995,0.5,693.5000000007392,30.64999999992608,3.6815731956393747,3.602161399531912,144.9862557108926,36.193640361305974,0.9988546646537869,2.4980989305780437
1996,0.5,693.3714285721586,30.66285714278414,3.685272379785667,3.6123263387559317,144.9925166676977,36.519866670374434,0.9988291029952212,2.5046838739720356
1997,0.5,693.242857143578,30.675714285642197,3.680786984923179,3.604833462871545,144.99877449010623,36.136164438688525,0.9987617570248809,2.499025049327848
1998,0.5,693.1142857149977,30.688571428500232,3.682513686410155,3.6125640623414066,145.005029181255,36.36039480036945,0.9987969009445135,2.5039197596694343
1999,0.5,692.9857142864175,30.701428571358246,3.683598009321485,3.6177417818173847,145.01128074427604,35.89853807747662,0.9988566501622745,2.507043372776537
2000,0.5,692.8571428578372,30.71428571421628,3.681845825164622,3.610298759636042,145.01752918229667,36.636221737397456,0.9989055160144552,2.5014212834646212
2001,0.5,692.7285714292572,30.727142857074284,3.681310410773173,3.6152573222079427,145.02377449843956,36.08035357792367,0.99886655196439,2.50439204016227
2002,0.5,692.6000000006771,30.739999999932287,3.678697719999964,3.6019263492966322,145.03001669582272,36.565676647945835,0.9988643968312643,2.4946941895252865
2003,0.5,692.4714285720975,30.75285714279026,3.68039048629653,3.609550507947815,145.03625577755943,36.22780590437136,0.9988838676481502,2.4995105967417635
2004,0.5,692.3428571435177,30.765714285648226,3.6785797758054692,3.6066793033561395,145.04249174675837,36.53726095808622,0.9988387335834731,2.4970586536859813
2005,0.5,692.214285714938,30.778571428506197,3.6815355794007614,3.6086499201635998,145.0487246065235,35.684698777029716,0.9987547689414407,2.4979590268813143
2006,0.5,692.0857142863586,30.791428571364143,3.6835199963852463,3.613077096573332,145.05495435995422,36.87020787090484,0.9988311570760048,2.500559043153637
2007,0.5,691.9571428577791,30.80428571422209,3.684891596140115,3.6119433709777216,145.06118101014525,36.77782501717777,0.9988045541665616,2.499310015145839
2008,0.5,691.8285714291998,30.817142857080025,3.6804079877960176,3.6105890307888537,145.0674045601867,36.04040118609483,0.9989041351079603,2.4979086511885917
2009,0.5,691.7000000006203,30.82999999993796,3.6851870116170553,3.612630928348996,145.07362501316402,36.893576991275054,0.9988010041693498,2.498856813141242
2010,0.5,691.5714285720413,30.842857142795864,3.6809983450047765,3.6091708909745304,145.07984237215817,36.31970852080868,0.9988629108120114,2.495999469031883
2011,0.5,691.4428571434623,30.855714285653768,3.6832730279884194,3.612681470943072,145.08605664024537,36.337552937414415,0.9987514628854027,2.497962798218124
2012,0.5,691.3142857148835,30.86857142851166,3.6823125516777497,3.608704732395353,145.09226782049737,36.01209274973162,0.9987673131849626,2.4947491344318133
2013,0.5,691.1857142863045,30.88142857136955,3.680900386477399,3.612922196030517,145.09847591598134,36.61716587210341,0.9987834710800908,2.497200208724197
2014,0.5,691.0571428577258,30.894285714227422,3.6793044857226946,3.603773581054895,145.10468092975978,36.20259802118499,0.9988353828435509,2.4904134744299506
2015,0.5,690.928571429147,30.9071428570853,3.68368065490148,3.619245127956323,145.11088286489073,37.043896171545775,0.9988031663100605,2.5006398659107627
2016,0.5,690.8000000005685,30.919999999943148,3.6833278933639613,3.611065078275543,145.11708172442766,37.04228832770269,0.9988529377863422,2.494523756074798
2017,0.5,690.6714285719901,30.932857142800994,3.680449656961196,3.610780707801941,145.12327751141942,36.28812474534229,0.9987956900440726,2.493863069717748
2018,0.5,690.5428571434115,30.945714285658845,3.6808063111659424,3.607438317742622,145.12947022891046,35.90682699491061,0.9988776895672802,2.4910907629026124
2019,0.5,690.4142857148333,30.958571428516667,3.6867653359638513,3.6104797378123212,145.13565987994062,36.94303247886549,0.9987420677338431,2.4927267892695726
2020,0.5,690.285714286255,30.971428571374492,3.681252596195667,3.6061912699069136,145.14184646754526,36.59927137639311,0.9988530129109674,2.489302316600551
2021,0.5,690.157142857677,30.984285714232307,3.6788248864292883,3.605759768993289,145.14802999475523,36.769682631346036,0.9987803574407033,2.4885408599995658
2022,0.5,690.0285714290987,30.99714285709012,3.6838807268808536,3.6151583095077267,145.15421046459682,36.41205296284268,0.9988975939460519,2.4945625237996523
2023,0.5,689.9000000005209,31.00999999994791,3.6775067526757956,3.60308263097887,145.16038788009195,36.720628137427525,0.9988739163361244,2.485766707114199
2024,0.5,689.7714285719429,31.022857142805705,3.683589556853194,3.613945083024015,145.166562244258,36.577535203682366,0.998860939943422,2.4927960626980235
2025,0.5,689.6428571433652,31.035714285663484,3.681438583168985,3.6044480159836083,145.17273356010784,36.84266434300313,0.9988548912756615,2.48578182816767
2026,0.5,689.5142857147874,31.048571428521253,3.6811185655809036,3.606797009438132,145.17890183065,37.161245616695055,0.9987797593341373,2.4869380636809653
2027,0.5,689.3857142862097,31.061428571379036,3.681507499792089,3.606809236766872,145.18506705888842,36.5665081853514,0.9988830618859742,2.4864827619826286
2028,0.5,689.2571428576322,31.074285714236783,3.682175247411282,3.608656458187351,145.1912292478227,36.83260291043236,0.998872749068014,2.487292239924956
2029,0.5,689.1285714290547,31.08714285709453,3.6812137242517102,3.607324318092532,145.19738840044792,36.37673525217593,0.9987314198109545,2.4859102540083953
2030,0.5,689.0000000004773,31.099999999952278,3.6844418936666834,3.609713889580907,145.20354451975481,36.25226678392319,0.9987835136545075,2.4870928699229675
2031,0.5,688.8714285719,31.11285714281,3.6790556221861213,3.6097805691464786,145.20969760872967,36.57987713206687,0.9987770781926634,2.486674697499021
2032,0.5,688.7428571433226,31.125714285667737,3.6797129870081506,3.604103091574831,145.21584767035435,36.94879221794177,0.9987544040663724,2.482300260730331
2033,0.5,688.6142857147455,31.138571428525452,3.681480914575807,3.61033705650772,145.2219947076063,36.72759983860632,0.9988370529248292,2.4861296733565403
2034,0.5,688.4857142861682,31.151428571383178,3.681030821386115,3.6013705356424968,145.22813872345867,36.61781764863576,0.9988008300110632,2.4794921656409845
2035,0.5,688.3571428575912,31.16428571424088,3.678659749189875,3.6103843535152866,145.23427972088015,37.00578750537719,0.998806906542978,2.485233858203534
2036,0.5,688.2285714290142,31.177142857098584,3.6820085600796415,3.6093996600857414,145.24041770283506,36.067346555452396,0.9988039884960449,2.4840919717771794
2037,0.5,688.1000000004373,31.189999999956274,3.6830272565433084,3.610071512825024,145.2465526722834,36.3407422133782,0.9988819564728428,2.4840902079764775
2038,0.5,687.9714285718603,31.20285714281397,3.681976934782143,3.6058715299869903,145.2526846321807,36.474960051773586,0.9988041923372383,2.4807365877317493
2039,0.5,687.8428571432836,31.215714285671638,3.6793028770494036,3.608953655851405,145.25881358547826,36.488807397613854,0.9988320782639571,2.4823929939385287
2040,0.5,687.714285714707,31.228571428529307,3.6848309960901706,3.610191065891143,145.26493953512306,36.3262143394867,0.9988252008466867,2.482779970172944
2041,0.5,687.5857142861303,31.241428571386976,3.6803526425460094,3.606714380985694,145.27106248405764,36.38934492680859,0.9987475873921084,2.4799252838761063
2042,0.5,687.4571428575535,31.254285714244645,3.68046012403843,3.6039423243353914,145.27718243522028,36.3380982676366,0.9989669664916075,2.4775558933110187
2043,0.5,687.328571428977,31.267142857102293,3.68608577641173,3.620574250291865,145.28329939154494,36.58195743837127,0.998769964356567,2.4885241272056473
2044,0.5,687.2000000004006,31.27999999995994,3.682341376736479,3.606609707076303,145.28941335596127,36.59710449803722,0.9987781864148594,2.4784621907042803
2045,0.5,687.0714285718242,31.292857142817574,3.6830120675158677,3.610045076676996,145.29552433139466,36.78270008987003,0.9987943628632381,2.480358828041144
2046,0.5,686.9428571432479,31.30571428567521,3.6808199285517924,3.6027304650657697,145.30163232076612,36.66120316046481,0.9988089884142544,2.474869959189302
2047,0.5,686.8142857146715,31.31857142853285,3.682042155361142,3.607978231975191,145.30773732699248,36.398886233296786,0.9988284536128572,2.4780109922681244
2048,0.5,686.6857142860954,31.33142857139046,3.6841218043592194,3.6110337987829646,145.31383935298626,37.23753772982492,0.9986993703999265,2.4796453234285125
2049,0.5,686.5571428575192,31.344285714248077,3.679460532954517,3.605992976215833,145.31993840165566,36.30869614833441,0.9986874632469314,2.4757202349150247
2050,0.5,686.4285714289431,31.357142857105693,3.6812822312100466,3.6056346250130913,145.32603447590475,36.47329246696711,0.998817186099401,2.475010624742469
2051,0.5,686.3000000003672,31.369999999963284,3.6807423971364353,3.6062109759910537,145.33212757863325,36.905824290096135,0.9987849149623341,2.4749425928239845
2052,0.5,686.1714285717911,31.382857142820885,3.6834436331514535,3.6144472596510093,145.33821771273668,36.25093638989058,0.9987803636489165,2.4801304396521284
2053,0.5,686.0428571432151,31.395714285678487,3.6830081687200393,3.606516050436252,145.34430488110627,36.558397021535264,0.998831911588006,2.47422457557415
2054,0.5,685.9142857146392,31.40857142853608,3.6831582867980788,3.614004394555722,145.35038908662918,36.69430646377373,0.9988509847203227,2.478897242861255
2055,0.5,685.7857142860634,31.421428571393662,3.6818078801169576,3.6140137952362306,145.3564703321882,36.739113889034094,0.9988171130241207,2.478439032005765
2056,0.5,685.6571428574875,31.434285714251242,3.680745324753991,3.604180567869052,145.36254862066195,36.35835318802916,0.9986892707176875,2.471232150507571
2057,0.5,685.528571428912,31.4471428571088,3.6840723891666047,3.6172711087685405,145.36862395492494,36.23766908982191,0.9988661282523974,2.479742695665174
2058,0.5,685.4000000003364,31.45999999996636,3.6819273417342746,3.608635376658356,145.37469633784735,36.94630419246148,0.9988185136691249,2.4733586871628512
2059,0.5,685.2714285717607,31.47285714282393,3.6864187061860587,3.616449902985738,145.38076577229532,36.52934769121364,0.9987692223709689,2.478249791377242
2060,0.5,685.1428571431852,31.485714285681475,3.683866620031722,3.6103766573118437,145.38683226113073,36.706453988739824,0.9988308885149002,2.473623778353699
2061,0.5,685.0142857146096,31.498571428539034,3.6812338715860795,3.6120061353185435,145.39289580721132,36.49378142511786,0.9987083388493424,2.4742758027820195
2062,0.5,684.8857142860342,31.511428571396582,3.6799804206859466,3.6048966327583845,145.39895641339064,36.5917617222902,0.9987400868906046,2.4689422052540455
2063,0.5,684.7571428574588,31.52428571425412,3.6791997059457278,3.6021304263953042,145.4050140825182,37.07595466188394,0.99876877094837,2.4665845389783687
2064,0.5,684.6285714288834,31.537142857111654,3.680618484541524,3.6122242590744325,145.41106881743917,36.692320735244984,0.9988418038196009,2.4730319341708853
2065,0.5,684.5000000003081,31.54999999996919,3.683082757379405,3.612099727721494,145.41712062099478,36.625056462932015,0.9987709035686358,2.472482263626475
2066,0.5,684.3714285717328,31.562857142826715,3.68364413093134,3.6114968063567874,145.4231694960221,36.590332844473124,0.9988052920415816,2.4716052286486456
2067,0.5,684.2428571431576,31.575714285684242,3.6809508690716304,3.6029029991710404,145.42921544535398,36.95625231638108,0.9988750539436496,2.4652606421624443
2068,0.5,684.1142857145826,31.588571428541744,3.6797354399119686,3.6044950351954372,145.43525847181928,36.69343158726419,0.9988128143624994,2.4658865463644855
2069,0.5,683.9857142860074,31.60142857139927,3.6850730660177224,3.614903357830664,145.44129857824268,36.87663545825027,0.9987919679951428,2.4725422552806933
2070,0.5,683.8571428574323,31.614285714256763,3.6811851400425972,3.6079084532385997,145.4473357674448,36.47941787573493,0.9988011819934173,2.4672939665229268
2071,0.5,683.7285714288572,31.627142857114276,3.68190595644274,3.605967064296898,145.45337004224217,36.439362247190445,0.9988146319569587,2.4655027094912283
2072,0.5,683.6000000002822,31.639999999971778,3.6802180439424284,3.6023245450823325,145.45940140544724,37.19677567536811,0.9988811859964309,2.462549059019299
2073,0.5,683.4714285717074,31.652857142829262,3.685179195321591,3.611076099953823,145.4654298598684,37.01688649372962,0.9988836034528328,2.468067340716589
2074,0.5,683.3428571431324,31.665714285686764,3.682084699842105,3.6128012908827287,145.47145540831,36.89940583565151,0.9987978860091297,2.4687819564022004
2075,0.5,683.2142857145577,31.678571428544235,3.681930706434594,3.610667871336301,145.47747805357224,37.06135367346343,0.9988766860424249,2.4668598706675335
2076,0.5,683.0857142859827,31.691428571401726,3.681302890475239,3.60791754256182,145.4834977984514,37.216388627748735,0.9988145866550371,2.4645169316457682
2077,0.5,682.957142857408,31.704285714259196,3.6793360126749506,3.6094354669688298,145.48951464573966,36.22838180298923,0.9988779928891991,2.4650897338492266
2078,0.5,682.8285714288334,31.717142857116663,3.682660944179402,3.609914543729975,145.49552859822518,37.21693150873601,0.9988018166778797,2.4649527908753077
2079,0.5,682.7000000002587,31.729999999974133,3.6815625063776176,3.604503295709045,145.50153965869205,36.509761950030715,0.9988440505676213,2.4607943999814976
2080,0.5,682.571428571684,31.742857142831603,3.6801318169345416,3.6039444319300826,145.5075478299204,37.16415073945369,0.9988176273690221,2.4599494993954827
2081,0.5,682.4428571431093,31.755714285689063,3.6796132946907374,3.6063669416773294,145.5135531146864,37.34274961966972,0.9988755669312211,2.4611393595847337
2082,0.5,682.3142857145348,31.768571428546522,3.68104338191111,3.6102137957034626,145.51955551576214,36.722843275691446,0.9989115082822413,2.4633004472921676
2083,0.5,682.1857142859604,31.781428571403957,3.6835499426735288,3.609710486419368,145.52555503591572,36.96277819777924,0.9988675483610983,2.4624929265435185
2084,0.5,682.0571428573859,31.794285714261417,3.682853168357276,3.6131118979289325,145.53155167791127,37.114074478386904,0.9988386497098167,2.4643487779254345
2085,0.5,681.9285714288114,31.807142857118855,3.6777288320209736,3.609349385670742,145.53754544450896,36.813061663723694,0.9988335333635906,2.461318470357907
2086,0.5,681.800000000237,31.8199999999763,3.6808527240465243,3.6112376648542486,145.543536338465,36.793018176464486,0.9987629726596905,2.4621418398984822
2087,0.5,681.6714285716625,31.83285714283375,3.6838349663030807,3.6131505217309257,145.5495243625316,37.38899004841753,0.9988188622374345,2.462981477792768
2088,0.5,681.5428571430882,31.845714285691173,3.681573207341588,3.611503884450166,145.55550951945708,36.625622702855104,0.998743630714941,2.4613946759915275
2089,0.5,681.4142857145139,31.85857142854861,3.679235752168435,3.6045376173118426,145.56149181198572,37.471600366510216,0.9989493788027131,2.456183425831645
2090,0.5,681.2857142859397,31.871428571406035,3.680458148910471,3.6079528464463944,145.56747124285792,36.84698506527017,0.9988086852641048,2.458046732101221
2091,0.5,681.1571428573656,31.88428571426345,3.681553759943747,3.609788658723486,145.57344781481015,36.842824360075355,0.9988152439298092,2.4588333290950115
2092,0.5,681.0285714287913,31.897142857120862,3.679652976319333,3.6046666125933426,145.579421530575,36.83420022774485,0.9988552590311729,2.4548809536515046
2093,0.5,680.9000000002171,31.90999999997829,3.681825889051929,3.607458210580394,145.58539239288103,37.25136876311449,0.9988236133652886,2.4563182955849734
2094,0.5,680.7714285716431,31.922857142835692,3.6827599187332765,3.6093937109476975,145.59136040445298,37.50612960719484,0.998890381608524,2.4571721128793684
2095,0.5,680.6428571430689,31.935714285693106,3.6822911880480853,3.6138179297767743,145.59732556801166,36.77773217665386,0.9989074301215284,2.459719360918114
2096,0.5,680.5142857144948,31.948571428550522,3.6783819977441325,3.6058202964475132,145.603287886274,36.79311713101013,0.9987250198769331,2.4538122234518074
2097,0.5,680.3857142859209,31.961428571407914,3.678230167479801,3.604119979344923,145.609247361953,37.12901655451662,0.9988017436989206,2.452191746518754
2098,0.5,680.2571428573468,31.974285714265317,3.682691374794328,3.60890076157295,145.6152039977579,36.71083631941826,0.9988881249936393,2.4549805209233178
2099,0.5,680.1285714287728,31.98714285712272,3.6832215944318456,3.6096730417430662,145.62115779639393,36.510494728718854,0.9987655715862629,2.455041769205665
2100,0.5,680.0000000001988,31.999999999980112,3.6797661290335624,3.6071796346517377,145.62710876056252,37.35952209131465,0.9988235799586981,2.452882151563899
2101,0.5,679.871428571625,32.012857142837504,3.6813739716052516,3.6098498941814148,145.63305689296124,36.65162532962066,0.998876175758048,2.4542338044862477
2102,0.5,679.7428571430512,32.02571428569488,3.6838244087113123,3.6125777411793654,145.63900219628377,37.47580114276993,0.9988073208940793,2.4556239154406523
2103,0.5,679.6142857144773,32.03857142855227,3.6807921499011353,3.6120792596429183,145.64494467322,36.96597213060231,0.9987891081363274,2.4548206659863
2104,0.5,679.4857142859036,32.051428571409645,3.6843355181470585,3.6110466274952864,145.65088432645604,36.78186316518172,0.9988190945151195,2.4536545970033377
2105,0.5,679.3571428573297,32.06428571426703,3.676476121985127,3.6067834716399254,145.656821158674,37.43296142287612,0.9987573771131384,2.45029411419834
2106,0.5,679.228571428756,32.0771428571244,3.679410957924894,3.6121534496255356,145.66275517255235,37.32418856758229,0.9988029276755261,2.4534778273706057
2107,0.5,679.1000000001823,32.08999999998178,3.6804121295318137,3.608781766022529,145.66868637076567,37.46616063913305,0.9988581426683653,2.4507236973065574
2108,0.5,678.9714285716086,32.102857142839134,3.681868440758173,3.608419210736259,145.6746147559847,37.50869016160198,0.9988484226088671,2.4500135463988344
2109,0.5,678.842857143035,32.115714285696505,3.678533637759531,3.604526565663113,145.6805403308764,37.592089084559206,0.9987283828130098,2.446907112482719
2110,0.5,678.7142857144612,32.128571428553876,3.678605306269621,3.607406127973284,145.686463098104,37.01586972543802,0.9987624065673099,2.448398073429358
2111,0.5,678.5857142858877,32.14142857141123,3.6737082013765976,3.5998677179993086,145.6923830603269,37.41690786750841,0.9987690302539799,2.442818806753269
2112,0.5,678.457142857314,32.154285714268596,3.6784133135021952,3.6078879103459185,145.6983002202007,37.48934492502098,0.9987750122232916,2.4477973234027366
2113,0.5,678.3285714287406,32.16714285712594,3.680004237138875,3.6025980778225146,145.7042145803773,37.073817326861565,0.998781468338821,2.4437452075612733
2114,0.5,678.2000000001672,32.17999999998329,3.6803524113827657,3.6001503028546704,145.7101261435047,37.354968956571675,0.9987265235369286,2.4416219353966393
2115,0.5,678.0714285715934,32.19285714284066,3.6779853454786404,3.6044047301526674,145.71603491222737,36.47999032369547,0.9987379664958994,2.444043864524828
2116,0.5,677.9428571430201,32.205714285697994,3.6787886193109336,3.600410687201989,145.72194088918582,36.87952818960737,0.9988133719311815,2.4408727081699806
2117,0.5,677.8142857144464,32.21857142855535,3.6840756823500125,3.6138205078241312,145.7278440770169,36.35933654499291,0.9988079436959437,2.4494991662110315
2118,0.5,677.6857142858731,32.23142857141269,3.6789342350752032,3.6074342604168517,145.73374447835374,36.99998648030794,0.9988359760792266,2.4447066635099244
2119,0.5,677.5571428572997,32.24428571427003,3.6819538573561523,3.607914577140231,145.73964209582573,36.61232698190647,0.9987976227514372,2.444568292560337
2120,0.5,677.4285714287264,32.25714285712736,3.6818904335133698,3.6107244282611055,145.7455369320585,37.05817109066626,0.9988516111707649,2.4460078912597254
2121,0.5,677.300000000153,32.2699999999847,3.6804429999093755,3.603686886806378,145.7514289896741,37.171935483084425,0.9988599492045867,2.440777128434511
2122,0.5,677.1714285715798,32.282857142842026,3.683250955043939,3.6086155291936293,145.7573182712907,37.16262407507622,0.9988061762260724,2.443651333069637
2123,0.5,677.0428571430065,32.29571428569935,3.677923258703697,3.605998753763754,145.76320477952288,36.85087679214079,0.998821482063751,2.441415699102333
2124,0.5,676.914285714433,32.3085714285567,3.679279781612299,3.604617803433046,145.76908851698147,37.11861787100938,0.9988219809337431,2.440017285684409
2125,0.5,676.7857142858597,32.321428571414025,3.6815972661899945,3.6074842115163888,145.77496948627368,37.058180443519234,0.9988361620482521,2.441493778866081
2126,0.5,676.6571428572865,32.334285714271346,3.679758808555434,3.606931453094072,145.78084769000296,36.97594923667855,0.9988151760559087,2.4406559315327154
2127,0.5,676.5285714287133,32.34714285712867,3.6822385320045994,3.611779729504467,145.7867231307692,37.399403612984024,0.9988783142342234,2.443472180716842
2128,0.5,676.4000000001403,32.35999999998598,3.6808842002666866,3.61096336725079,145.7925958111685,37.0633157013092,0.9988679627303202,2.442455621608941
2129,0.5,676.2714285715671,32.372857142843294,3.682086575648653,3.6141781166447027,145.7984657337934,37.41576495666116,0.9988514192171144,2.444165398055409
2130,0.5,676.142857142994,32.38571428570061,3.681201296642019,3.606790176017498,145.80433290123273,36.97727530961328,0.998859835612203,2.438705414727753
2131,0.5,676.0142857144208,32.39857142855792,3.6779981241416366,3.6097853803301887,145.8101973160717,37.23903110514779,0.9988480762307759,2.440266485466271
2132,0.5,675.8857142858476,32.411428571415236,3.6824929429545152,3.610336994325363,145.81605898089188,37.158231882511245,0.9987098037947734,2.440175198222218
2133,0.5,675.7571428572746,32.424285714272536,3.681257110660996,3.6100356222955066,145.82191789827124,36.74849418837597,0.9988267674859581,2.439507357735395
2134,0.5,675.6285714287014,32.43714285712985,3.680330461825048,3.610537867552267,145.82777407078407,36.68266449946275,0.9987893064721858,2.439382541543568
2135,0.5,675.5000000001284,32.44999999998717,3.68013588572342,3.6046263343295637,145.83362750100108,37.25598543891766,0.9987141000268669,2.434925088840083
2136,0.5,675.3714285715554,32.462857142844456,3.675987165084595,3.602987981904025,145.83947819148935,37.370045360232844,0.9987755389135021,2.4333551404646667
2137,0.5,675.2428571429825,32.47571428570175,3.681251920542983,3.6092411163069342,145.8453261448124,37.38433460537206,0.9988206812436401,2.437114283493022
2138,0.5,675.1142857144094,32.488571428559055,3.6770911635455965,3.6041655478792785,145.85117136353009,37.255408520471335,0.9988917772871377,2.433223649453002
2139,0.5,674.9857142858365,32.501428571416355,3.677503097285266,3.611449902182157,145.8570138501987,37.197594127764106,0.9987634501828765,2.4376770918319375
2140,0.5,674.8571428572635,32.51428571427365,3.679925144502028,3.610348650464728,145.86285360737102,37.24406243789752,0.9987789317022896,2.4364695749712038
2141,0.5,674.7285714286905,32.52714285713094,3.681859828688348,3.6118623347903274,145.8686906375962,37.23600057899162,0.9989017949193197,2.4370267133501726
2142,0.5,674.6000000001176,32.53999999998825,3.6846995198393406,3.604500002631299,145.87452494341971,37.24924401533904,0.9989090745673327,2.4315957017754983
2143,0.5,674.4714285715447,32.552857142845525,3.6814656139925126,3.6129780087314747,145.88035652738367,37.4172285360071,0.9987440519831445,2.4368504389466925
2144,0.5,674.342857142972,32.56571428570281,3.679196109207148,3.6062252002675055,145.88618539202648,37.65225421917915,0.998813099897191,2.431832205049376
2145,0.5,674.214285714399,32.578571428560096,3.6794945108708976,3.6049287168576183,145.89201153988304,37.31369907841911,0.9988264752752055,2.430494439887484
2146,0.5,674.0857142858263,32.59142857141737,3.685038043354931,3.6116730129956713,145.89783497348478,36.891263616850395,0.9988469771784985,2.4345771827320295
2147,0.5,673.9571428572534,32.60428571427466,3.6809815229626976,3.6085543883381175,145.90365569535945,37.05424530683315,0.9988395009675789,2.4320110054093615
2148,0.5,673.8285714286807,32.61714285713193,3.679458563683895,3.60488644623622,145.90947370803138,37.09767019052726,0.9988648288118146,2.4290754842299656
2149,0.5,673.7000000001079,32.62999999998921,3.6775535401749533,3.6043288927748702,145.91528901402137,37.20050807154238,0.9988531211168594,2.428236375062819
2150,0.5,673.5714285715351,32.642857142846495,3.6800594133598925,3.609837317161799,145.92110161584662,37.05645141309516,0.9988373268258068,2.4314832786315104
2151,0.5,673.4428571429622,32.65571428570377,3.680958880824433,3.6082506152725258,145.92691151602094,37.76084794824462,0.9988422122412505,2.429950603636981
2152,0.5,673.3142857143896,32.668571428561044,3.680933788258923,3.6112619705181914,145.93271871705454,37.413172186996896,0.9988030101311879,2.4315142742069953
2153,0.5,673.1857142858169,32.681428571418316,3.682329166523132,3.6160591821467514,145.93852322145418,37.13554943167893,0.9988476602368699,2.4342793834332475
2154,0.5,673.0571428572441,32.69428571427559,3.680655567383476,3.6079679567233134,145.9443250317231,36.742837436110634,0.9987835726781237,2.4283686044726824
2155,0.5,672.9285714286715,32.70714285713285,3.6787694089029843,3.6100991712993524,145.9501241503611,36.978627029298934,0.9988817236237335,2.4293388780583043
2156,0.5,672.8000000000987,32.71999999999012,3.678471782716809,3.6049722864716656,145.95592057986443,37.199174146467,0.9987873917672638,2.4254253543384925
2157,0.5,672.6714285715261,32.73285714284738,3.6772427926237716,3.6084344999523443,145.961714322726,37.66294468859918,0.9988753336041313,2.427290789989724
2158,0.5,672.5428571429535,32.74571428570465,3.6822862520150004,3.612038447756123,145.9675053814351,37.703814184354684,0.9987768219744272,2.4292506577641015
2159,0.5,672.4142857143809,32.75857142856191,3.6814868231331874,3.6128612671551488,145.97329375847764,37.44277300733715,0.9988060422931837,2.4293395283392822
2160,0.5,672.2857142858084,32.77142857141917,3.6785822313169523,3.6047995145133584,145.97907945633608,37.20294553778125,0.9986655002350561,2.423455216471748
2161,0.5,672.1571428572356,32.78428571427644,3.6812783871440975,3.612861624227897,145.9848624774894,37.536930476100764,0.9988236382327463,2.428410746879575
2162,0.5,672.0285714286631,32.797142857133686,3.6788719509579693,3.605162549068838,145.99064282441324,37.77539679460455,0.998746307470673,2.4227722376188483
2163,0.5,671.9000000000906,32.80999999999095,3.6848446669694517,3.607340319657524,145.99642049957967,37.618495195406595,0.9987811440379643,2.4237719607782173
2164,0.5,671.771428571518,32.82285714284821,3.6794097854990087,3.5999507229160277,146.0021955054574,37.650484192567696,0.9988360189384978,2.4183440399203686
2165,0.5,671.6428571429454,32.83571428570545,3.6824495487933007,3.607960166843796,146.00796784451168,37.77325301053305,0.9988236917036175,2.4232606749169054
2166,0.5,671.514285714373,32.8485714285627,3.6799455117078272,3.605449906026513,146.0137375192045,37.74915599246903,0.9988325443988946,2.4211111183243474
2167,0.5,671.3857142858004,32.86142857141996,3.681130287283482,3.603683331219376,146.01950453199422,37.3652495643125,0.9987640109987992,2.419461507390553
2168,0.5,671.2571428572278,32.87428571427722,3.6786630461631917,3.600090742769418,146.02526888533595,37.56616494183287,0.9988088211155546,2.4165866260181548
2169,0.5,671.1285714286555,32.88714285713446,3.6802767194225527,3.604307331564736,146.0310305816813,37.45000705183222,0.9987643367296493,2.4189536304228705
2170,0.5,671.0000000000829,32.899999999991714,3.6800882391671155,3.6089659511742602,146.03678962347865,37.512670460936086,0.9988435912952833,2.4216161532382277
2171,0.5,670.8714285715105,32.91285714284895,3.67890143277489,3.6000549874869585,146.04254601317282,37.48927164147033,0.9987605761657486,2.4151740323913673
2172,0.5,670.742857142938,32.925714285706206,3.679604308695368,3.6030474055127333,146.04829975320536,37.34172360224044,0.9988471376846131,2.4167183111950603
2173,0.5,670.6142857143656,32.93857142856345,3.6795795326930665,3.602880013304899,146.05405084601443,37.46074433762885,0.9988271823258101,2.4161428066370285
2174,0.5,670.4857142857932,32.951428571420685,3.6802709204882436,3.608085903703876,146.0597992940348,37.79443692810296,0.9988968340594158,2.419170054349395
2175,0.5,670.3571428572208,32.96428571427792,3.6816465884924883,3.607562346844472,146.0655450996979,37.53719418263771,0.9987441874434614,2.4183551875099503
2176,0.5,670.2285714286484,32.97714285713516,3.6802369264949975,3.6127878249413103,146.07128826543186,37.418779536498775,0.9988129149430901,2.4213936227852284
2177,0.5,670.1000000000761,32.98999999999239,3.6786387415950954,3.6089469046797706,146.07702879366133,37.3548881762998,0.9988286760776256,2.4183553208261888
2178,0.5,669.9714285715035,33.00285714284965,3.67950089453715,3.6028194744854476,146.08276668680776,37.39207085898641,0.9987628741606915,2.413786110206249
2179,0.5,669.8428571429313,33.01571428570688,3.6788357916804593,3.604078261320863,146.0885019472892,37.96802155844284,0.9988456164395415,2.4141660799298954
2180,0.5,669.714285714359,33.0285714285641,3.680813297754279,3.6058790098886493,146.09423457752038,37.6397937951506,0.9988063839702586,2.4149086854799764
2181,0.5,669.5857142857865,33.04142857142135,3.682619057281627,3.608908007083376,146.0999645799127,37.97886764227897,0.9988015124780335,2.4164732457146165
2182,0.5,669.4571428572142,33.05428571427858,3.6803482339936116,3.6058981573603397,146.1056919568743,37.46074963968784,0.998763935923561,2.4139942778605463
2183,0.5,669.3285714286419,33.06714285713581,3.6778641616160903,3.5998213668024066,146.11141671080995,37.22202332794773,0.9987656138827302,2.4094632928401563
2184,0.5,669.2000000000697,33.07999999999303,3.680727846325384,3.6057351208075423,146.11713884412114,37.433340477367366,0.9988783505454187,2.412957942844659
2185,0.5,669.0714285714973,33.092857142850264,3.681330951347669,3.6035796653694137,146.12285835920608,37.60742449860413,0.9988428231371155,2.411052194679912
2186,0.5,668.942857142925,33.1057142857075,3.6798518362650765,3.6039423058612314,146.12857525845962,37.60013961183447,0.9987998381486825,2.4108314630610734
2187,0.5,668.8142857143526,33.118571428564735,3.6806625572579774,3.6093395304061757,146.1342895442734,37.62306659081315,0.9987879236312098,2.4139778399291836
2188,0.5,668.6857142857805,33.13142857142195,3.6768928002343237,3.6041116329913074,146.14000121903578,37.46572400958805,0.9988042074247954,2.4100179616724833
2189,0.5,668.5571428572083,33.144285714279164,3.6807643769182916,3.6092943470915833,146.14571028513183,37.18550795671037,0.9988545736965956,2.4130195164222217
2190,0.5,668.428571428636,33.1571428571364,3.680806668338015,3.608221328147981,146.15141674494333,37.53387640398384,0.9989217435778517,2.4118382277722907
2191,0.5,668.3000000000638,33.169999999993614,3.681001351107328,3.6076677053106074,146.15712060084883,37.04356874084433,0.9987987121897626,2.4110043274593096
2192,0.5,668.1714285714916,33.18285714285084,3.681059483367945,3.6041664414591335,146.1628218552236,37.481532054229575,0.998819216633669,2.4082010399991782
2193,0.5,668.0428571429194,33.195714285708064,3.681653936697006,3.6040538460159843,146.1685205104397,37.47620504376371,0.9988002423405875,2.4076624285894455
2194,0.5,667.9142857143472,33.20857142856528,3.6800835578570967,3.608249918398376,146.1742165688659,37.800428319007075,0.9988668109276753,2.4100016669259032
2195,0.5,667.7857142857749,33.22142857142251,3.6852576927669065,3.612829590695391,146.17991003286775,37.680100292986396,0.9988056177401798,2.4125959888153057
2196,0.5,667.6571428572026,33.234285714279736,3.6799012233584905,3.6040919720758704,146.18560090480761,37.49529017143347,0.9987793462686698,2.4062977486707564
2197,0.5,667.5285714286306,33.24714285713695,3.677498241925265,3.604876066914304,146.1912891870446,37.38607987102293,0.9988219129617204,2.406357771124566
2198,0.5,667.4000000000584,33.259999999994164,3.6794745879209727,3.607889921434608,146.1969748819345,37.99235162927232,0.9988379913581527,2.407905733565668
2199,0.5,667.2714285714862,33.27285714285138,3.6793228926384285,3.6051175132103124,146.20265799183008,37.62909870842267,0.9987907569224768,2.405591913207929
2200,0.5,667.1428571429141,33.28571428570859,3.6793355476431824,3.609668879381424,146.20833851908077,37.65722104183123,0.9987877570591178,2.408164809530384
2201,0.5,667.014285714342,33.29857142856581,3.6803962606842417,3.6069425581812675,146.21401646603283,37.42518190011614,0.9988238223602198,2.4058822140579394
2202,0.5,666.8857142857698,33.31142857142302,3.6792114148775044,3.6043232592285177,146.21969183502927,37.79711274355579,0.9987772949449238,2.403671691247424
2203,0.5,666.7571428571978,33.32428571428022,3.682784287022227,3.6059604844789725,146.22536462841003,37.727699753590976,0.998830952896763,2.4042999098871563
2204,0.5,666.6285714286256,33.33714285713744,3.68071106215528,3.608482281023201,146.23103484851183,37.86559325469228,0.9987982098831447,2.405517388024005
2205,0.5,666.5000000000537,33.34999999999464,3.67923992383211,3.6051208628243523,146.2367024976681,38.19732094495905,0.998758943759957,2.4028130550726243
2206,0.5,666.3714285714815,33.36285714285185,3.682140920477026,3.6065271803247496,146.2423675782092,37.766825589488484,0.9988662243667451,2.4032866693348804
2207,0.5,666.2428571429093,33.375714285709066,3.6775295756997703,3.6017546250043,146.24803009246233,37.87253005763324,0.9988708989357897,2.399643292090553
2208,0.5,666.1142857143373,33.38857142856627,3.678792388033838,3.610911556926646,146.25369004275146,37.53569377089063,0.9988298312235301,2.4052797725198385
2209,0.5,665.9857142857652,33.40142857142347,3.682505329341469,3.607156739316261,146.2593474313975,38.12227137871392,0.9987733149256326,2.4023148575742517
2210,0.5,665.8571428571933,33.41428571428068,3.67975951644349,3.60546636507121,146.2650022607181,38.326221283928646,0.9988121632839462,2.4007255325140258
2211,0.5,665.7285714286212,33.42714285713788,3.681680851807746,3.6120684080788084,146.27065453302782,37.506721898364226,0.9988554788685252,2.404657141212759
2212,0.5,665.600000000049,33.439999999995095,3.6793074904377248,3.600990044579887,146.27630425063813,37.52902890650796,0.9988129218431783,2.396818973672549
2213,0.5,665.471428571477,33.4528571428523,3.675455885711004,3.5987443634083442,146.28195141585726,37.622466239406684,0.998831738502028,2.3948615525809016
2214,0.5,665.342857142905,33.4657142857095,3.6811871268779686,3.607980895958399,146.28759603099044,37.4540316511845,0.9988392269796231,2.4005443178339796
2215,0.5,665.214285714333,33.4785714285667,3.6771829536472826,3.6061607609611004,146.29323809833969,37.200294286720755,0.9988558571407286,2.3988696547737938
2216,0.5,665.0857142857609,33.49142857142391,3.678102449997963,3.6096275995362768,146.29887762020388,37.534943562231334,0.9987791264374295,2.4007117503431807
2217,0.5,664.957142857189,33.5042857142811,3.6778520906843037,3.6064202888634496,146.3045145988789,37.3069300349668,0.9987969866875899,2.3981149312248378
2218,0.5,664.8285714286169,33.51714285713832,3.680744558491293,3.6049257871124003,146.31014903665744,37.4000089980291,0.9987843931480366,2.3966576611521195
2219,0.5,664.700000000045,33.52999999999551,3.677167164606632,3.6018407795700536,146.31578093582905,37.6749577858633,0.9987318835020093,2.3941435661803765
2220,0.5,664.571428571473,33.5428571428527,3.6798883630637818,3.6069539720541295,146.32141029868032,37.741482236691645,0.9988093581814859,2.397078553999562
2221,0.5,664.442857142901,33.555714285709904,3.6751723407301924,3.599303814405131,146.3270371274947,37.783859088749495,0.9988012731590392,2.391531710168687
2222,0.5,664.3142857143289,33.568571428567104,3.677586905394351,3.6091518524169564,146.33266142455247,38.06857447907165,0.9987408819694722,2.397611134872917
2223,0.5,664.1857142857571,33.5814285714243,3.679541860721515,3.607980964372425,146.33828319213092,38.18737400506932,0.9987030399132181,2.3963694139511134
2224,0.5,664.0571428571851,33.59428571428149,3.6811165723598904,3.6067818246097323,146.34390243250425,37.75635246586786,0.9987944042421939,2.395109233359564
2225,0.5,663.9285714286132,33.60714285713868,3.6831508466267455,3.6158207388964114,146.34951914794362,37.630971936305116,0.9987626281044264,2.400646697717447
2226,0.5,663.8000000000411,33.61999999999588,3.684934046007883,3.613036089919079,146.3551333407171,37.39712562574912,0.9988653026520432,2.3983333564884335
2227,0.5,663.6714285714693,33.63285714285307,3.6794122155643527,3.6052294851126767,146.36074501308968,38.042431031688665,0.9987228988100969,2.3926878027127128
2228,0.5,663.5428571428973,33.64571428571027,3.6816852386159584,3.6090413051763828,146.36635416732338,37.83707864133946,0.9988185643011328,2.3947535791834684
2229,0.5,663.4142857143255,33.658571428567456,3.6764792861259994,3.6009771595598425,146.37196080567705,37.8493337797342,0.9988345831921532,2.3889396901829936
2230,0.5,663.2857142857534,33.671428571424656,3.679662750641449,3.601496329483193,146.37756493040666,37.66246655898719,0.998768852873654,2.388821065398779
2231,0.5,663.1571428571815,33.68428571428185,3.6782482823182385,3.606492926778468,146.38316654376501,37.83921501165701,0.9987331867785956,2.391671545057043
2232,0.5,663.0285714286094,33.69714285713905,3.679515100350841,3.6080208677449592,146.388765648002,37.81054644130306,0.9988000077496744,2.392220921625552
2233,0.5,662.9000000000377,33.709999999996235,3.6797908421854353,3.6030447120750906,146.39436224536433,38.32596328774895,0.9988150509739301,2.388458339634713
2234,0.5,662.7714285714659,33.722857142853414,3.6780241610374262,3.599279602497461,146.39995633809585,37.23376199793678,0.9987771253245256,2.3854996839753797
2235,0.5,662.642857142894,33.73571428571061,3.681821590335677,3.6068960053668206,146.40554792843736,37.69186384942946,0.99875763951625,2.390083874413561
2236,0.5,662.514285714322,33.7485714285678,3.6827236769151748,3.6162420611418518,146.41113701862662,36.95619533438028,0.9987897452554289,2.3958120261074813
2237,0.5,662.3857142857502,33.76142857142498,3.680718203760361,3.6089748863781956,146.41672361089837,37.62826685101521,0.9987843518337942,2.3905334079529554
2238,0.5,662.2571428571785,33.77428571428216,3.6810753113164374,3.612405950408537,146.42230770748444,37.252064075291,0.9987732262227463,2.392341643557828
2239,0.5,662.1285714286065,33.78714285713935,3.680640842854638,3.60434489968062,146.42788931061358,37.628036592304554,0.9988741678102587,2.386539739361513
2240,0.5,662.0000000000346,33.799999999996544,3.6802800498319663,3.6054707351584803,146.4334684225116,37.94232440515189,0.9987398914972478,2.386821626675039
2241,0.5,661.8714285714626,33.81285714285374,3.6800383477803194,3.608170151991799,146.43904504540131,38.16582207762543,0.9988398413033611,2.3881447330277235
2242,0.5,661.7428571428908,33.825714285710916,3.6799767017583433,3.606166623663873,146.4446191815026,37.7361227086313,0.9988690020018186,2.386355004876663
2243,0.5,661.6142857143191,33.8385714285681,3.6821697081486793,3.610558599187665,146.4501908330323,37.8277114040611,0.9987647795721577,2.3887971486312396
2244,0.5,661.4857142857472,33.85142857142528,3.6769856530419416,3.602392334813291,146.45576000220444,38.05553835150425,0.9988156542923857,2.3829310667314703
2245,0.5,661.3571428571754,33.86428571428246,3.6822335776037725,3.608437524873165,146.46132669122983,37.34032691946072,0.9987731203933145,2.386465931628734
2246,0.5,661.2285714286035,33.87714285713965,3.681340932419569,3.6088456561930298,146.4668909023166,37.8709948274963,0.9988052180714151,2.386271857750838
2247,0.5,661.1000000000317,33.889999999996824,3.6786540760079576,3.607333378397742,146.47245263766976,37.68156483905461,0.9988270614671281,2.384808096458862
2248,0.5,660.9714285714598,33.90285714285402,3.679695520604908,3.6016316112232865,146.47801189949146,38.30666520417654,0.9987945770454015,2.380575591258384
2249,0.5,660.8428571428881,33.915714285711196,3.6813250409790417,3.609845680431083,146.4835686899808,37.84399615598379,0.9987841885455729,2.38554073330099
2250,0.5,660.7142857143162,33.928571428568375,3.680046138181504,3.6052005258230766,146.48912301133413,37.60582813286675,0.9987815925345719,2.3820074902760715
2251,0.5,660.5857142857444,33.94142857142556,3.676287000141838,3.6000113899873263,146.49467486574477,37.819960898661094,0.9988348156593445,2.3781160954915936
2252,0.5,660.4571428571726,33.95428571428274,3.675577392374356,3.6037613202959804,146.50022425540305,38.26648568061464,0.9988510081913528,2.380129905141875
2253,0.5,660.3285714286008,33.96714285713992,3.682333927302992,3.605464416112669,146.50577118249652,37.583609895311824,0.9987363456202032,2.380791167228333
2254,0.5,660.200000000029,33.979999999997105,3.6823427298187434,3.6156363242733383,146.51131564920973,37.39794778468737,0.9987985423994873,2.387043101285363
2255,0.5,660.0714285714572,33.992857142854284,3.676924366591971,3.598029824315399,146.51685765772436,37.59977641299461,0.9988803529415192,2.374956686178575
2256,0.5,659.9428571428854,34.00571428571146,3.678593394757477,3.6077358911883395,146.5223972102192,38.08816550571551,0.9987648750365254,2.3808995318477666
2257,0.5,659.8142857143137,34.018571428568634,3.682256661978301,3.6057108892824847,146.52793430887007,37.740894221212,0.998828746378808,2.3790995549042453
2258,0.5,659.6857142857418,34.03142857142581,3.6789738700397274,3.6049498252992485,146.53346895585005,38.14559312382018,0.9988639444711067,2.378133900466795
2259,0.5,659.55714285717,34.04428571428299,3.675959059252207,3.6027739495619286,146.53900115332914,38.287433109976824,0.9988853120051602,2.3762352925333077
2260,0.5,659.4285714285984,34.057142857140164,3.674524827213669,3.5989453067804122,146.54453090347462,37.93943642890463,0.9987853466521892,2.3732473622998658
2261,0.5,659.3000000000267,34.069999999997336,3.680998754250833,3.6091749072045785,146.55005820845082,38.08297778229091,0.9987942537528649,2.379529016320075
2262,0.5,659.1714285714548,34.082857142854515,3.6791927861023064,3.608714897445875,146.55558307041923,38.08538068892261,0.9988228219600566,2.3787617542564887
2263,0.5,659.042857142883,34.0957142857117,3.6797548685518553,3.604178984682975,146.56110549153843,37.70395023038369,0.9988124588214738,2.3753084157198026
2264,0.5,658.9142857143113,34.108571428568865,3.681606131310339,3.6052799698417126,146.5666254739642,38.035192994364344,0.9988258099742774,2.375570476128366
2265,0.5,658.7857142857396,34.12142857142604,3.6790108468867793,3.605367849465933,146.5721430198494,38.13497029126344,0.9987666556918007,2.3751648339732556
2266,0.5,658.6571428571679,34.134285714283216,3.6822994025205933,3.6037720333584793,146.57765813134412,38.14620692055373,0.9988404025681051,2.373650191000462
2267,0.5,658.5285714285961,34.14714285714039,3.6822782902343674,3.6028667805102734,146.58317081059553,37.63575318828036,0.9988596603694283,2.3725907140169755
2268,0.5,658.4000000000243,34.15999999999757,3.6779432095287405,3.6045614145948126,146.588681059748,38.282438993688636,0.9987522212290989,2.373243235369312
2269,0.5,658.2714285714526,34.17285714285474,3.6774088664147278,3.60114864203213,146.59418888094308,37.95306793228322,0.9987681039669986,2.3705332610886365
2270,0.5,658.1428571428809,34.18571428571191,3.679597885504127,3.605956486995352,146.59969427631947,38.12140814769749,0.9987723789721809,2.3732345050840262
2271,0.5,658.0142857143092,34.19857142856908,3.680581928304249,3.609818125052505,146.605197248013,38.24382603193915,0.9988272833217376,2.375311895114991
2272,0.5,657.8857142857375,34.211428571426254,3.6786117221814782,3.605618488450237,146.6106977981568,37.56242521118382,0.9988205148941612,2.372084894715946
2273,0.5,657.7571428571657,34.22428571428343,3.6812757993429877,3.605998030564072,146.616195928881,38.40620189608065,0.9988468228012034,2.3718709617323905
2274,0.5,657.6285714285941,34.23714285714059,3.6833861043987626,3.6067122415340664,146.62169164231312,38.017140855708234,0.9987719510999374,2.3718770189540703
2275,0.5,657.5000000000223,34.24999999999777,3.678620517787915,3.607613894064958,146.62718494057776,38.34617779540348,0.9988037085846241,2.37200613534779
2276,0.5,657.3714285714506,34.26285714285494,3.678770627432984,3.602194649297934,146.63267582579675,37.990848997886204,0.9988186632337009,2.367979842601418
2277,0.5,657.2428571428787,34.27571428571212,3.680692567510296,3.610178117221865,146.6381643000891,37.843699586758895,0.9987709432910148,2.372763780557597
2278,0.5,657.1142857143072,34.288571428569284,3.6820859531657417,3.609559427270191,146.64365036557106,37.50283924160225,0.9988849485412487,2.3718930647939955
2279,0.5,656.9857142857356,34.30142857142644,3.6780519207855105,3.607159572898418,146.6491340243561,37.92421486308043,0.9988074297178936,2.369852308543296
2280,0.5,656.8571428571638,34.31428571428362,3.6827478435396173,3.6039565401709526,146.65461527855484,37.932258723513115,0.9987683106644514,2.3672845959580813
2281,0.5,656.7285714285922,34.32714285714078,3.6788537886203585,3.604579903822237,146.66009413027527,38.31152860741521,0.998825966967925,2.36723061083739
2282,0.5,656.6000000000205,34.33999999999795,3.67845198318188,3.609637394707092,146.66557058162243,38.29265853011821,0.9987602793244497,2.3700879133647503
2283,0.5,656.4714285714488,34.35285714285512,3.6786384773190166,3.6032678942128302,146.67104463469875,38.10976954337646,0.9987850526501602,2.3654424220395325
2284,0.5,656.342857142877,34.365714285712286,3.680872030345201,3.605943357711553,146.6765162916038,38.055018013893914,0.998774254150047,2.36673516609578
2285,0.5,656.2142857143054,34.37857142856946,3.6781552598144507,3.6073522762671155,146.68198555443445,37.6041587883375,0.9988158577329784,2.367196097290499
2286,0.5,656.0857142857337,34.39142857142663,3.6810091820290145,3.6115887907995567,146.68745242528476,37.78102181147396,0.9988648560877927,2.369511811518077
2287,0.5,655.957142857162,34.4042857142838,3.679140678736827,3.606066166402466,146.6929169062461,38.15202911652699,0.998738000128201,2.365424859467241
2288,0.5,655.8285714285903,34.41714285714097,3.681971672511629,3.610714643574984,146.6983789994071,37.87692106695162,0.998774325418707,2.3680098265320733
2289,0.5,655.7000000000187,34.42999999999813,3.684054459353845,3.6100956026252775,146.70383870685356,38.05794693891234,0.9987221963056236,2.3671396866414622
2290,0.5,655.5714285714471,34.44285714285529,3.6788706510257305,3.607082020765734,146.7092960306687,37.92192410678746,0.9988109690114184,2.3646999133277746
2291,0.5,655.4428571428754,34.45571428571246,3.6799728852096245,3.605506081229387,146.71475097293288,38.39238301338712,0.9987940524178542,2.3632032073270017
2292,0.5,655.3142857143038,34.468571428569625,3.679148639534168,3.6057551545375857,146.72020353572378,37.557162911843434,0.9988324354946138,2.362902863556467
2293,0.5,655.185714285732,34.4814285714268,3.680848985596979,3.6098138071906827,146.72565372111643,38.23621189486332,0.9987991387802445,2.3650984377027253
2294,0.5,655.0571428571604,34.494285714283954,3.6803925681879877,3.6152060530995427,146.73110153118307,37.777952292568536,0.9988335853105539,2.3681665479832983
2295,0.5,654.9285714285888,34.50714285714112,3.68027546053305,3.609431878018708,146.7365469679932,37.686401581468814,0.998903965876071,2.363920063539601
2296,0.5,654.8000000000171,34.519999999998284,3.681869742458778,3.607803909398241,146.74199003361372,38.66780294440409,0.9988114665267546,2.3623899998740296
2297,0.5,654.6714285714454,34.532857142855455,3.6835194104155984,3.6107948226580664,146.74743073010876,37.5223076220832,0.998801796601612,2.363884204827935
2298,0.5,654.5428571428739,34.545714285712606,3.67836655647773,3.600867747359882,146.75286905953976,37.834769607101705,0.9988170577090105,2.356922263550562
2299,0.5,654.4142857143023,34.55857142856977,3.677766807691264,3.6073918141398873,146.7583050239655,37.63192431498918,0.9987905972069941,2.3607287373419754
2300,0.5,654.2857142857307,34.571428571426935,3.68019840386603,3.608035969230107,146.76373862544207,37.97429879420823,0.9988164269101345,2.360686391296329
2301,0.5,654.1571428571591,34.58428571428409,3.6771790478013164,3.601687003582288,146.76916986602288,37.72234327538387,0.998868179422953,2.356069279729152
2302,0.5,654.0285714285874,34.597142857141264,3.678433800557738,3.6020652729515485,146.77459874775857,38.06769135856934,0.9988707634818805,2.355853604661026
2303,0.5,653.9000000000157,34.60999999999843,3.682750105537709,3.6066784326241006,146.78002527269726,38.703024102179675,0.9987999625332271,2.358407027092956
2304,0.5,653.771428571444,34.6228571428556,3.6815281964416737,3.610772746326921,146.78544944288436,37.93569564341154,0.9987681728029463,2.3606200566129876
2305,0.5,653.6428571428725,34.63571428571275,3.6758808900764275,3.602598563491028,146.79087126036254,38.294801104093395,0.9987923118425146,2.3548128181790835
2306,0.5,653.5142857143009,34.648571428569916,3.6767330880410585,3.6046967214530192,146.7962907271719,38.42018401950994,0.998810767406299,2.355720803137052
2307,0.5,653.3857142857293,34.66142857142708,3.6779557715543945,3.6055737504488556,146.80170784534988,37.9008460192896,0.9988160310544122,2.355830380346901
2308,0.5,653.2571428571576,34.67428571428424,3.679950884870849,3.609729971520117,146.8071226169312,38.74613639837672,0.9988944479177891,2.358081887681081
2309,0.5,653.128571428586,34.687142857141396,3.680958023192162,3.6059593795745566,146.81253504394797,38.39466499102063,0.9987315955538737,2.3551550982110405
2310,0.5,653.0000000000144,34.69999999999855,3.679166269820112,3.60538717367958,146.81794512842976,38.04928581901937,0.9988272317185596,2.3543178244128176
2311,0.5,652.8714285714427,34.712857142855725,3.678309804727672,3.6109340373986085,146.82335287240335,38.15359879234605,0.9988969948601315,2.357475663473677
2312,0.5,652.7428571428711,34.72571428571288,3.6797438341327875,3.6033483671592004,146.828758277893,38.245589157038744,0.9989090194374096,2.352059908460596
2313,0.5,652.6142857142996,34.73857142857004,3.678852779789599,3.6057071631473674,146.83416134692027,38.38291079219098,0.9988415167247336,2.353136004772353
2314,0.5,652.485714285728,34.7514285714272,3.680656569582156,3.6021616475025895,146.83956208150417,38.00353285989936,0.9987751181319469,2.3503590155433822
2315,0.5,652.3571428571564,34.76428571428436,3.6852206913604424,3.6094055420606006,146.84496048366105,38.27004355442104,0.9989361204946845,2.354621486831439
2316,0.5,652.2285714285848,34.77714285714152,3.680147656482595,3.610759759462278,146.85035655540472,38.489803797961166,0.9987223213595043,2.355040679685902
2317,0.5,652.1000000000132,34.78999999999868,3.6781986287136155,3.604030265018531,146.85575029874622,37.6989156458533,0.9986974449238775,2.3501881358186316
2318,0.5,651.9714285714416,34.802857142855835,3.6811157684414826,3.6134502760567444,146.86114171569415,37.925841224941564,0.9987955041373378,2.3558663385525858
2319,0.5,651.84285714287,34.81571428571299,3.6820244115062994,3.6117490134788226,146.86653080825445,37.82770775951789,0.9987993391866886,2.354292796228978
2320,0.5,651.7142857142984,34.828571428570164,3.679925487208235,3.6008496637785137,146.87191757843044,38.09485533160609,0.9987732952259478,2.346725166593986
2321,0.5,651.5857142857269,34.841428571427315,3.674487505785963,3.5986628435694805,146.87730202822294,38.30088368656643,0.9988222552629286,2.344837299400725
2322,0.5,651.4571428571552,34.85428571428449,3.6764862716932156,3.6046633496474154,146.88268415963012,38.2092046466831,0.9987944016070838,2.3482836867232075
2323,0.5,651.3285714285837,34.86714285714163,3.6778939027447906,3.5979357692627976,146.88806397464754,38.533468084948495,0.998824201471042,2.3434383646857406
2324,0.5,651.200000000012,34.8799999999988,3.6790211016207293,3.6039893792815367,146.8934414752682,37.87389918698378,0.9988210619150306,2.34691788378818
2325,0.5,651.0714285714405,34.892857142855945,3.6781339642900375,3.6064125337018007,146.89881666348265,38.48747669396086,0.9987756013189993,2.3480321603351793
2326,0.5,650.942857142869,34.905714285713096,3.6775932351563956,3.6036444535701753,146.90418954127864,38.39024276034908,0.9987143801303117,2.345766616734023
2327,0.5,650.8142857142973,34.91857142857027,3.6794238473997223,3.6016029559787306,146.9095601106416,38.18757533643459,0.9989160050269472,2.3439746552217993
2328,0.5,650.6857142857259,34.93142857142742,3.677055170920277,3.600526055552018,146.91492837355426,38.17974484404093,0.9987892850010948,2.342810868261232
2329,0.5,650.5571428571542,34.94428571428458,3.6764293931966123,3.603995001471794,146.9202943319968,38.49974031056351,0.9988257584363217,2.3446046910289557
2330,0.5,650.4285714285827,34.95714285714173,3.679721739308311,3.605444911352173,146.92565798794698,38.03034980346139,0.9988019976196205,2.345084383055247
2331,0.5,650.300000000011,34.969999999998905,3.680067088107299,3.604062948129927,146.9310193433798,38.25688400482319,0.9988007930386215,2.343722135168931
2332,0.5,650.1714285714395,34.98285714285605,3.68353847567014,3.613454922473511,146.93637840026787,38.73159054492423,0.9988352874309351,2.349365149023103
2333,0.5,650.042857142868,34.9957142857132,3.677773790669051,3.6061402119264265,146.94173516058126,38.788859471555995,0.9987504976519394,2.344145686618442
2334,0.5,649.9142857142963,35.00857142857037,3.679116750794881,3.6060305383229982,146.9470896262875,38.505392378775575,0.9988582708220802,2.3436107615781308
2335,0.5,649.7857142857248,35.02142857142751,3.6785908733564123,3.6046436052498856,146.95244179935148,39.28756778033838,0.9987758471988372,2.342245919782767
2336,0.5,649.6571428571533,35.03428571428467,3.676233907208261,3.6031727533527267,146.95779168173573,38.17985439131265,0.9987913170889998,2.3408269161638744
2337,0.5,649.5285714285817,35.047142857141836,3.6787333587008755,3.598404818232434,146.96313927540018,38.38011186619494,0.9988111520343771,2.337266741008238
2338,0.5,649.4000000000102,35.05999999999898,3.6813338094950097,3.6083677474828777,146.96848458230224,38.706896757822555,0.9988816950752591,2.3432740152154174
2339,0.5,649.2714285714386,35.07285714285614,3.6800067449679332,3.6079052699487906,146.97382760439683,38.26677169173764,0.9988306405019276,2.342509808770073
2340,0.5,649.142857142867,35.0857142857133,3.6782876057420952,3.597754378239554,146.9791683436364,38.33349882903171,0.99885639202804,2.3354565563886833
2341,0.5,649.0142857142954,35.09857142857046,3.6807130944030964,3.606416340717828,146.98450680197078,38.13964796806345,0.9987860688078705,2.3406157253593443
2342,0.5,648.8857142857238,35.111428571427616,3.678862482024951,3.601858300285429,146.98984298134744,38.08061367799623,0.9987952427709318,2.3371943959366734
2343,0.5,648.7571428571523,35.12428571428477,3.679357091000664,3.607591259282652,146.99517688371128,38.1470684638568,0.99870275728172,2.3404505979686494
2344,0.5,648.6285714285809,35.13714285714191,3.6785300067479225,3.6079695997557626,147.00050851100474,37.95169254400601,0.9987563023292875,2.340232167247329
2345,0.5,648.5000000000093,35.14999999999907,3.6775682037815236,3.6090044734551676,147.00583786516773,38.732499411090274,0.9987824315120517,2.34043940103571
2346,0.5,648.3714285714377,35.16285714285623,3.680458597958534,3.6048383742023695,147.0111649481378,38.39558652754836,0.9987069451610197,2.3372742064507293
2347,0.5,648.2428571428662,35.175714285713376,3.6769357628446273,3.6005654429425675,147.0164897618498,38.06086475909612,0.9988266310627238,2.3340408300629596
2348,0.5,648.1142857142946,35.18857142857053,3.6768984013794785,3.606409398109835,147.0218123082364,38.58404959222131,0.9988106287280859,2.3373654510492754
2349,0.5,647.985714285723,35.2014285714277,3.6812190251213748,3.6084613350381636,147.02713258922756,38.20912804681421,0.9987770219685308,2.3382313956571177
2350,0.5,647.8571428571515,35.21428571428484,3.6802054672020033,3.6028627278039163,147.03245060675084,38.701475586739,0.9987884481192258,2.3341403529415685
2351,0.5,647.72857142858,35.22714285714199,3.6801011239044175,3.6069355877372242,147.03776636273147,38.20024935819872,0.998877878119176,2.336315235479938
2352,0.5,647.6000000000085,35.23999999999915,3.678369424183951,3.605756040232264,147.04307985909205,38.28030762097386,0.9987581829404426,2.335087611654445
2353,0.5,647.471428571437,35.25285714285631,3.6790366500083262,3.6040063504880444,147.04839109775278,38.42715904178998,0.9988050403968877,2.3334911403310246
2354,0.5,647.3428571428655,35.26571428571346,3.6777762702560013,3.6072028608179276,147.05370008063147,38.63148000301844,0.9986955153741263,2.335097006215795
2355,0.5,647.214285714294,35.2785714285706,3.6770050480878593,3.602357196218064,147.05900680964348,38.162509511360284,0.9987616090671828,2.331497039638021
2356,0.5,647.0857142857222,35.29142857142777,3.680113612572921,3.608040567600189,147.06431128670167,37.978497030686555,0.9987330454314022,2.334711507857431
2357,0.5,646.9571428571508,35.30428571428492,3.6793198814251173,3.604873014055705,147.06961351371646,38.713827355874784,0.9987652926935691,2.3321983455363244
2358,0.5,646.8285714285793,35.31714285714207,3.678877846795694,3.6027187687939173,147.07491349259593,38.38950542933453,0.998827854232608,2.330341434477899
2359,0.5,646.7000000000078,35.32999999999922,3.6795664286132026,3.60269265242206,147.0802112252457,38.793156592142466,0.9987946018085514,2.329861338321374
2360,0.5,646.5714285714364,35.34285714285637,3.6796657070586725,3.6074152664735193,147.08550671356892,38.348816053144006,0.9988412193421922,2.3324516422941923
2361,0.5,646.4428571428648,35.355714285713525,3.6773334546038914,3.6026529535509453,147.09079995946635,38.12547001417822,0.9987203425279771,2.3289092685876533
2362,0.5,646.3142857142932,35.36857142857068,3.683172033801058,3.609124304426792,147.09609096483635,38.373743202477876,0.9988913059991275,2.3326285968696974
2363,0.5,646.1857142857217,35.38142857142783,3.675286224387049,3.6053941681526367,147.10137973157487,38.57661692094852,0.9987904997815824,2.329754205829287
2364,0.5,646.0571428571502,35.394285714284976,3.6782974721439796,3.603845695684256,147.1066662615754,38.955253333345574,0.9988480475205146,2.3282902534518093
2365,0.5,645.9285714285787,35.40714285714213,3.6784876211352833,3.6025612691694375,147.11195055672914,38.52132375778375,0.9987467325490227,2.326997254078542
2366,0.5,645.8000000000071,35.419999999999284,3.6771222986134413,3.6026605663792632,147.1172326189248,38.291712196595135,0.9987647780478333,2.326598193767754
2367,0.5,645.6714285714355,35.43285714285644,3.678013320625265,3.6013339614638347,147.1225124500487,38.98130583413336,0.9986907481950679,2.3252784436611815
2368,0.5,645.542857142864,35.445714285713606,3.6801316495761847,3.6085738437336223,147.12779005198482,38.47747389511514,0.9987887966742429,2.329489069294809
2369,0.5,645.4142857142926,35.45857142857074,3.6790010386328844,3.605562905662964,147.1330654266147,38.746324819063176,0.9988240335246678,2.3270818073564112
2370,0.5,645.2857142857212,35.471428571427886,3.6778996519446174,3.6013648745345734,147.13833857581758,38.63679378371243,0.9988254168208389,2.3239093054675486
2371,0.5,645.1571428571497,35.484285714285036,3.6802778017221662,3.605047649571887,147.1436095014702,39.29125345237654,0.9987102186062148,2.325822241461682
2372,0.5,645.0285714285781,35.497142857142194,3.682386672583331,3.606383525208976,147.14887820544703,38.52229050821429,0.9988841834228246,2.3262204132891053
2373,0.5,644.9000000000065,35.50999999999935,3.6824152611991727,3.6135036030794545,147.15414468962015,38.7988933806821,0.9988169003347631,2.330348473625963
2374,0.5,644.771428571435,35.5228571428565,3.675907403659134,3.5987562472263974,147.15940895585925,38.54283647007947,0.9988268317643857,2.3203752066045404
2375,0.5,644.6428571428635,35.53571428571365,3.680119210589967,3.6090755259318823,147.1646710060317,38.990106602391265,0.9988673475309449,2.3265647586811116
2376,0.5,644.514285714292,35.548571428570796,3.678750620303875,3.5988919054770214,147.16993084200243,38.879841611067874,0.9987853439964787,2.31953724582147
2377,0.5,644.3857142857206,35.561428571427946,3.6776978497996304,3.604613328306049,147.17518846563408,38.1947496915289,0.9987849306301286,2.322761334284322
2378,0.5,644.2571428571491,35.57428571428509,3.675759726473116,3.595202999779401,147.18044387878697,38.376349097698835,0.9988690524182722,2.3162352126293286
2379,0.5,644.1285714285775,35.587142857142254,3.6788845099406715,3.6076125866577557,147.185697083319,38.5585609241176,0.998816002183388,2.3237663417116154
2380,0.5,644.0000000000059,35.59999999999941,3.674849386307378,3.599063832471554,147.1909480810858,38.33657682612283,0.9987273149028697,2.317797108111702
2381,0.5,643.8714285714345,35.61285714285655,3.67885284700146,3.606417783907284,147.19619687394058,38.70983075089184,0.9987928031249412,2.3220693705498103
2382,0.5,643.7428571428629,35.625714285713705,3.6800155880830263,3.6065873675449076,147.20144346373428,38.69220306133888,0.9987665108350577,2.3217148565187156
2383,0.5,643.6142857142914,35.638571428570856,3.6797004705694722,3.6073503380202463,147.2066878523155,38.30756082959603,0.9987627600195842,2.3217422111261086
2384,0.5,643.48571428572,35.651428571428,3.6807391374863587,3.6031940412145853,147.21193004153054,38.49784672586753,0.9988465666954714,2.3186038913210174
2385,0.5,643.3571428571485,35.66428571428515,3.679945963418576,3.609265228419334,147.21717003322325,38.80943595827029,0.9987775199119149,2.322046565169516
2386,0.5,643.2285714285771,35.6771428571423,3.675034804426439,3.60758382160527,147.22240782923538,38.87724481282642,0.9987511853252193,2.3205009878800045
2387,0.5,643.1000000000056,35.68999999999944,3.6788279971866373,3.6033126519771095,147.22764343140616,38.60873137498281,0.9988248898046631,2.317290366486499
2388,0.5,642.971428571434,35.7028571428566,3.6771590820084104,3.6092144007722253,147.23287684157262,38.544784315660436,0.9987726491369561,2.32062173928511
2389,0.5,642.8428571428626,35.71571428571374,3.6809261061964684,3.60382646859087,147.23810806156945,38.68910345009326,0.9989009961495842,2.316694103716028
2390,0.5,642.714285714291,35.7285714285709,3.6787485048088153,3.605793547530617,147.24333709322906,38.48397052239482,0.9987484498930889,2.31749502433434
2391,0.5,642.5857142857195,35.741428571428045,3.678108040120458,3.611313379986736,147.24856393838152,38.9382274155476,0.9988218374111638,2.320578387788353
2392,0.5,642.4571428571479,35.7542857142852,3.6799284777358428,3.609176345826609,147.25378859885464,38.56953809016761,0.9987941486772728,2.3187411232073645
2393,0.5,642.3285714285764,35.76714285714235,3.678411351885507,3.6061293341096605,147.259011076474,38.38472456473591,0.9987296566913806,2.316319903565342
2394,0.5,642.2000000000049,35.779999999999504,3.677056660766449,3.6045947001391303,147.26423137306267,38.35014320136322,0.9988333388233506,2.3148707164293674
2395,0.5,642.0714285714336,35.79285714285665,3.6762312498313854,3.601950183348728,147.26944949044176,38.27106237087188,0.9988253628049468,2.312709299865855
2396,0.5,641.9428571428621,35.8057142857138,3.6754524920820266,3.5957853521345355,147.27466543042982,38.71026220491472,0.9988108506382516,2.3082887226216964
2397,0.5,641.8142857142906,35.81857142857095,3.6800429674309805,3.6069278533409004,147.27987919484323,38.82392137174053,0.9988038203952226,2.3149778238149694
2398,0.5,641.6857142857191,35.83142857142809,3.6789111859952883,3.609397643758725,147.28509078549618,38.63909413635229,0.9987457312820948,2.3160989051765086
2399,0.5,641.5571428571476,35.84428571428524,3.6811106129527165,3.6103671559528623,147.29030020420046,38.8809346581896,0.9987672339032313,2.316256837238404
2400,0.5,641.428571428576,35.8571428571424,3.6794501797797543,3.610865646144644,147.29550745276566,38.57193781916539,0.9988279825322333,2.316112393027081
2401,0.5,641.3000000000046,35.869999999999536,3.675801610197715,3.599374240023096,147.3007125329991,39.014456743077,0.9988272117696854,2.308278700126828
2402,0.5,641.1714285714331,35.882857142856686,3.677773272934475,3.600869822523754,147.30591544670585,38.503142975505945,0.9988964954046943,2.308774848207318
2403,0.5,641.0428571428616,35.89571428571383,3.678586893987768,3.6075348404764283,147.31111619568873,38.906555732926776,0.9988076413692667,2.312584441381427
2404,0.5,640.9142857142901,35.90857142857099,3.6793492499062164,3.6047146856405425,147.31631478174828,39.07641750077181,0.9987984770640789,2.31031313795112
2405,0.5,640.7857142857188,35.92142857142812,3.677817064931691,3.6057763111221197,147.3215112066828,38.73243445689695,0.9988137942547901,2.3105299490769116
2406,0.5,640.6571428571473,35.934285714285274,3.6767538909418986,3.597786722779108,147.32670547228838,38.09013195464022,0.9987201908088548,2.3049477624250425
2407,0.5,640.5285714285758,35.947142857142424,3.6764254061354382,3.6010263396095947,147.33189758035888,38.756544421602236,0.9988177497767491,2.306560256986807
2408,0.5,640.4000000000042,35.95999999999958,3.679510365876851,3.6023173394422434,147.3370875326859,39.32880671394952,0.9987878826186137,2.306924024178828
2409,0.5,640.2714285714327,35.97285714285673,3.6772212597718754,3.6032631031604905,147.34227533105874,38.84632260461945,0.9988111945586013,2.3070664145793005
2410,0.5,640.1428571428613,35.98571428571387,3.6773102787883816,3.608248616583955,147.34746097726463,38.30413832632124,0.9988173258019838,2.3097945787018297
2411,0.5,640.0142857142897,35.998571428571026,3.6799404527128194,3.6061158217079785,147.35264447308845,38.49261473852001,0.9987973769601672,2.3079656418334307
2412,0.5,639.8857142857183,36.01142857142816,3.680251491295809,3.6068106702270057,147.35782582031288,38.62626115633141,0.9986911886635517,2.307946622011558
2413,0.5,639.7571428571468,36.02428571428532,3.6789908421169586,3.5994631278623825,147.36300502071848,39.11842578997381,0.9987543616558217,2.3027822465008865
2414,0.5,639.6285714285755,36.037142857142456,3.6806885784225116,3.6099748313052062,147.3681820760834,38.785907582525475,0.9987829478788377,2.309043044240862
2415,0.5,639.5000000000039,36.04999999999961,3.682273894580567,3.607796461526916,147.37335698818384,38.710602759269186,0.9987697272241198,2.307185837146476
2416,0.5,639.3714285714325,36.06285714285675,3.67686522577771,3.603206548828035,147.37852975879355,38.76013724450204,0.9986585416898662,2.303787318562122
2417,0.5,639.2428571428609,36.075714285713914,3.6762582353372326,3.6063957696250166,147.38370038968424,39.069444380349466,0.9989096003930082,2.3053627357630226
2418,0.5,639.1142857142894,36.08857142857106,3.67500769750594,3.5953558825379264,147.38886888262533,39.141127734489544,0.9987401809656595,2.2978433067568953
2419,0.5,638.985714285718,36.101428571428194,3.68010014417289,3.6044641482347073,147.39403523938415,39.17738087208052,0.9987768139248467,2.3032010983770164
2420,0.5,638.8571428571464,36.11428571428535,3.678041827672211,3.6088443021216845,147.39919946172571,39.05637664592338,0.9987603477327727,2.305535959869752
2421,0.5,638.728571428575,36.12714285714249,3.672775818701678,3.603834599941165,147.40436155141296,38.802633833654774,0.9988059769475164,2.3018721256852905
2422,0.5,638.6000000000035,36.13999999999965,3.676496477689498,3.602445573882193,147.40952151020656,38.596643060914396,0.9987578173104401,2.3005217434811813
2423,0.5,638.4714285714322,36.15285714285679,3.6732653913237288,3.601754269802835,147.41467933986505,38.91077775590292,0.998752518982527,2.2996171940042713
2424,0.5,638.3428571428607,36.16571428571393,3.680608621307865,3.6062263190240893,147.4198350421448,38.71892851342937,0.998740730060434,2.3020088119896185
2425,0.5,638.2142857142892,36.17857142857108,3.68135293245541,3.613977236173626,147.42498861879994,38.541340316169595,0.9987403000447789,2.306491900372252
2426,0.5,638.0857142857177,36.19142857142823,3.6777396731488317,3.606359406525424,147.4301400715825,38.87922417315031,0.998783622980408,2.301166417883792
2427,0.5,637.9571428571461,36.20428571428539,3.6798551654071088,3.6067602917304082,147.43528940224238,38.785862983087256,0.998782845506772,2.3009584906829383
2428,0.5,637.8285714285747,36.21714285714253,3.6775407299573066,3.6068092650969046,147.44043661252718,38.868540461671245,0.9987903715477866,2.300526000972106
2429,0.5,637.7000000000032,36.22999999999968,3.678245273545366,3.6073080719411874,147.44558170418242,38.75678349359703,0.9988886174575383,2.300380357476907
2430,0.5,637.5714285714317,36.24285714285682,3.676517741990932,3.598367214948274,147.45072467895156,38.95720292066369,0.9988092551149693,2.294216125759175
2431,0.5,637.4428571428604,36.25571428571397,3.6773875342564994,3.613525915401696,147.45586553857572,39.022173764649864,0.9988542803996535,2.303416283873427
2432,0.5,637.3142857142889,36.268571428571114,3.679467611534993,3.606761233622497,147.46100428479403,38.62035679738161,0.9987993917216822,2.2986404593481087
2433,0.5,637.1857142857174,36.281428571428265,3.6793077171330912,3.6016205626149804,147.4661409193434,38.210481453209425,0.9988524974137857,2.2949011707759537
2434,0.5,637.0571428571459,36.294285714285415,3.6794932220807217,3.6071076745936743,147.4712754439586,38.82547256540097,0.998832222816419,2.2979337091547296
2435,0.5,636.9285714285745,36.30714285714255,3.67544077885887,3.5999351617068482,147.47640786037235,38.740921584635174,0.9988502846070687,2.2929015597814373
2436,0.5,636.8000000000029,36.31999999999971,3.6776652195752977,3.6020961689272686,147.48153817031508,39.17096920484718,0.9988390619424601,2.293814840372895
2437,0.5,636.6714285714314,36.33285714285685,3.677933462593425,3.6053945132281733,147.48666637551523,38.54012562617944,0.9987625025265192,2.295451675300582
2438,0.5,636.54285714286,36.345714285713996,3.6763302778980242,3.6017569776821636,147.49179247769902,39.160085879439215,0.9987533577798493,2.292672677308037
2439,0.5,636.4142857142884,36.35857142857115,3.679576200281542,3.608306112621686,147.4969164785906,38.66571505250037,0.9988986978099873,2.296377557302631
2440,0.5,636.2857142857171,36.3714285714283,3.677653654252857,3.6006229635673224,147.502038379912,38.661285633976426,0.9988137853980593,2.291024954246989
2441,0.5,636.1571428571458,36.384285714285426,3.677768957981869,3.6043952305763214,147.50715818338313,38.2456745414703,0.998745315020657,2.2929617716113557
2442,0.5,636.0285714285742,36.39714285714258,3.6752092872610165,3.603854632965271,147.51227589072175,38.76353418618161,0.9987625832412796,2.2921545138411497
2443,0.5,635.9000000000028,36.40999999999972,3.6782646968530424,3.608096819393066,147.51739150364358,39.22175109198641,0.9988354904549744,2.294388767452061
2444,0.5,635.7714285714313,36.42285714285687,3.6766191209166013,3.6018567391088143,147.52250502386218,38.97575553922807,0.9987406091132135,2.289957604532848
2445,0.5,635.6428571428597,36.43571428571403,3.677959414569021,3.6043833635545397,147.527616453089,39.18757926644838,0.9986950564847873,2.2911005394479984
2446,0.5,635.5142857142883,36.448571428571164,3.677483029364332,3.6039647311411773,147.5327257930334,39.508788365992864,0.998822050457987,2.290371071850673
2447,0.5,635.3857142857169,36.461428571428314,3.677063128954951,3.6011092045693016,147.53783304540272,39.1863276261604,0.9988140586016977,2.2880933441661355
2448,0.5,635.2571428571454,36.47428571428546,3.6763332963735116,3.6028745105670072,147.54293821190208,39.44572493634437,0.9988208180002327,2.2887517676556333
2449,0.5,635.1285714285739,36.48714285714261,3.676607952502364,3.5984587271055055,147.54804129423468,39.18635760281844,0.9988011629082794,2.285483950691204
2450,0.5,635.0000000000025,36.49999999999976,3.680127054706641,3.6102275407473945,147.5531422941014,38.786685604694114,0.9987910491619633,2.2924944883746043
2451,0.5,634.8714285714311,36.512857142856895,3.6763315206048044,3.5973135796984934,147.55824121320126,38.92433387567603,0.9988308753891539,2.283831611362591
2452,0.5,634.7428571428595,36.52571428571405,3.6783115818074266,3.6045066814834343,147.56333805323112,38.55573270424927,0.9987970294923342,2.2879348695953223
2453,0.5,634.6142857142881,36.53857142857119,3.6780895564273717,3.6043220720778617,147.56843281588573,38.89602750735192,0.9987743293090274,2.287354277255935
2454,0.5,634.4857142857167,36.55142857142833,3.6791784707867063,3.6065512692874213,147.57352550285776,38.46323143136481,0.9988051862612598,2.2883052582018877
2455,0.5,634.3571428571453,36.564285714285475,3.6774263388889934,3.6039880283650017,147.57861611583792,39.24886589834859,0.9988248447181333,2.2862155485649787
2456,0.5,634.2285714285737,36.57714285714263,3.681737296179089,3.607342332891221,147.58370465651473,39.23993514459933,0.9987367462717581,2.2878795744434175
2457,0.5,634.1000000000023,36.58999999999977,3.6793627636956456,3.6014838796709117,147.58879112657473,39.303607362324854,0.9987358236459938,2.2837009280993334
2458,0.5,633.9714285714308,36.60285714285691,3.6754472020248,3.6034094458635457,147.59387552770244,39.266456996389365,0.9988740511794154,2.2844586341219
2459,0.5,633.8428571428594,36.61571428571405,3.677358358615774,3.6020245881493356,147.59895786158012,39.03167390481636,0.9987264196856908,2.2831175564514066
2460,0.5,633.7142857142879,36.62857142857121,3.6763860020029115,3.6029545633740674,147.6040381298882,38.68147393489876,0.998679316274298,2.2832437775896315
2461,0.5,633.5857142857164,36.64142857142836,3.6750492509093773,3.601441493565831,147.609116334305,38.70312547776251,0.9988379064966708,2.2818218811591247
2462,0.5,633.4571428571451,36.65428571428549,3.679629945856205,3.6077685536485533,147.61419247650673,39.004934559326294,0.9987943895586942,2.285366760084067
2463,0.5,633.3285714285736,36.66714285714264,3.675515130213481,3.6027355761054216,147.61926655816762,39.32845557591812,0.9987918234654675,2.2817153756497457
2464,0.5,633.200000000002,36.6799999999998,3.675401471821538,3.596572679564034,147.62433858095986,39.015398693562766,0.9987787049382778,2.2773498206999534
2465,0.5,633.0714285714306,36.69285714285694,3.682265278971811,3.6042068942575685,147.62940854655363,38.614710534585825,0.998804761683307,2.281720407414638
2466,0.5,632.9428571428592,36.70571428571407,3.677024416170478,3.61157547585981,147.63447645661697,38.721538526169994,0.9988653333603381,2.2859209004777896
2467,0.5,632.8142857142877,36.718571428571224,3.6761166869717794,3.602240949983282,147.63954231281596,39.016046860692924,0.9987406479783517,2.2795495337344276
2468,0.5,632.6857142857162,36.73142857142837,3.680658365495322,3.6085198224713966,147.64460611681477,38.81729007343892,0.9988523749627669,2.283058941394482
2469,0.5,632.5571428571449,36.74428571428552,3.676266935049393,3.606467858600635,147.64966787027527,39.163948886584286,0.9987490544888837,2.281297004442543
2470,0.5,632.4285714285734,36.75714285714267,3.6780801694475116,3.601712142149113,147.65472757485762,38.58924864948223,0.9988571108230682,2.2778256647563104
2471,0.5,632.3000000000019,36.76999999999981,3.676747738228547,3.6006121251936856,147.65978523221978,38.68686483927944,0.9988011487850345,2.2766670467599743
2472,0.5,632.1714285714305,36.78285714285695,3.673862431124538,3.596870656245463,147.6648408440177,39.18391819696931,0.9987278426567237,2.273838861145353
2473,0.5,632.0428571428589,36.79571428571411,3.679138995814461,3.607233001975959,147.6698944119054,39.398018323096565,0.9987751788815449,2.279925852948897
2474,0.5,631.9142857142875,36.80857142857125,3.676410246163044,3.6005197845456385,147.6749459375349,39.70038976951671,0.9988151705939232,2.2752198878513177
2475,0.5,631.7857142857162,36.821428571428385,3.678393954443002,3.6056915917029317,147.6799954225561,39.69260179031486,0.9988600601717743,2.2780244377580376
2476,0.5,631.6571428571447,36.83428571428553,3.674558014774075,3.6014637833358587,147.685042868617,39.69032001674564,0.9987771298294528,2.274890323485411
2477,0.5,631.5285714285732,36.84714285714268,3.6777317895343606,3.6016953130125096,147.6900882773636,39.304213396800044,0.9987694815204613,2.274573495747778
2478,0.5,631.4000000000017,36.85999999999983,3.680504609710331,3.6035066864005296,147.6951316504399,39.06408160361895,0.9987963812534506,2.2752541217933
2479,0.5,631.2714285714303,36.87285714285697,3.6771239804595353,3.602317389559739,147.70017298948784,39.23240392414486,0.9987715509335403,2.2740400446750817
2480,0.5,631.1428571428588,36.88571428571412,3.6780974708501377,3.600161756750804,147.70521229614752,39.53839812886466,0.9986919565515304,2.2722163773321564
2481,0.5,631.0142857142874,36.89857142857126,3.6765213923004856,3.606856535085602,147.7102495720569,38.53045214851727,0.9988916214769465,2.275978000160951
2482,0.5,630.8857142857161,36.911428571428395,3.6766589471700857,3.6019058288851538,147.71528481885207,39.17781238636074,0.9988408877854968,2.2723909316460946
2483,0.5,630.7571428571445,36.92428571428555,3.6775440483010686,3.6056432445321316,147.7203180381671,39.47720386994651,0.9988652198298891,2.2742852310832515
2484,0.5,630.6285714285731,36.93714285714269,3.6783087294245678,3.602617149473665,147.7253492316341,38.82674403871012,0.9987523450795311,2.2719133063766552
2485,0.5,630.5000000000016,36.94999999999984,3.6771700225217554,3.6015395093428637,147.7303784008832,39.43366199228117,0.9986886555017138,2.2707706606406814
2486,0.5,630.3714285714301,36.96285714285699,3.676521190445697,3.605025912125882,147.73540554754257,39.09469887562377,0.9987813389161775,2.2725053342638146
2487,0.5,630.2428571428587,36.975714285714126,3.6790942003749008,3.609682932353734,147.7404306732384,39.57602879024152,0.9987487921967375,2.2749768846664296
2488,0.5,630.1142857142872,36.988571428571284,3.6740277977838662,3.600291314644101,147.7454537795949,38.909905111347705,0.9987625014156944,2.2685949900903197
2489,0.5,629.9857142857157,37.00142857142843,3.67613760292144,3.6055989796129833,147.75047486823442,39.070432898992095,0.9987768387281913,2.271475848599333
2490,0.5,629.8571428571444,37.01428571428556,3.6797185305101516,3.6071384202182126,147.75549394077726,39.14666708865398,0.998800031666416,2.271981899248877
2491,0.5,629.728571428573,37.02714285714271,3.680863977301402,3.6094540761127045,147.7605109988418,39.18943921126773,0.9988103925793212,2.2729763589874934
2492,0.5,629.6000000000015,37.03999999999985,3.67810632343227,3.6082627291486213,147.76552604404446,39.135984960275266,0.9988175065781936,2.2717622142719773
2493,0.5,629.47142857143,37.052857142857,3.6819779234074757,3.605620880927497,147.77053907799979,39.24165407305158,0.9988642518321095,2.2696353268044094
2494,0.5,629.3428571428585,37.065714285714144,3.6814481722091426,3.6100768909827203,147.77555010232024,39.36734098873944,0.9987823056207535,2.271976105076473
2495,0.5,629.214285714287,37.078571428571294,3.674266051259625,3.5976960993186977,147.7805591186165,39.57845917575954,0.9987616824358344,2.263721781349891
2496,0.5,629.0857142857157,37.09142857142843,3.677194536224716,3.603908021052678,147.78556612849715,39.21576180993562,0.9987631230205488,2.267167051643944
2497,0.5,628.9571428571443,37.10428571428557,3.6733450335367204,3.6006646476809387,147.79057113356905,39.26250770165893,0.9987982662012196,2.2646637491921293
2498,0.5,628.8285714285729,37.11714285714272,3.6769126329979622,3.604999584604717,147.7955741354369,39.015758108906645,0.9988592250835046,2.266926738787583
2499,0.5,628.7000000000014,37.12999999999986,3.6793351960796112,3.6083334606130903,147.80057513570367,39.211073292073586,0.9986728193897881,2.268559246687455
2500,0.5,628.5714285714299,37.14285714285701,3.6755880619504837,3.596418847145488,147.80557413597023,39.29624930489349,0.9988050908294913,2.2606061324914544
2501,0.5,628.4428571428584,37.15571428571416,3.681810262041826,3.6058189437392167,147.8105711378357,39.14299098359104,0.9987041360344999,2.2660511593433172
2502,0.5,628.3142857142869,37.168571428571305,3.683193340920575,3.611147498456347,147.81556614289718,39.68233700894377,0.9987646421964347,2.268935561101534
2503,0.5,628.1857142857156,37.18142857142844,3.6770674703372683,3.602358875185562,147.82055915274987,38.61422028824469,0.9987470255373294,2.262950383121929
2504,0.5,628.0571428571442,37.19428571428558,3.6776083789729537,3.6045643937718466,147.82555016898706,39.65678146061551,0.9987985737348477,2.26387241439694
2505,0.5,627.9285714285727,37.20714285714273,3.676429951256858,3.5999312282108415,147.83053919320017,39.12186931293823,0.9988772183344651,2.2604996733715406
2506,0.5,627.8000000000012,37.21999999999988,3.678077752900431,3.6040485989007407,147.83552622697866,39.8061353344796,0.9988145751186193,2.2626217103898894
2507,0.5,627.6714285714297,37.23285714285702,3.6785900153233904,3.6012336949841077,147.84051127191015,39.61580598542812,0.9987268905228188,2.2603914979502435
2508,0.5,627.5428571428583,37.24571428571417,3.677460309429505,3.5997441358031046,147.84549432958028,39.81531792511313,0.9988124372183345,2.25899371996513
2509,0.5,627.4142857142868,37.258571428571315,3.6769323673357306,3.600012623990006,147.85047540157285,39.19075541102856,0.9987970222076045,2.258699349043105
2510,0.5,627.2857142857155,37.27142857142846,3.673691584137899,3.6021956068426846,147.85545448946982,39.62837985703334,0.9987796139341474,2.2596058442351796
2511,0.5,627.1571428571441,37.284285714285595,3.678372201212698,3.6074559572132183,147.86043159485112,39.55228787057006,0.9987977042073497,2.262441771108826
2512,0.5,627.0285714285726,37.29714285714274,3.6764029119502424,3.601332150723188,147.86540671929492,39.344322803195965,0.9986800027751639,2.2581381537077494
2513,0.5,626.9000000000011,37.30999999999989,3.678308496575053,3.6006283463396174,147.8703798643774,39.41189575963134,0.9987841070318608,2.2572339103203105
2514,0.5,626.7714285714296,37.32285714285703,3.6769165227847393,3.5975869281104447,147.875351031673,39.5041374408189,0.9987965651171029,2.2548646983416845
2515,0.5,626.6428571428581,37.33571428571418,3.6778511776783427,3.604724097091856,147.88032022275414,39.11483801034097,0.9988435490441296,2.25887460741335
2516,0.5,626.5142857142866,37.34857142857133,3.6776510017488744,3.606201941439912,147.88528743919144,39.108059407912144,0.9987490457473636,2.2593370334827
2517,0.5,626.3857142857153,37.361428571428476,3.678157765450423,3.605046613699349,147.89025268255367,39.382387631027306,0.998846886435474,2.2581496981553655
2518,0.5,626.257142857144,37.374285714285605,3.6743165915276585,3.6005247782922543,147.89521595440763,38.97375534574471,0.9988710717646353,2.254854360439659
2519,0.5,626.1285714285725,37.38714285714275,3.678154361986441,3.6088629172058,147.90017725631836,39.88153757151734,0.998752772239242,2.259612182831618
2520,0.5,626.000000000001,37.3999999999999,3.676788248888463,3.6070481715596094,147.90513658984898,39.16662909240411,0.9987773767444795,2.258012155396319
2521,0.5,625.8714285714296,37.412857142857035,3.676789546476358,3.59947412333042,147.91009395656081,40.013367004894114,0.9988196567295093,2.2528080116747042
2522,0.5,625.7428571428583,37.42571428571417,3.6767748294266114,3.598795829438858,147.91504935801322,39.37377185502946,0.9988169736455487,2.251920784586874
2523,0.5,625.6142857142867,37.43857142857133,3.6810927755582314,3.613348740638168,147.9200027957638,39.47737757670627,0.9988654216467657,2.260562591410965
2524,0.5,625.4857142857153,37.451428571428465,3.6780001821614485,3.6068458766469855,147.92495427136825,39.49010565004462,0.9987583607236733,2.256030569473027
2525,0.5,625.3571428571438,37.464285714285616,3.6805880501684514,3.605980507665784,147.92990378638046,39.2344959123761,0.9987391051152062,2.2550256674724274
2526,0.5,625.2285714285723,37.477142857142766,3.6792847253451724,3.607636843038579,147.93485134235243,39.67098262604559,0.9987919805700318,2.255597629606095
2527,0.5,625.1000000000009,37.48999999999991,3.674707794184368,3.6044770886950657,147.93979694083436,39.649295614815934,0.9988038798960179,2.253158628143289
2528,0.5,624.9714285714296,37.502857142857046,3.675693641608566,3.5994890919893527,147.94474058337457,39.638104808744096,0.9987459009433886,2.2495778399478636
2529,0.5,624.8428571428582,37.51571428571418,3.6787954988250693,3.6053815459937697,147.94968227151958,39.57902370314085,0.9988318894827738,2.252796906288882
2530,0.5,624.7142857142867,37.52857142857133,3.6790982706557465,3.6059464930246286,147.95462200681408,39.18917133053556,0.9987712110645238,2.252686287713818
2531,0.5,624.5857142857152,37.54142857142848,3.6801785853070124,3.6068670184181957,147.95955979080082,39.99441580557927,0.9987126903737507,2.2527976130323166
2532,0.5,624.4571428571437,37.554285714285626,3.6805144688806593,3.6035278509688524,147.96449562502093,39.04398429879318,0.9987374627042142,2.2502487060221528
2533,0.5,624.3285714285722,37.56714285714278,3.6754260348279257,3.606185706982559,147.96942951101354,39.18420865357102,0.9988041410554126,2.251444770746557
2534,0.5,624.2000000000007,37.57999999999993,3.6770275101618326,3.598189844619343,147.97436145031605,39.61508673885148,0.99879124590116,2.2459901010113965
2535,0.5,624.0714285714294,37.59285714285706,3.6750053133374796,3.604116092908323,147.97929144446397,39.22627315693036,0.9986937870011312,2.2492258788385757
2536,0.5,623.942857142858,37.6057142857142,3.679501159015221,3.6042371185551074,147.984219494991,39.14233930651681,0.9987540792250603,2.2488380055716157
2537,0.5,623.8142857142866,37.61857142857134,3.676245982239278,3.6020395644423364,147.98914560342917,39.13253567304596,0.9988386870436169,2.247003738007196
2538,0.5,623.6857142857151,37.63142857142849,3.678367825029632,3.6036434396773656,147.99406977130846,40.03830459257531,0.9987909966977441,2.247540932706209
2539,0.5,623.5571428571437,37.64428571428563,3.6782193873292335,3.6038351903371377,147.9989920001573,39.50873034177241,0.9988449271706138,2.2471971746146564
2540,0.5,623.4285714285724,37.657142857142766,3.676358419779755,3.6049188382484387,148.00391229150205,39.30169988118084,0.9987508319317637,2.247409401445173
2541,0.5,623.3000000000009,37.669999999999916,3.6755120559050765,3.597097294804853,148.0088306468675,39.671763430534945,0.9987186179659844,2.242070743851868
2542,0.5,623.1714285714294,37.68285714285706,3.6792316716299225,3.607962907346244,148.01374706777648,39.424266377958,0.9988174733442658,2.248379399203687
2543,0.5,623.0428571428579,37.69571428571421,3.678347156661721,3.6073526117445742,148.01866155575016,39.21884961182823,0.9988026893908499,2.24753527794309
2544,0.5,622.9142857142864,37.70857142857136,3.679610425927887,3.6048686407887724,148.0235741123078,39.6546102860172,0.998752870509399,2.2455241744707686
2545,0.5,622.7857142857149,37.721428571428504,3.6817783649716778,3.610316091076777,148.0284847389669,39.47473319137003,0.9988495575354843,2.2484532855784605
2546,0.5,622.6571428571435,37.73428571428564,3.6770745296940124,3.604062186591988,148.03339343724323,39.76683914421613,0.9988588319263341,2.2440950637828365
2547,0.5,622.5285714285723,37.74714285714278,3.6766922151184156,3.608640898795753,148.03830020865067,39.849351656217465,0.9988322563726535,2.246482063526039
2548,0.5,622.4000000000008,37.75999999999993,3.6790181681341534,3.6083151869785848,148.04320505470145,39.70079188295402,0.9987891558871825,2.245815372375474
2549,0.5,622.2714285714293,37.77285714285708,3.6802854782930585,3.6073529768355637,148.0481079769059,39.818649107666815,0.9987309268345113,2.244752690256864
2550,0.5,622.1428571428579,37.785714285714214,3.680398137217525,3.6076143271762775,148.05300897677265,40.012211305571036,0.9988109498526333,2.2444514849789585
2551,0.5,622.0142857142865,37.79857142857135,3.67723311138793,3.6055151156921563,148.05790805580853,39.31958106385741,0.9986924665276298,2.24268190931932
2552,0.5,621.885714285715,37.81142857142849,3.675388262625608,3.6051606793056297,148.06280521551852,39.35828212492505,0.9987538547221526,2.2419979241647554
2553,0.5,621.7571428571435,37.824285714285644,3.679220133350044,3.6067064772490043,148.06770045740606,39.36845602090506,0.9987786236097427,2.242495514418694
2554,0.5,621.6285714285721,37.837142857142794,3.676414345161287,3.604947046493715,148.07259378297255,39.731504413849414,0.9987345455721558,2.2409380825875385
2555,0.5,621.5000000000006,37.84999999999994,3.674723386154845,3.595916905005759,148.07748519371782,39.76602834110071,0.9988157984420307,2.2348623564610812
2556,0.5,621.3714285714291,37.86285714285709,3.677711343424191,3.6010378871218793,148.08237469113982,39.240449883205116,0.9988205550864633,2.237582056260763
2557,0.5,621.2428571428578,37.875714285714224,3.6719763700518553,3.599413345192189,148.08726227673486,39.483621951089255,0.9987603372977686,2.2361098306053266
2558,0.5,621.1142857142864,37.88857142857136,3.681702914711374,3.6095723884645174,148.09214795199733,39.67518202082708,0.9987747625419042,2.2419569757951496
2559,0.5,620.985714285715,37.90142857142851,3.674445410932012,3.596948063441865,148.0970317184201,39.10131727425495,0.9987747517120322,2.2336533624250654
2560,0.5,620.8571428571435,37.914285714285654,3.674615149486666,3.600360713876372,148.10191357749406,39.51231127673282,0.9988094516208137,2.2353096660723897
2561,0.5,620.728571428572,37.927142857142805,3.6774938364363514,3.602765305084607,148.1067935307085,39.59061228541864,0.9987320502738789,2.2363393610175915
2562,0.5,620.6000000000006,37.93999999999994,3.678044343858785,3.603971905273344,148.1116715795509,40.26119650273836,0.998835060820604,2.236624964412639
2563,0.5,620.4714285714292,37.95285714285708,3.6776046730744247,3.6070512803014365,148.116547725507,39.30814368677945,0.9987518967284621,2.238072260819035
2564,0.5,620.3428571428577,37.96571428571423,3.6743912773072887,3.6027308081722564,148.12142197006088,39.86291523148113,0.9987301396919042,2.2349283230581745
2565,0.5,620.2142857142862,37.97857142857137,3.679357273407525,3.6063713515052274,148.12629431469477,39.337387344645606,0.9987718914856448,2.2367230317942797
2566,0.5,620.0857142857149,37.99142857142851,3.67674786996298,3.6083455471556416,148.13116476088925,39.6028755722983,0.9988160963258146,2.2374835259976846
2567,0.5,619.9571428571436,38.00428571428564,3.677346094290198,3.6083987171529466,148.13603331012314,39.45448575337653,0.9988220339642678,2.237052558975523
2568,0.5,619.8285714285721,38.017142857142794,3.677178439177177,3.6016223199562263,148.14089996387355,39.70169054255293,0.9988609899444163,2.2323884174037274
2569,0.5,619.7000000000006,38.029999999999944,3.6785657857428844,3.602549269756511,148.14576472361583,39.467111562004284,0.9988273768960452,2.2324997824681123
2570,0.5,619.5714285714291,38.04285714285709,3.6796766728780796,3.6033698790588033,148.15062759082363,39.42719397099048,0.9987461979194632,2.2325450236397204
2571,0.5,619.4428571428576,38.05571428571424,3.6749007201613986,3.6027235716635566,148.15548856696887,39.76344310609168,0.9987567111922051,2.2316813827271944
2572,0.5,619.3142857142861,38.06857142857139,3.673793178342301,3.598497073607839,148.16034765352182,39.36454503929152,0.9988158969873466,2.228600644786388
2573,0.5,619.1857142857148,38.081428571428525,3.678154987659982,3.6058498394340655,148.1652048519509,39.643051405775935,0.9988216933870547,2.232690708437012
2574,0.5,619.0571428571434,38.09428571428566,3.6789661000091693,3.606417968621232,148.17006016372295,40.09939628192996,0.9987724897885653,2.2325788036033227
2575,0.5,618.9285714285719,38.107142857142804,3.6748210300950137,3.596911610654024,148.17491359030305,40.21029748642947,0.998719122170793,2.2262313647369387
2576,0.5,618.8000000000004,38.119999999999955,3.678137994691365,3.60419624223168,148.17976513315458,39.68797139302549,0.9988425654407238,2.230276634692965
2577,0.5,618.6714285714291,38.13285714285709,3.6801038733307223,3.6039099086614246,148.18461479373917,39.78108095883409,0.998788505611318,2.2296360916342923
2578,0.5,618.5428571428577,38.14571428571424,3.6743312388152263,3.6021544289697744,148.1894625735168,39.89098319636047,0.9987773443589213,2.228086892364763
2579,0.5,618.4142857142863,38.15857142857138,3.6801069397636192,3.6010220202548564,148.1943084739458,39.968512933301284,0.9987524735712083,2.226923460497323
2580,0.5,618.2857142857148,38.17142857142852,3.6750109550762935,3.6031160396521638,148.19915249648267,39.707122264331765,0.9987543993261673,2.227755174230654
2581,0.5,618.1571428571433,38.18428571428567,3.6805082416176256,3.60255215444691,148.20399464258233,39.399901043600565,0.9987411310920049,2.226943346786748
2582,0.5,618.0285714285719,38.19714285714281,3.6776898590858935,3.603551805251417,148.208834913698,39.73444202497801,0.9987319817714218,2.2270979742683847
2583,0.5,617.9000000000005,38.209999999999944,3.6751280100707526,3.601992059000999,148.21367331128116,39.21882779467693,0.9988080606377356,2.225670893256719
2584,0.5,617.771428571429,38.222857142857094,3.6765097247761998,3.6057131453141773,148.2185098367816,39.892378263765835,0.9988023403288852,2.22750656079952
2585,0.5,617.6428571428576,38.23571428571424,3.6775044618802837,3.596743657815968,148.22334449164754,39.88711368960214,0.9987703172000857,2.2215030292239066
2586,0.5,617.5142857142861,38.24857142857139,3.6791775991878852,3.6026081851876333,148.2281772773254,39.48005903523956,0.9988311536624905,2.224662020184582
2587,0.5,617.3857142857147,38.26142857142854,3.675482350551919,3.6035817458610686,148.23300819525988,39.383890853721525,0.9987746324366071,2.2247998901553987
2588,0.5,617.2571428571432,38.27428571428568,3.677884573639653,3.6033049909039376,148.2378372468942,39.708242029331515,0.9988218383877397,2.224165743528249
2589,0.5,617.1285714285718,38.28714285714282,3.6731024231676774,3.596471217740935,148.2426644336698,39.287166732499465,0.9987317392784785,2.219485144788439
2590,0.5,617.0000000000005,38.299999999999955,3.6754381733911154,3.6024918420162804,148.2474897570264,39.72144315499168,0.9988064812696806,2.222737466524047
2591,0.5,616.871428571429,38.312857142857105,3.679293234893569,3.6094762282821526,148.25231321840207,39.718633655046325,0.9986281381391119,2.226582757335025
2592,0.5,616.7428571428575,38.325714285714255,3.6775964185186085,3.606987921995018,148.2571348192333,39.442027514093425,0.9987463915122197,2.2245840366909855
2593,0.5,616.6142857142861,38.33857142857139,3.6783248503533326,3.6056309617856215,148.26195456095488,39.99358280506631,0.998804858009867,2.2232835600507554
2594,0.5,616.4857142857147,38.35142857142853,3.6731294109054953,3.601333995451255,148.26677244499987,39.66233534298046,0.9988861501964955,2.220170960567194
2595,0.5,616.3571428571432,38.36428571428567,3.680320111779632,3.6058314878100517,148.27158847279975,40.224052312445586,0.9987437338767172,2.2224799934509254
2596,0.5,616.2285714285717,38.37714285714282,3.6778349823716066,3.605278617050075,148.27640264578434,40.10060216253508,0.9987063548346329,2.221675691786744
2597,0.5,616.1000000000004,38.38999999999997,3.6812182868485883,3.608184705179986,148.28121496538182,40.20194939974257,0.9987618532900451,2.2230025968613907
2598,0.5,615.971428571429,38.40285714285711,3.677028366467366,3.6025547133595395,148.28602543301864,39.879685667565376,0.9987673885749541,2.2190707732948103
2599,0.5,615.8428571428576,38.415714285714245,3.678334738084821,3.6110362683740567,148.29083405011966,39.41239153775091,0.9987421394610524,2.2238308927619617
2600,0.5,615.7142857142861,38.42857142857139,3.673203753855321,3.5983153687076213,148.29564081810815,39.81686226274633,0.9988002823420351,2.215534177018551
2601,0.5,615.5857142857146,38.44142857142854,3.6758890033683396,3.596165107095109,148.3004457384056,39.56291992540642,0.9987952658553714,2.213747866140506
2602,0.5,615.4571428571433,38.454285714285675,3.676599748098819,3.6084251566789787,148.30524881243207,40.354703901409884,0.9987734449935476,2.220831037143484
2603,0.5,615.3285714285719,38.46714285714281,3.678310061506661,3.606028012468447,148.31005004160573,40.34260372934874,0.9988192018205512,2.218892065443622
2604,0.5,615.2000000000004,38.47999999999996,3.676659621344008,3.599858721539043,148.31484942734335,39.63907265729435,0.9987750175595197,2.2146330854908207
2605,0.5,615.0714285714289,38.492857142857105,3.6752691860118043,3.5984769510539647,148.31964697105988,39.965189302038475,0.9986995183238886,2.213320358966122
2606,0.5,614.9428571428574,38.505714285714255,3.675094933513243,3.6071982406933993,148.32444267416878,39.25522994712326,0.998823802198256,2.218220792412688
2607,0.5,614.8142857142861,38.51857142857139,3.6773681218163627,3.6006816443192067,148.3292365380818,40.136968188752405,0.9987147931365268,2.2137505132366546
2608,0.5,614.6857142857148,38.53142857142853,3.677268234369507,3.602539063383912,148.3340285642091,39.877668342792056,0.9987717255160325,2.21442929741833
2609,0.5,614.5571428571433,38.54428571428568,3.6781411469092347,3.6061805659265276,148.33881875395923,40.329027255705185,0.9987502246871021,2.216204025222763
2610,0.5,614.4285714285718,38.55714285714282,3.6767558017758333,3.604295293861961,148.3436071087391,40.104876162922174,0.9987014256856497,2.2145820084143293
2611,0.5,614.3000000000003,38.56999999999997,3.676587325132878,3.6043675229359655,148.34839362995402,40.4435178896664,0.998689889191444,2.214162969339565
2612,0.5,614.1714285714288,38.58285714285712,3.6789252123642506,3.600846510753662,148.35317831900764,40.037644476387996,0.9987764891494639,2.211537045576021
2613,0.5,614.0428571428574,38.59571428571426,3.6755637242183203,3.600656621033328,148.3579611773021,40.06770133253122,0.9988228468649726,2.210957479169652
2614,0.5,613.9142857142859,38.6085714285714,3.6766743178200083,3.605417854142902,148.36274220623778,39.56767706158927,0.9987400986046475,2.2134175266276728
2615,0.5,613.7857142857146,38.62142857142854,3.6739159406250295,3.6001662050243377,148.36752140721364,40.05067018027271,0.9988140829710587,2.2097305856981535
2616,0.5,613.6571428571431,38.63428571428569,3.6770081556787066,3.6052995874251965,148.3722987816268,39.41539772549479,0.9987841376170292,2.212417843963383
2617,0.5,613.5285714285717,38.64714285714284,3.6753466333123543,3.6029253057755537,148.37707433087306,39.82007478502079,0.998778374672492,2.210497615816325
2618,0.5,613.4000000000003,38.659999999999975,3.6799434941413094,3.6097678624551888,148.3818480563464,39.967694888430366,0.9987344705969172,2.2142316068300136
2619,0.5,613.2714285714289,38.67285714285711,3.6785380624690087,3.603835499596184,148.3866199594393,39.88787419506067,0.9987543681116393,2.210129345173781
2620,0.5,613.1428571428575,38.685714285714255,3.6750785847735603,3.6014607007843056,148.3913900415426,40.32196892474737,0.9988259884484715,2.208209903966607
2621,0.5,613.014285714286,38.698571428571405,3.675815216018423,3.5966526029756754,148.39615830404557,39.43775384807966,0.998784560077843,2.204799426375561
2622,0.5,612.8857142857146,38.71142857142854,3.674716776774481,3.6007264477190026,148.4009247483359,40.00648582124252,0.9988165305975522,2.2068338008577246
2623,0.5,612.7571428571431,38.72428571428569,3.6725695477867384,3.598070393285288,148.40568937579974,40.01033418841817,0.9987578366236101,2.2047433339883704
2624,0.5,612.6285714285717,38.73714285714283,3.6769703887971406,3.600450597459628,148.41045218782156,39.87105440423044,0.9988204835181832,2.2057389060208394
2625,0.5,612.5000000000002,38.74999999999997,3.6748655086911604,3.601737183455352,148.41521318578427,40.20208941545229,0.9987543216759677,2.206064024866404
2626,0.5,612.3714285714287,38.76285714285712,3.6764932561576558,3.59957487155939,148.41997237106926,40.113266524869935,0.998735885851987,2.2042768063466407
2627,0.5,612.2428571428575,38.77571428571426,3.674534729948747,3.60242194288758,148.42472974505628,40.113513717021206,0.9988042418537149,2.205557102947616
2628,0.5,612.1142857142861,38.788571428571395,3.673295514400698,3.5939151932257305,148.42948530912352,39.81398582630437,0.9987455270154074,2.1998868314190885
2629,0.5,611.9857142857146,38.801428571428545,3.6764020663319963,3.601816207804943,148.43423906464764,39.92906326133835,0.9986859807135949,2.2042600646593717
2630,0.5,611.8571428571431,38.81428571428569,3.6793463882223927,3.607643999286959,148.43899101300366,40.46461893589932,0.99872986571794,2.207362749849436
2631,0.5,611.7285714285717,38.827142857142825,3.6739458116563286,3.598296122558792,148.4437411555651,39.75176731238574,0.9987689429694264,2.2011805466298586
2632,0.5,611.6000000000003,38.839999999999975,3.6770680782907386,3.6045059235959283,148.44848949370387,39.4602989763688,0.9987523577202148,2.204515822871271
2633,0.5,611.4714285714289,38.85285714285711,3.6771538243325463,3.6082749448442297,148.45323602879031,40.27363150592798,0.998750425824719,2.206357035202395
2634,0.5,611.3428571428574,38.86571428571426,3.6773776553939297,3.60791294251158,148.4579807621933,40.1270438733794,0.998769240132419,2.205671806597723
2635,0.5,611.2142857142859,38.878571428571405,3.68138449007125,3.608047234794898,148.46272369527998,40.29879193650768,0.9988043902712966,2.2052900134385682
2636,0.5,611.0857142857145,38.89142857142854,3.675501728879756,3.601434065919411,148.4674648294161,39.993932618223845,0.9988083339134967,2.200784908625268
2637,0.5,610.9571428571433,38.90428571428568,3.67686901990959,3.6003939296327507,148.47220416596576,40.046894071477666,0.9987994047673834,2.1996863884086277
2638,0.5,610.8285714285716,38.91714285714284,3.6772695067368644,3.598752498973707,148.47694170629154,40.40891805809113,0.9988341763969567,2.198220847873112
2639,0.5,610.7000000000003,38.92999999999998,3.6765364052611615,3.6035494540044866,148.4816774517545,40.50928277099979,0.9988096288943314,2.200687651560541
2640,0.5,610.5714285714288,38.94285714285712,3.6767953950538357,3.5994531770721316,148.48641140371416,40.64828680783854,0.9987824239551203,2.1977232684008996
2641,0.5,610.4428571428573,38.95571428571427,3.6757190260373567,3.600419262093238,148.49114356352837,40.044257501079244,0.9986852871675485,2.197850221264374
2642,0.5,610.3142857142858,38.96857142857142,3.6775546585817342,3.6071513040641854,148.49587393255362,39.99607752078425,0.9988144337163759,2.2014959716032876
2643,0.5,610.1857142857144,38.98142857142856,3.6761769241985016,3.6018759567523873,148.5006025121447,40.07246300817892,0.9988067250135879,2.197813253439496
2644,0.5,610.057142857143,38.994285714285695,3.6763417906088915,3.606454521276468,148.50532930365497,39.8636568157212,0.9987807864793138,2.2001433410941478
2645,0.5,609.9285714285716,39.00714285714284,3.680949598324887,3.6110176342586495,148.51005430843628,39.79452256198551,0.9987517983214531,2.202462827066758
2646,0.5,609.8000000000001,39.01999999999999,3.678652839635418,3.60236554613958,148.51477752783876,40.12189147796351,0.9987825119584693,2.196722510035916
2647,0.5,609.6714285714288,39.032857142857125,3.6745800530665798,3.6003762075535004,148.51949896321125,39.86272929808521,0.9988182092520572,2.1950465058537256
2648,0.5,609.5428571428574,39.04571428571426,3.677679847396778,3.6047622180107237,148.52421861590085,40.42968657754976,0.9987652163448177,2.1972570616868805
2649,0.5,609.4142857142859,39.05857142857141,3.6767803786875066,3.6053807020859496,148.52893648725333,39.740111773657375,0.9987452148269762,2.1971705052897796
2650,0.5,609.2857142857144,39.071428571428555,3.674753404000644,3.6052344856370877,148.53365257861282,40.27564135423157,0.9987694684060638,2.1966178687488833
2651,0.5,609.157142857143,39.084285714285706,3.6784933997296414,3.6094700611684467,148.5383668913219,39.92149554721613,0.998775197509708,2.198734469689768
2652,0.5,609.0285714285716,39.09714285714284,3.67828881147385,3.607239562310059,148.54307942672173,39.68020447061554,0.9987859572772451,2.1969119574343208
2653,0.5,608.9000000000002,39.10999999999998,3.675204947595443,3.600043866253976,148.54779018615193,40.18495727066993,0.9987347236338813,2.1920667101620466
2654,0.5,608.7714285714287,39.12285714285713,3.6758423150390547,3.604089684595723,148.5524991709505,40.32018410810894,0.998808237252227,2.194066825990888
2655,0.5,608.6428571428572,39.13571428571427,3.674645114491436,3.599143881777264,148.55720638245407,40.63054211881494,0.9987751084761605,2.1905932154731476
2656,0.5,608.5142857142858,39.14857142857141,3.6766234941094895,3.5970067928711384,148.56191182199768,39.92777340094871,0.9987601012044122,2.188830019273415
2657,0.5,608.3857142857146,39.161428571428544,3.675485159502015,3.5990433824856884,148.56661549091487,40.09069597308121,0.9987141517644427,2.1896065789988297
2658,0.5,608.2571428571431,39.174285714285695,3.6804564254148104,3.598863680268485,148.57131739053776,40.31180844290506,0.9987837053685099,2.189034539692451
2659,0.5,608.1285714285716,39.187142857142845,3.6758791766212733,3.5988259158409295,148.5760175221968,40.2020034973436,0.9987423773495163,2.1885488630204653
2660,0.5,608.0000000000001,39.19999999999999,3.676465974315887,3.600366969670853,148.58071588722112,39.458935483569974,0.9988230677888146,2.1890231175598793
2661,0.5,607.8714285714287,39.212857142857125,3.6785106719906238,3.604983838246211,148.58541248693822,40.46413587157965,0.9988511077883305,2.1913666757316363
2662,0.5,607.7428571428574,39.22571428571426,3.6731499426880148,3.5992558290361583,148.59010732267416,39.92165292400101,0.9987571085244571,2.187422021126519
2663,0.5,607.6142857142859,39.23857142857141,3.675837606904226,3.604610907263879,148.5948003957535,40.03127922739153,0.9988803418080386,2.190213081695066
2664,0.5,607.4857142857144,39.25142857142856,3.6753681464044985,3.59780107058377,148.5994917074993,40.00605025017881,0.998739759741755,2.1856127532214895
2665,0.5,607.357142857143,39.2642857142857,3.6757932491292395,3.600149034660946,148.60418125923317,40.02782268418743,0.9987666483954667,2.1865762315515735
2666,0.5,607.2285714285716,39.277142857142834,3.674045294242829,3.5966221401718173,148.6088690522752,40.007764036720125,0.9987668657222113,2.183971724144904
2667,0.5,607.1000000000003,39.28999999999998,3.671860885003584,3.5991807985772133,148.61355508794395,40.669387850538875,0.998736106133771,2.185062662816227
2668,0.5,606.9714285714288,39.30285714285713,3.677065326798724,3.601461782581179,148.61823936755653,39.68811582373228,0.9987569669390445,2.185984403118703
2669,0.5,606.8428571428573,39.31571428571428,3.6784819491123786,3.6043624638020577,148.6229218924287,40.31692617336827,0.9987863230345708,2.1872816157121093
2670,0.5,606.7142857142859,39.328571428571415,3.678113921716003,3.6034262162933106,148.6276026638745,40.433364469244225,0.998842269338562,2.1862501629425277
2671,0.5,606.5857142857145,39.34142857142855,3.6746519308320305,3.5997040037864956,148.6322816832067,40.5756866150422,0.998792121095471,2.183529024353978
2672,0.5,606.457142857143,39.354285714285695,3.677417657924321,3.6054183480349065,148.6369589517365,40.06848053484751,0.9987579719518398,2.18653171015397
2673,0.5,606.3285714285715,39.367142857142845,3.673215422115884,3.593914561841981,148.6416344707736,40.18871627359902,0.9988624913915498,2.1790930821179892
2674,0.5,606.2000000000002,39.37999999999998,3.6781631673394015,3.600909329436455,148.64630824162631,40.13590549531359,0.9988365323376811,2.1828712355043796
2675,0.5,606.0714285714288,39.39285714285712,3.675105235356137,3.602093483174083,148.65098026560148,39.85996962710875,0.9987520114041775,2.1831259431951504
2676,0.5,605.9428571428573,39.40571428571427,3.6773731660532274,3.603852436656601,148.6556505440044,40.261950214508616,0.9987304006989954,2.183728642188949
2677,0.5,605.8142857142859,39.41857142857141,3.676273400065878,3.603332550000385,148.66031907813897,40.41303015777586,0.9987068849701328,2.1829503349695196
2678,0.5,605.6857142857144,39.43142857142856,3.67652144435787,3.5995169192556173,148.6649858693076,40.358167912604976,0.9987041280847722,2.180175976322853
2679,0.5,605.557142857143,39.4442857142857,3.6757153173272976,3.6067451442554415,148.66965091881127,40.61646368066811,0.9987166376119688,2.1840902845691996
2680,0.5,605.4285714285717,39.457142857142834,3.675129213827447,3.601094763531009,148.6743142279495,40.50195142916332,0.9986232795354609,2.1802056582634886
2681,0.5,605.3000000000002,39.469999999999985,3.6793471720006004,3.6079451234101194,148.6789757980203,40.429017543469065,0.9987940829723005,2.183889183200146
2682,0.5,605.1714285714287,39.48285714285713,3.677557184405035,3.601335926252536,148.6836356303203,40.40368613761072,0.9987601581941471,2.179425607255857
2683,0.5,605.0428571428573,39.495714285714264,3.6741556933177812,3.5995742759664426,148.68829372614468,40.19527082150037,0.9987317435435864,2.1778967044286683
2684,0.5,604.9142857142859,39.5085714285714,3.6752957966855746,3.600945789674509,148.69295008678708,40.06574142764393,0.9987519858868165,2.178263550256821
2685,0.5,604.7857142857144,39.52142857142855,3.674580396017579,3.6024735397696035,148.6976047135398,40.204932206451645,0.9988260901272349,2.178724532944946
2686,0.5,604.657142857143,39.5342857142857,3.6722108547482124,3.596668277833893,148.70225760769364,40.75807764947207,0.9986654285582625,2.1747511646799627
2687,0.5,604.5285714285716,39.547142857142845,3.6798394772987253,3.6035779012793427,148.706908770538,40.21619832559312,0.9986767913287456,2.178465800691971
2688,0.5,604.4000000000002,39.55999999999998,3.674108370667664,3.598460948297802,148.71155820336082,40.47058313148534,0.9986958296322751,2.1749097971511926
2689,0.5,604.2714285714288,39.57285714285712,3.674257745188587,3.598758135967109,148.71620590744857,40.326428439246946,0.9987787464756274,2.174626719903897
2690,0.5,604.1428571428573,39.58571428571427,3.6747596341517452,3.6029105675812776,148.72085188408633,40.13815459041618,0.9986986667679866,2.176672684328747
2691,0.5,604.0142857142858,39.59857142857142,3.676818901424386,3.6062001380505397,148.72549613455774,41.08746409513021,0.9987677807724699,2.178196400527356
2692,0.5,603.8857142857145,39.611428571428554,3.675304281756295,3.6022076919112216,148.730138660145,40.38220232652711,0.9987619334148621,2.175321765035303
2693,0.5,603.7571428571431,39.62428571428569,3.6739416234421625,3.6008790281637792,148.73477946212884,40.64704811970546,0.9987706917809862,2.1740564338183694
2694,0.5,603.6285714285714,39.63714285714286,3.6778107592213694,3.6050455049063683,148.73941854178872,40.37829435339919,0.998881869822001,2.1761084680616243
2695,0.5,603.5,39.65,3.6758008757143537,3.6009417690730348,148.7440559004025,40.34653286665871,0.9988253744011069,2.1731683576355763
2696,0.5,603.3714285714286,39.662857142857135,3.679169864121959,3.6060559893652546,148.74869153924664,40.39769146143227,0.9988389568807541,2.17579115381187
2697,0.5,603.2428571428572,39.67571428571428,3.679857437667395,3.60447343793694,148.75332545959625,40.8601140896032,0.9986820309814464,2.174372855196617
2698,0.5,603.1142857142858,39.68857142857143,3.6790153158264336,3.6045625300622,148.75795766272506,40.077989799961586,0.9987721920105044,2.1739631556309424
2699,0.5,602.9857142857144,39.701428571428565,3.678535020791243,3.60061710355505,148.76258814990524,40.45241708007913,0.9987556019329502,2.171120676056502
2700,0.5,602.857142857143,39.7142857142857,3.6803416689876345,3.607104024834165,148.7672169224077,40.708438290053074,0.9988355568027756,2.174568426400026
2701,0.5,602.7285714285715,39.72714285714285,3.6768955946443893,3.6013539735442563,148.7718439815018,39.92669367516359,0.9988152905242956,2.170638935682939
2702,0.5,602.6,39.739999999999995,3.6788302493465537,3.605916107050082,148.7764693284556,40.5655845725221,0.9987770429272728,2.172925046108379
2703,0.5,602.4714285714285,39.752857142857145,3.6706404185253088,3.593901103828221,148.78109296453567,40.5879306807384,0.9988331048646495,2.165222732167822
2704,0.5,602.3428571428572,39.76571428571428,3.6799309039392254,3.6061358977557236,148.78571489100727,40.60289135212425,0.9987326582238893,2.1721301998996045
2705,0.5,602.2142857142858,39.77857142857142,3.6750336506147216,3.5943306241076085,148.79033510913416,39.840872689419804,0.9987057788375435,2.1645572494179466
2706,0.5,602.0857142857143,39.79142857142857,3.6713982919930648,3.5962702873290264,148.79495362017877,39.993395431052654,0.9988225547929398,2.165262964710988
2707,0.5,601.9571428571429,39.80428571428571,3.675762857452771,3.600400774070337,148.79957042540207,40.629378654017565,0.9987154099253936,2.1672869631000258
2708,0.5,601.8285714285715,39.81714285714285,3.6759992869439118,3.600351702927336,148.8041855260637,40.248493494446016,0.9987818633064267,2.1667945220131837
2709,0.5,601.7000000000002,39.829999999999984,3.6768540741306883,3.6058263398444117,148.80879892342182,40.7113872084555,0.9988411567721074,2.169625708684383
2710,0.5,601.5714285714287,39.842857142857135,3.6761785806698493,3.6015665829596175,148.81341061873331,40.44424132607165,0.9988136643338473,2.1665995544061363
2711,0.5,601.4428571428572,39.855714285714285,3.67467785838889,3.6035322960017684,148.81802061325357,40.3630593574823,0.9987066532114468,2.1673187599138637
2712,0.5,601.3142857142857,39.86857142857143,3.6751112379476067,3.6010435099842755,148.82262890823665,40.90585717578785,0.9988111105261215,2.165358906032259
2713,0.5,601.1857142857143,39.881428571428565,3.6771233116212545,3.6063986472685663,148.8272355049352,41.00291567419591,0.9987492482495389,2.1681153467571868
2714,0.5,601.0571428571429,39.8942857142857,3.6764010225773363,3.5999457722759605,148.83184040460046,40.42148496727141,0.9987819718988054,2.1637731203248394
2715,0.5,600.9285714285714,39.90714285714285,3.6758134398359292,3.5991663280698685,148.83644360848234,40.73861517318564,0.998706108385597,2.162841879860843
2716,0.5,600.8,39.92,3.6771088131370906,3.6015546463393124,148.84104511782934,40.52586607856781,0.9987405336061211,2.163814031520659
2717,0.5,600.6714285714286,39.932857142857145,3.6789952903587793,3.6061160916811708,148.84564493388862,40.597850940840964,0.9987918538308999,2.1660909043845455
2718,0.5,600.5428571428573,39.945714285714274,3.675459610729886,3.6030021632116944,148.85024305790589,40.766824143742745,0.9988630132976016,2.1637572133870466
2719,0.5,600.4142857142858,39.95857142857142,3.6767641071933497,3.604586288158711,148.85483949112555,40.46104646356506,0.9987298554078474,2.1642451015003212
2720,0.5,600.2857142857143,39.97142857142857,3.673392772912231,3.5992135622415162,148.85943423479057,40.292668715302135,0.9988251233551432,2.160556484076979
2721,0.5,600.1571428571428,39.98428571428572,3.6733252298517605,3.60021058760756,148.86402729014264,40.588890329118485,0.9987548568407375,2.160692099942589
2722,0.5,600.0285714285715,39.997142857142855,3.677003776433172,3.6000177934016384,148.868618658422,40.35377198052529,0.9987585627990971,2.1601135336922233
2723,0.5,599.9000000000001,40.00999999999999,3.675447677919035,3.598365796593804,148.87320834086754,40.75983431486555,0.998683862089055,2.1586596413766235
2724,0.5,599.7714285714286,40.022857142857134,3.676805823539014,3.606854637145557,148.8777963387168,40.00124709547745,0.9987642881974059,2.1632883583702722
2725,0.5,599.6428571428571,40.035714285714285,3.6762182604298435,3.600518769593111,148.88238265320598,40.60541029068165,0.9987282003772383,2.1590253621952975
2726,0.5,599.5142857142857,40.04857142857142,3.6754756470965675,3.6011850772505243,148.88696728556985,40.90639479364967,0.9988149049871725,2.158961899312793
2727,0.5,599.3857142857144,40.06142857142856,3.6763900373065352,3.603461136862005,148.8915502370419,40.33536043480418,0.9987412209688471,2.1598631274188453
2728,0.5,599.257142857143,40.07428571428571,3.674036953935393,3.6023632403095727,148.89613150885424,41.04442130331827,0.998782578262432,2.158741902921514
2729,0.5,599.1285714285715,40.08714285714285,3.673175879609318,3.5943272950562957,148.90071110223758,40.907727826391294,0.9987686803502441,2.1534641775338
2730,0.5,599.0,40.1,3.6744735250018956,3.6037557741477193,148.9052890184213,41.136034836393165,0.9988310869752469,2.158649708714484
2731,0.5,598.8714285714286,40.11285714285714,3.6751555723868106,3.603857134703222,148.9098652586335,40.63027877001831,0.9987755677014151,2.1582470706270542
2732,0.5,598.7428571428572,40.125714285714274,3.676727480004151,3.5991843613009467,148.91443982410087,40.32669733782793,0.9987412852985504,2.1549859278692187
2733,0.5,598.6142857142858,40.138571428571424,3.672859327417784,3.601761394210822,148.91901271604868,40.61245186885204,0.9988140662000586,2.156065824308801
2734,0.5,598.4857142857143,40.15142857142857,3.6743286417949528,3.603715005597513,148.92358393570103,40.375623836552336,0.9988920065029572,2.156771949207174
2735,0.5,598.3571428571429,40.16428571428571,3.6783381910209996,3.600329035921183,148.92815348428053,40.91834642092629,0.9987308821628953,2.1542825952794105
2736,0.5,598.2285714285715,40.17714285714285,3.6728604946076926,3.6008588423299077,148.9327213630085,40.92528442077761,0.9987510581710831,2.1541366411629608
2737,0.5,598.1,40.18999999999999,3.6782439606334383,3.604416803807304,148.93728757310492,41.19292988820628,0.9987164978605012,2.155801690357148
2738,0.5,597.9714285714286,40.20285714285714,3.680549574156133,3.6045233007432875,148.94185211578846,40.90153170374281,0.9988923453016744,2.155401947464465
2739,0.5,597.8428571428572,40.215714285714284,3.6758828353419015,3.599827186633532,148.94641499227643,40.271737022697266,0.9988751328534605,2.1521309704775238
2740,0.5,597.7142857142858,40.22857142857143,3.6775535291107175,3.602599638712138,148.95097620378485,40.710689936726965,0.9986756726240853,2.15332526976737
2741,0.5,597.5857142857144,40.241428571428564,3.674692933059924,3.6006778244094697,148.95553575152826,40.83233300567234,0.9987652067926114,2.151713629612465
2742,0.5,597.4571428571429,40.25428571428571,3.677103272800424,3.6009189437614753,148.96009363672005,40.861301309074726,0.9987827292116761,2.1513947437998917
2743,0.5,597.3285714285714,40.26714285714286,3.676091073922017,3.6028572420807934,148.9646498605722,40.68936892938692,0.9988408136361716,2.152089569473203
2744,0.5,597.2,40.279999999999994,3.676927264546992,3.6000469175683736,148.9692044242954,40.40695952281621,0.9987713220574768,2.149948019171833
2745,0.5,597.0714285714287,40.29285714285713,3.67282797810767,3.5991750520325843,148.97375732909896,40.476098661096174,0.9986599329409427,2.1489645899957415
2746,0.5,596.9428571428572,40.30571428571428,3.673966285235743,3.594544037988029,148.97830857619093,40.55315717528363,0.998682967208651,2.145737388162397
2747,0.5,596.8142857142857,40.318571428571424,3.676673372105851,3.6030730884192645,148.982858166778,40.71029235466374,0.9987378630071714,2.150365491641309
2748,0.5,596.6857142857143,40.331428571428575,3.676423511532631,3.5955877015239244,148.98740610206556,40.9090914462253,0.998691162521915,2.1454358159607327
2749,0.5,596.5571428571429,40.34428571428571,3.674012628510488,3.6008863242320492,148.9919523832577,41.021247264920625,0.9987895596755747,2.148134457337231
2750,0.5,596.4285714285716,40.35714285714285,3.6756259877110438,3.5971483844718706,148.99649701155718,40.78697381349636,0.998831682810068,2.145442072167152
2751,0.5,596.3000000000001,40.37,3.675992780609239,3.598630778936404,149.00103998816542,40.4211781268073,0.9988428406785582,2.1458635334797775
2752,0.5,596.1714285714286,40.38285714285714,3.6732056498730743,3.5954972490075896,149.00558131428258,41.09706478974305,0.9987272939678622,2.143532731365496
2753,0.5,596.0428571428572,40.39571428571428,3.6765971930506693,3.6035688184537245,149.0101209911075,40.808793356755224,0.9988159124395196,2.1478814544620684
2754,0.5,595.9142857142858,40.40857142857141,3.674199836969863,3.6033891731829626,149.0146590198377,40.5177124473891,0.9987823716663848,2.1473110852879165
2755,0.5,595.7857142857143,40.421428571428564,3.672935286343068,3.6020595046083095,149.01919540166938,41.48166202466244,0.9987912401109769,2.146055594852708
2756,0.5,595.6571428571428,40.434285714285714,3.674685795029196,3.601020462372276,149.02373013779746,40.51399588745645,0.9986774154560611,2.1449735599867776
2757,0.5,595.5285714285714,40.44714285714286,3.6749211177246472,3.6006793909103445,149.0282632294156,40.70004291852642,0.9987424046253833,2.144307453841136
2758,0.5,595.4000000000001,40.459999999999994,3.678066731914902,3.599434099443003,149.03279467771608,41.022210462153986,0.9987669632920687,2.1431030628083643
2759,0.5,595.2714285714287,40.47285714285713,3.673960343648328,3.598106253534631,149.03732448388993,40.43346177712421,0.9987797185814556,2.1418498496933513
2760,0.5,595.1428571428572,40.48571428571428,3.6776717873472293,3.602393201500917,149.04185264912692,40.80553232475248,0.9987213308795955,2.14393858249326
2761,0.5,595.0142857142857,40.49857142857143,3.675546808457598,3.6052715082431854,149.04637917461548,40.347425928897124,0.9987087656926126,2.1451880512833847
2762,0.5,594.8857142857144,40.51142857142857,3.673854785937088,3.6002201435094046,149.05090406154272,40.51557264587167,0.9987707301900876,2.1417195316574094
2763,0.5,594.757142857143,40.5242857142857,3.6738257873398688,3.5986741103625324,149.0554273110945,40.97505540980341,0.9986261269425591,2.1403371319531908
2764,0.5,594.6285714285715,40.53714285714285,3.673749600643012,3.598635612001172,149.05994892445545,40.71625868789533,0.9987376739886984,2.13985155305624
2765,0.5,594.5,40.55,3.6732419287672577,3.604685414000996,149.0644689028088,40.63202076666808,0.9987451950754718,2.1429854786235922
2766,0.5,594.3714285714285,40.56285714285715,3.6769029544088156,3.59790222351692,149.06898724733657,40.71483220808969,0.9987673159976805,2.138490284452071
2767,0.5,594.2428571428571,40.575714285714284,3.6754530150935127,3.602413379227495,149.0735039592195,40.525087459449324,0.9987659450692083,2.1407084190818013
2768,0.5,594.1142857142859,40.58857142857142,3.6779834650380074,3.6005138669605725,149.078019039637,40.81316326235822,0.9988081074355493,2.139116724273662
2769,0.5,593.9857142857144,40.60142857142856,3.6745816794210797,3.605357130395007,149.08253248976732,40.64134638054821,0.9987543303979803,2.1415306303527717
2770,0.5,593.8571428571429,40.614285714285714,3.6753974573173926,3.6012954847854295,149.08704431078723,40.63582370750772,0.9988259810351219,2.1386550471790047
2771,0.5,593.7285714285715,40.62714285714285,3.6740736583005575,3.597931065542042,149.0915545038724,41.31282780141249,0.9987811638388049,2.1361944716427548
2772,0.5,593.6000000000001,40.639999999999986,3.6756232310603467,3.6023322212647253,149.09606307019723,41.24043216640617,0.9988074940340829,2.1383444065427417
2773,0.5,593.4714285714286,40.65285714285714,3.6741827943113066,3.597270122735682,149.10057001093472,40.721818833066216,0.9988943186091438,2.1348770386972635
2774,0.5,593.3428571428572,40.66571428571428,3.675040963264648,3.598406927292041,149.10507532725669,41.111758553200495,0.9986778246933571,2.1350890474021096
2775,0.5,593.2142857142857,40.67857142857143,3.6753284638844272,3.5971421303750417,149.1095790203337,40.74148797545974,0.9987672966032684,2.133876099483194
2776,0.5,593.0857142857143,40.69142857142857,3.6747995043898167,3.6014540311444025,149.11408109133498,41.28589974241438,0.9987517255183692,2.135970936528443
2777,0.5,592.9571428571429,40.7042857142857,3.6770246544741827,3.6004784747998024,149.1185815414286,40.98915888520778,0.9987594666537044,2.1349294293359344
2778,0.5,592.8285714285715,40.71714285714285,3.678556635778201,3.6017981034078805,149.1230803717813,40.817865653451065,0.9987668622660849,2.1352488242174323
2779,0.5,592.7,40.73,3.6770287297064486,3.6017555676248825,149.12757758355855,40.52397817644925,0.9986769245500741,2.1347605249312678
2780,0.5,592.5714285714287,40.74285714285713,3.6766608435602004,3.5993613305617935,149.13207317792455,41.03134018693437,0.9987835014546741,2.13287868559576
2781,0.5,592.4428571428573,40.75571428571428,3.6754294263692056,3.6034051127896394,149.13656715604236,40.304950161043635,0.9987529836095368,2.1348116204642738
2782,0.5,592.3142857142858,40.76857142857142,3.6756794484866218,3.60647841808411,149.14105951907365,40.658222506906846,0.9988017468677942,2.136168688151477
2783,0.5,592.1857142857143,40.78142857142857,3.675675404845053,3.5978945153560455,149.14555026817888,40.8926161619349,0.9986746847973801,2.1306217335007736
2784,0.5,592.0571428571428,40.794285714285714,3.675022330727639,3.6048597538880323,149.15003940451732,40.387718711312864,0.9986943647561629,2.1342829662876515
2785,0.5,591.9285714285714,40.80714285714285,3.6748199717496832,3.598088212366566,149.15452692924688,40.86560445861376,0.9987666384944675,2.1298112154201236
2786,0.5,591.8000000000001,40.81999999999999,3.6746026395225706,3.600834071695584,149.15901284352435,40.87662256152558,0.9988284137879392,2.1309736036294464
2787,0.5,591.6714285714286,40.83285714285714,3.677230588618172,3.602252752607908,149.1634971485052,40.93598211041161,0.998770509103714,2.131350032210882
2788,0.5,591.5428571428572,40.84571428571429,3.675164667681066,3.601551892435391,149.1679798453436,40.8199633738338,0.998837706030332,2.1304722965994958
2789,0.5,591.4142857142858,40.85857142857142,3.6767232379279893,3.5986005043358458,149.17246093519262,40.75971454935319,0.9987274971341457,2.128263746842853
2790,0.5,591.2857142857144,40.87142857142856,3.671942256186608,3.6017944246175437,149.17694041920404,41.21578389898187,0.9987644564427969,2.129689589070288
2791,0.5,591.157142857143,40.88428571428571,3.67423532778722,3.6023188307947693,149.18141829852829,40.46840154716608,0.9987802785732057,2.1295365076731194
2792,0.5,591.0285714285715,40.89714285714285,3.676219094261959,3.606125579402418,149.18589457431472,40.84702620563971,0.9987266719893765,2.1313232495862406
2793,0.5,590.9,40.910000000000004,3.6792854263531964,3.6058716267781485,149.19036924771135,41.37515374352989,0.9987463723185558,2.1307095442632082
2794,0.5,590.7714285714286,40.92285714285714,3.6737404393190842,3.598105192108883,149.194842319865,41.19463138018632,0.9989001541004165,2.125657744492439
2795,0.5,590.6428571428572,40.935714285714276,3.6743073830086814,3.6015331114656055,149.19931379192127,40.79204301637399,0.9988291171374312,2.1272198070506496
2796,0.5,590.5142857142857,40.94857142857143,3.6781833368134116,3.6043573396179514,149.2037836650245,41.11667518315938,0.9988006619320672,2.1284244998635375
2797,0.5,590.3857142857142,40.96142857142857,3.669405919653404,3.598943467949336,149.2082519403178,41.781936125273795,0.9987799875708334,2.1247648099991743
2798,0.5,590.257142857143,40.9742857142857,3.67323650292979,3.597419948613713,149.2127186189432,41.053401412723126,0.9988723585876548,2.12340282052602
2799,0.5,590.1285714285716,40.98714285714284,3.6772578165415806,3.6056683508187723,149.2171837020412,41.073705401736376,0.9987417869728776,2.127807912913896
2800,0.5,590.0000000000001,40.99999999999999,3.6766316137711352,3.6111746778524183,149.22164719075136,40.830089016154844,0.9987465120540365,2.1305930599329272
2801,0.5,589.8714285714286,41.01285714285714,3.6772664666392108,3.607029444209408,149.2261090862119,40.976101198179855,0.9987095249840033,2.1276836111550095
2802,0.5,589.7428571428571,41.02571428571429,3.6725843595879755,3.600689937357799,149.23056938955986,40.65816702512985,0.9987930787890518,2.1234811713429234
2803,0.5,589.6142857142858,41.03857142857142,3.6745743167066554,3.602540117941211,149.23502810193102,41.508378770073435,0.9988237777547454,2.124109118396966
2804,0.5,589.4857142857144,41.05142857142856,3.6786515428334368,3.6027755258674374,149.23948522445997,40.8693612695141,0.9988160562973067,2.123784704277057
2805,0.5,589.3571428571429,41.06428571428571,3.672276644272318,3.60137735847556,149.2439407582801,40.69375106932419,0.998761383659483,2.1224974703415604
2806,0.5,589.2285714285714,41.07714285714286,3.676359642963098,3.5988257187153248,149.24839470452355,41.20086861660446,0.9987450991136876,2.1205309370590326
2807,0.5,589.1,41.089999999999996,3.6747564365518763,3.6037231622807853,149.25284706432126,40.87116091602554,0.9988076333392923,2.1229533148996107
2808,0.5,588.9714285714286,41.10285714285713,3.677384862225587,3.6085340313753926,149.25729783880305,40.721261227975745,0.9988079917344586,2.1253234435077815
2809,0.5,588.8428571428573,41.115714285714276,3.6773592135245696,3.6022316203637827,149.2617470290974,40.778657716649626,0.9987067273717559,2.121148359425354
2810,0.5,588.7142857142858,41.128571428571426,3.6771152700800314,3.605673420644444,149.26619463633165,41.46301276812648,0.9987586795221948,2.122711452353679
2811,0.5,588.5857142857143,41.14142857142858,3.674775136313387,3.5929486936632973,149.27064066163194,40.95953615753461,0.9987928429586714,2.1147582732517356
2812,0.5,588.4571428571429,41.15428571428571,3.67325827116123,3.5971906722857914,149.2750851061232,41.3112441082575,0.9987849847368456,2.116792545325662
2813,0.5,588.3285714285715,41.16714285714285,3.6751164656639093,3.5942618866855036,149.2795279709292,40.85883530125452,0.9987066742490722,2.1146069611338443
2814,0.5,588.2,41.17999999999999,3.677840899170225,3.5987754222660526,149.2839692571724,41.232163942038184,0.9987995381131594,2.1167997033768926
2815,0.5,588.0714285714286,41.19285714285714,3.676160141716091,3.600196365429129,149.28840896597416,41.710217653767096,0.9987153259208974,2.1171726197555727
2816,0.5,587.9428571428572,41.20571428571428,3.6745417859927194,3.6021371889169425,149.29284709845464,41.25244120674877,0.9987376627579939,2.117850830672367
2817,0.5,587.8142857142858,41.218571428571416,3.6738136464298212,3.5997082443389767,149.29728365573283,40.37387534778164,0.9986671451875071,2.1159599304259413
2818,0.5,587.6857142857143,41.231428571428566,3.6768160759114736,3.5944551516733303,149.30171863892642,40.95721971448361,0.9987584243622218,2.112409943279107
2819,0.5,587.5571428571429,41.24428571428571,3.6738289602626617,3.597539742189833,149.306152049152,41.2635070849507,0.9987442082325493,2.113760172236081
2820,0.5,587.4285714285714,41.25714285714286,3.670264854833356,3.5974175543667424,149.31058388752496,41.19111741824909,0.9987588398773234,2.113225854793721
2821,0.5,587.3000000000001,41.269999999999996,3.6734561808706965,3.5933969776089323,149.31501415515947,41.71701765969911,0.9987554074883699,2.1104020449497263
2822,0.5,587.1714285714287,41.28285714285713,3.6771084115482604,3.6037822718181394,149.3194428531686,41.09573937517188,0.998837288363871,2.1160379848038455
2823,0.5,587.0428571428572,41.29571428571428,3.677732089224576,3.606649006886504,149.32386998266415,40.90801548249536,0.9987087011172058,2.1172575377141016
2824,0.5,586.9142857142857,41.308571428571426,3.677479416128598,3.6033253081845373,149.32829554475674,41.0996654775811,0.99871678041651,2.114843099449336
2825,0.5,586.7857142857143,41.32142857142856,3.6722215516066887,3.600878368184111,149.3327195405559,41.17638772817337,0.9987106699803723,2.1129439853308907
2826,0.5,586.657142857143,41.3342857142857,3.6747010229836423,3.5965197940071523,149.3371419711699,40.961417683081216,0.998715048254123,2.1099240265813966
2827,0.5,586.5285714285715,41.34714285714285,3.675990902145693,3.6025047780741914,149.3415628377058,41.11032588626678,0.9988507862102288,2.1129719810484584
2828,0.5,586.4,41.36,3.675205889897135,3.5990725419277663,149.3459821412696,41.31093682329429,0.9988026545246093,2.1104961385864422
2829,0.5,586.2714285714286,41.37285714285714,3.672812049942361,3.6037378649289704,149.35039988296603,41.223882747030856,0.9987245724958632,2.1127685462688572
2830,0.5,586.1428571428572,41.38571428571428,3.6775179177019677,3.6053048710600564,149.35481606389877,41.74574622000156,0.9988054973624794,2.1132236979942016
2831,0.5,586.0142857142858,41.398571428571415,3.6736644815335264,3.599103767837978,149.35923068517013,41.16138389858325,0.9987990916386852,2.1091262237211676
2832,0.5,585.8857142857144,41.411428571428566,3.671844325820527,3.5989609358140098,149.36364374788144,41.061689297495086,0.9986956819736967,2.108579798565774
2833,0.5,585.7571428571429,41.424285714285716,3.672338584906327,3.594815325242096,149.3680552531328,41.33651641486669,0.9987902383038726,2.105688754012881
2834,0.5,585.6285714285715,41.43714285714285,3.6754863484769893,3.603640449366866,149.37246520202314,41.03236352869407,0.9987885934695018,2.110394808304933
2835,0.5,585.5000000000001,41.44999999999999,3.6762342334187164,3.600947026414445,149.3768735956502,40.972916129050596,0.9987146670389475,2.108354483965658
2836,0.5,585.3714285714286,41.46285714285713,3.673568368572743,3.599802920024427,149.38128043511063,41.18751275047309,0.9986799118977002,2.107221777870299
2837,0.5,585.2428571428571,41.47571428571428,3.6761213131923984,3.603414326860137,149.38568572149987,40.89254492744473,0.9988041451316586,2.108872496121132
2838,0.5,585.1142857142856,41.48857142857143,3.6764649162422987,3.6021320607967113,149.39008945591215,41.087320548432245,0.9988193528459622,2.1076589278015954
2839,0.5,584.9857142857143,41.501428571428576,3.674910048338058,3.604998857679271,149.39449163944064,41.1943289861705,0.9985901224611334,2.1088728317586924
2840,0.5,584.8571428571428,41.51428571428573,3.672786884561418,3.600409966175263,149.39889227317735,41.36071147343664,0.9987968774180332,2.105725485931646
2841,0.5,584.7285714285714,41.52714285714286,3.6772656987651606,3.607437634695741,149.40329135821307,41.12007607348616,0.9988010120263412,2.109371854653305
2842,0.5,584.6,41.54,3.6766046868704914,3.599313334860255,149.40768889563748,41.41817918419228,0.9988097180310929,2.104158575559305
2843,0.5,584.4714285714285,41.55285714285715,3.6769955319820884,3.6079974411157845,149.41208488653913,41.96983584890198,0.9987671357010262,2.108771418691001
2844,0.5,584.342857142857,41.56571428571429,3.674117120245737,3.601567209852816,149.4164793320054,41.29037010492098,0.9987960872342341,2.1045500735974225
2845,0.5,584.2142857142856,41.57857142857144,3.675670919812692,3.5957479933153746,149.42087223312245,41.09156366192688,0.9987181611638498,2.1006873455233173
2846,0.5,584.0857142857142,41.59142857142858,3.6707718964606277,3.597734190063471,149.42526359097545,41.74048777812363,0.9987029043444038,2.1013851442133578
2847,0.5,583.9571428571428,41.604285714285716,3.677016331858527,3.597977436924016,149.42965340664833,41.05502548965161,0.9987505363029308,2.101064624130614
2848,0.5,583.8285714285713,41.617142857142866,3.675898018700159,3.605417539098289,149.43404168122385,41.164324212977256,0.9987694682955266,2.1049457712552693
2849,0.5,583.6999999999999,41.63000000000001,3.6746646115696056,3.6009276050181955,149.4384284157837,40.92948061607271,0.9987354761436952,2.1018614430491205
2850,0.5,583.5714285714286,41.642857142857146,3.674791383693154,3.5939890199036606,149.4428136114084,41.38578822797258,0.9987525800601247,2.097349306615208
2851,0.5,583.4428571428572,41.65571428571428,3.673627329444053,3.597982060755107,149.4471972691773,41.27266162258645,0.99883757212696,2.099216933475705
2852,0.5,583.3142857142857,41.66857142857143,3.6739257496201607,3.5951567742147494,149.45157939016875,41.31130682412064,0.998831992173861,2.097106305781952
2853,0.5,583.1857142857142,41.68142857142858,3.67443967905726,3.5999460248284554,149.45595997545976,41.00862844957758,0.9987153348080263,2.0994370938796
2854,0.5,583.0571428571427,41.694285714285726,3.6760737437764877,3.6024011763039607,149.46033902612638,41.36140958311367,0.9987395164968657,2.1004057372809974
2855,0.5,582.9285714285713,41.70714285714286,3.676970983983508,3.6001529273290225,149.46471654324344,41.51430883966934,0.9987686949108497,2.0986320028522965
2856,0.5,582.8,41.72,3.672702253093927,3.5959381946448756,149.46909252788467,40.957078514859816,0.9987690115099803,2.0957127798390336
2857,0.5,582.6714285714285,41.73285714285715,3.675303972099439,3.5979892628901315,149.47346698112267,41.19348838751778,0.9987304612750242,2.0964455437928535
2858,0.5,582.542857142857,41.7457142857143,3.675573710460873,3.601670949749736,149.47783990402888,41.453163271923394,0.9988141624061276,2.0981276855556383
2859,0.5,582.4142857142857,41.758571428571436,3.6754492000258736,3.6040919400187894,149.48221129767373,40.978043857581575,0.9987270871328505,2.0990746328946575
2860,0.5,582.2857142857143,41.77142857142857,3.6755624588675486,3.599701733571457,149.48658116312637,41.73619397897792,0.9986981632816735,2.09605489514818
2861,0.5,582.1571428571428,41.784285714285716,3.67616020612178,3.6065223832037905,149.49094950145496,41.09935633330037,0.9987184239043367,2.0995627662562524
2862,0.5,582.0285714285714,41.797142857142866,3.678273955548038,3.6035419404142286,149.49531631372645,41.073322748977105,0.9987200512544412,2.0973643676622356
2863,0.5,581.8999999999999,41.81000000000002,3.675973880007368,3.604419911938244,149.4996816010067,40.625048940437644,0.9987436418524304,2.0974119467568637
2864,0.5,581.7714285714285,41.82285714285715,3.6736729618034043,3.604659076145041,149.50404536436048,41.36719362138122,0.9987946371761457,2.097087660241866
2865,0.5,581.6428571428571,41.83571428571429,3.673305445498219,3.5975830677898726,149.50840760485147,40.60417622298198,0.9988050173161946,2.0925084943580665
2866,0.5,581.5142857142856,41.84857142857143,3.677070305475976,3.601153094515339,149.51276832354213,41.03505576103301,0.9988770875488746,2.0941219695048767
2867,0.5,581.3857142857141,41.86142857142858,3.673709971086577,3.5992813004067337,149.51712752149388,41.67525674624939,0.9987755496129556,2.092570729752183
2868,0.5,581.2571428571428,41.87428571428572,3.6733419391886595,3.6050158491038307,149.52148519976706,40.98791616481076,0.998779069650329,2.095441212404809
2869,0.5,581.1285714285715,41.887142857142855,3.673634612418653,3.5984142081457904,149.52584135942084,41.485856078643515,0.9986706444316785,2.0911413081880372
2870,0.5,581.0,41.900000000000006,3.675400794402253,3.6040828401256864,149.5301960015133,41.242914114762826,0.9988096230274202,2.093972130113024
2871,0.5,580.8714285714285,41.91285714285715,3.6762006167908807,3.6029601807421576,149.53454912710146,41.104241312395956,0.9987125986689493,2.0928566272736693
2872,0.5,580.742857142857,41.9257142857143,3.6755026244452123,3.6021777484276267,149.5389007372411,41.46559233906386,0.9986665188164779,2.0919389975582834
2873,0.5,580.6142857142856,41.938571428571436,3.6764830821841628,3.5984164584161737,149.54325083298713,41.83133065642373,0.9988583062311497,2.0892920017058363
2874,0.5,580.4857142857143,41.95142857142857,3.677720584900713,3.602430806441949,149.54759941539317,41.54866131199513,0.9986692448135479,2.0911596198423164
2875,0.5,580.3571428571428,41.96428571428572,3.674256730241951,3.6064014256717587,149.5519464855117,40.84683434045321,0.9987708185562889,2.093000827398788
2876,0.5,580.2285714285713,41.977142857142866,3.674443682846504,3.6012502789491054,149.55629204439433,41.29348447674049,0.9987939031687465,2.0895483047113834
2877,0.5,580.0999999999999,41.99,3.6747402741245794,3.596682489318767,149.5606360930914,41.17241142886126,0.9987760188111504,2.0864355120538165
2878,0.5,579.9714285714285,42.00285714285714,3.6718576986723868,3.599604974095061,149.56497863265218,40.795244968416526,0.99882790932367,2.0876680391187326
2879,0.5,579.8428571428572,42.01571428571429,3.6725978098119474,3.6021307188945153,149.5693196641249,41.95721676177511,0.998739869342844,2.08866976784585
2880,0.5,579.7142857142857,42.02857142857144,3.677881732143686,3.6036666865260396,149.5736591885566,41.57966053089126,0.9988298813869864,2.0890970591318094
2881,0.5,579.5857142857142,42.04142857142858,3.6742379317533307,3.6022358424958933,149.57799720699333,41.23131592201789,0.9988326560567973,2.087804433798584
2882,0.5,579.4571428571428,42.05428571428572,3.673594176532445,3.6022205152615223,149.58233372048002,41.53375553811011,0.9987860199171719,2.0873324077148263
2883,0.5,579.3285714285714,42.067142857142855,3.6708200860040385,3.595917449552406,149.5866687300605,41.64962906189628,0.9987760985267501,2.0832177190242676
2884,0.5,579.1999999999999,42.080000000000005,3.6737079271906565,3.6019631633890814,149.5910022367775,41.41930638508684,0.9986973846927766,2.0862570642349554
2885,0.5,579.0714285714284,42.092857142857156,3.675348002814587,3.600384261210156,149.5953342416727,41.23902520708694,0.9986884481108926,2.084879657545052
2886,0.5,578.9428571428571,42.10571428571429,3.6766790649471535,3.6000014151475885,149.59966474578667,41.414270069769216,0.9988197150930924,2.084195105003874
2887,0.5,578.8142857142857,42.11857142857143,3.674074679212939,3.6002537154387704,149.60399375015896,41.34300600052226,0.9987216367175745,2.083878282691895
2888,0.5,578.6857142857142,42.13142857142857,3.6716275427939116,3.601799327189969,149.60832125582795,41.6263254473496,0.9987697064880506,2.0843098163687324
2889,0.5,578.5571428571428,42.14428571428572,3.6747114939258694,3.5972476069914823,149.61264726383098,41.557541010480605,0.9987013452916095,2.081213297650686
2890,0.5,578.4285714285713,42.15714285714287,3.6753666178463384,3.601955072411345,149.61697177520432,41.45372739195772,0.9987841261358436,2.0834737268847907
2891,0.5,578.3,42.17000000000001,3.6759746654116836,3.602345907427343,149.62129479098317,41.06331843282255,0.998714773964248,2.0832366382652325
2892,0.5,578.1714285714286,42.182857142857145,3.6745246459547967,3.603395323604604,149.6256163122017,41.50948705313046,0.9987622708574236,2.083380221956079
2893,0.5,578.0428571428571,42.19571428571429,3.674786468446254,3.5988564253984254,149.62993633989288,41.63721186216727,0.9986751990294014,2.0802932505842353
2894,0.5,577.9142857142856,42.20857142857144,3.673141760599912,3.603735416949387,149.6342548750887,41.8068628732476,0.9987214353160844,2.082650179389578
2895,0.5,577.7857142857142,42.221428571428575,3.6756220599886253,3.5995333152336753,149.63857191882008,41.21599932354422,0.9987628439624389,2.079758927637514
2896,0.5,577.6571428571428,42.23428571428571,3.6731599160428186,3.60225254339105,149.64288747211688,41.48299341940022,0.9987149638285654,2.08086691206515
2897,0.5,577.5285714285714,42.24714285714286,3.6746453253612676,3.599172654661016,149.64720153600783,41.78029065365596,0.9987866989910699,2.078625041571155
2898,0.5,577.3999999999999,42.260000000000005,3.6728082488366955,3.600082406276379,149.6515141115207,41.91119665708672,0.9987698210566387,2.078687581383981
2899,0.5,577.2714285714285,42.272857142857156,3.6766835287580593,3.5999865621582328,149.65582519968206,41.88571939885354,0.9987569623010136,2.0781693855750287
2900,0.5,577.1428571428571,42.28571428571429,3.676949739981743,3.602831223530198,149.66013480151753,41.729783022761495,0.9986671080254202,2.079348306151714
2901,0.5,577.0142857142857,42.29857142857143,3.672008458867979,3.5973731398910087,149.6644429180517,41.25263374504114,0.9986904800230368,2.0757356927619677
2902,0.5,576.8857142857142,42.31142857142858,3.669652284661501,3.591580732159297,149.66874955030787,41.65344842296712,0.998690796599938,2.0719316160865247
2903,0.5,576.7571428571428,42.32428571428572,3.6757688906114443,3.595394875437741,149.67305469930858,42.16655948603316,0.9988103952233752,2.073669675800684
2904,0.5,576.6285714285714,42.337142857142865,3.66974748572365,3.5888876950234425,149.67735836607514,41.600423295633874,0.9986657334308783,2.069455184598946
2905,0.5,576.5,42.35,3.6731288458044338,3.599303485907623,149.68166055162783,41.01030668411788,0.9987820563744293,2.0749984596257445
2906,0.5,576.3714285714285,42.362857142857145,3.674380874260911,3.595198728196753,149.68596125698593,41.994313178987056,0.9987829088031919,2.0721698269689455
2907,0.5,576.242857142857,42.375714285714295,3.6732643938953666,3.601524226929742,149.69026048316763,41.415261873985095,0.9986641633484413,2.0753526105952136
2908,0.5,576.1142857142855,42.38857142857144,3.6741870743521967,3.599597456222705,149.69455823119003,41.586936752635076,0.9987481881639704,2.0737795173507028
2909,0.5,575.9857142857143,42.40142857142858,3.674743389624041,3.599377672337587,149.69885450206922,41.67194421548827,0.998802798509515,2.0731901195854165
2910,0.5,575.8571428571429,42.41428571428572,3.674472462870734,3.601748114176788,149.7031492968203,41.50675960130014,0.9987110106907867,2.0740923783209477
2911,0.5,575.7285714285714,42.42714285714286,3.6716878737027194,3.597998731372792,149.7074426164572,41.683258804545446,0.9986856389193157,2.0714706696150698
2912,0.5,575.5999999999999,42.44000000000001,3.6720174525122307,3.602054399633174,149.71173446199293,41.7559851381542,0.9987290866610989,2.0733425124288547
2913,0.5,575.4714285714285,42.45285714285715,3.6747239259327102,3.597848677183662,149.71602483443937,41.67453675755782,0.9987607926661171,2.0704591180427063
2914,0.5,575.3428571428572,42.465714285714284,3.671425437872582,3.5931057613137076,149.7203137348074,41.720252270090754,0.9986889758344349,2.0672677347306894
2915,0.5,575.2142857142857,42.478571428571435,3.67622250797615,3.600609224020587,149.72460116410687,41.57055873544281,0.998783297849605,2.07112186293127
2916,0.5,575.0857142857142,42.49142857142858,3.6749400139728805,3.602539334450723,149.7288871233465,41.450782574329175,0.9987682675651937,2.071768906394975
2917,0.5,574.9571428571427,42.50428571428573,3.675786590895323,3.6001019193069577,149.73317161353413,41.56835596311854,0.9987714082141399,2.069904313519244
2918,0.5,574.8285714285713,42.517142857142865,3.676222204535672,3.599437290939143,149.73745463567644,41.82104717259891,0.9987080213347429,2.0690593958972743
2919,0.5,574.7,42.52999999999999,3.6713832636968227,3.598220457359236,149.74173619077908,41.66140771500884,0.9987009744175709,2.067897296844353
2920,0.5,574.5714285714286,42.54285714285715,3.672567147822619,3.5986874072773585,149.74601627984677,41.76650168106023,0.9987967563712129,2.067702964581362
2921,0.5,574.4428571428571,42.555714285714295,3.67481468161415,3.5987223925097376,149.75029490388306,41.992253142636145,0.9988481769204566,2.067260373217272
2922,0.5,574.3142857142857,42.56857142857143,3.6742964201577064,3.5979103213608123,149.75457206389058,41.70344758393131,0.9987242426781864,2.0663312962763913
2923,0.5,574.1857142857143,42.58142857142857,3.6717321072468407,3.5971322306999736,149.75884776087085,41.70233481111972,0.9987058061056222,2.0654219392646294
2924,0.5,574.0571428571428,42.59428571428572,3.676546489701691,3.60977829414497,149.76312199582446,41.79578032938297,0.9987044373757323,2.0722190138845926
2925,0.5,573.9285714285713,42.60714285714287,3.6744033538493235,3.600981023140937,149.76739476975087,41.67939736171176,0.9987508979142764,2.066705894352673
2926,0.5,573.7999999999998,42.62000000000001,3.6750940900472906,3.597343672715529,149.77166608364857,41.895551118857846,0.9987126761400628,2.06415579940417
2927,0.5,573.6714285714285,42.63285714285715,3.6780076131997865,3.6012102715118424,149.77593593851503,41.192709634673804,0.9987881215711907,2.0659114410443005
2928,0.5,573.5428571428571,42.645714285714284,3.6718863895484315,3.6084876204672227,149.78020433534667,42.10309846249876,0.9987853751530277,2.0696222998074005
2929,0.5,573.4142857142856,42.65857142857145,3.6726677023795467,3.5999397833992695,149.7844712751389,41.96642463930554,0.9987368730920237,2.064256899512332
2930,0.5,573.2857142857142,42.671428571428585,3.6733346847343573,3.596321619060734,149.78873675888616,41.88676102497273,0.9987781232378742,2.061719808184389
2931,0.5,573.1571428571428,42.68428571428572,3.673427863319489,3.5979117252248103,149.79300078758178,42.00663403464743,0.9988127125825765,2.062168804682066
2932,0.5,573.0285714285715,42.69714285714286,3.6744365290212437,3.598475054581364,149.79726336221813,41.948813855262415,0.9986537577150977,2.0620290198481097
2933,0.5,572.9,42.71,3.673350577886083,3.595998538994011,149.80152448378658,41.608899582846,0.9987635198391555,2.060147562989669
2934,0.5,572.7714285714285,42.72285714285715,3.6765645277926553,3.6078817074319787,149.80578415327744,42.24782581487687,0.9987307125637579,2.066491559682539
2935,0.5,572.642857142857,42.7357142857143,3.674827071066613,3.598157470751063,149.81004237168008,41.87612118087887,0.9987318517012984,2.0604591745008047
2936,0.5,572.5142857142856,42.74857142857144,3.6755784979496724,3.6036709947584016,149.81429913998278,41.63210937926671,0.9988141001153832,2.0631531255133955
2937,0.5,572.3857142857142,42.761428571428574,3.675663364420154,3.59947946901679,149.8185544591728,41.55628568300646,0.9988271211235571,2.060290626929939
2938,0.5,572.2571428571428,42.77428571428572,3.6722795017039673,3.602847931423351,149.82280833023646,42.382895670354806,0.9987698052835662,2.0617554633850936
2939,0.5,572.1285714285714,42.787142857142854,3.6748561244088807,3.5994642258074445,149.8270607541591,41.50405671693164,0.9987952347319814,2.059356325419462
2940,0.5,572.0,42.800000000000004,3.6731610417513547,3.5979677530929344,149.83131173192496,42.43708550298165,0.9987579956307221,2.0580375547691583
2941,0.5,571.8714285714286,42.81285714285714,3.679300706213923,3.609272822478898,149.83556126451728,42.06506990087265,0.9987847907455916,2.06404000509504
2942,0.5,571.7428571428571,42.82571428571429,3.678221531827115,3.602685416722435,149.8398093529184,41.65451522606177,0.9987416841275534,2.0598096535437898
2943,0.5,571.6142857142856,42.838571428571434,3.672028712499471,3.5945263576146695,149.84405599810958,41.68997445449603,0.9987998997086608,2.0546826163890826
2944,0.5,571.4857142857142,42.851428571428585,3.675147716048051,3.599323064031283,149.84830120107108,41.66404047958633,0.998707975781413,2.056961712192963
2945,0.5,571.3571428571428,42.86428571428572,3.6718817511039963,3.593837540797171,149.8525449627822,41.334807586096915,0.9987591307294409,2.053364749202612
2946,0.5,571.2285714285714,42.87714285714286,3.675064029970945,3.598545702565332,149.85678728422118,41.8646018472588,0.9987733637960983,2.0555921208968195
2947,0.5,571.0999999999999,42.89000000000001,3.675602993300848,3.5999116296473246,149.86102816636534,41.95642790019391,0.9987584180158326,2.055909531691587
2948,0.5,570.9714285714284,42.90285714285715,3.670821800488926,3.599447582878449,149.86526761019095,42.01529827509072,0.9987693030741082,2.055181728464083
2949,0.5,570.842857142857,42.91571428571429,3.6754226113191577,3.604524496168088,149.8695056166733,41.46719364849402,0.9988661359685638,2.0576170620340086
2950,0.5,570.7142857142858,42.92857142857143,3.673053759540021,3.594950354751949,149.87374218678676,41.30667693732594,0.9986988121587518,2.051689523890577
2951,0.5,570.5857142857143,42.941428571428574,3.674301175373274,3.597770878917507,149.87797732150455,41.47339727321913,0.9987816757546698,2.052836666783488
2952,0.5,570.4571428571428,42.954285714285724,3.6701250591331114,3.591832732170583,149.88221102179904,42.50594841607248,0.9987701742130395,2.048986638014796
2953,0.5,570.3285714285713,42.96714285714287,3.6737489888138684,3.5994280310514166,149.88644328864157,41.93546585439489,0.9987769114791006,2.0528566469095093
2954,0.5,570.1999999999999,42.980000000000004,3.6745402958040714,3.6002132388423553,149.89067412300247,41.92949679044282,0.9987182527176361,2.052841588787911
2955,0.5,570.0714285714286,42.99285714285715,3.673057375283099,3.601619819180841,149.89490352585116,41.6117049429067,0.9987513658590738,2.053180555491592
2956,0.5,569.9428571428571,43.00571428571429,3.67165176859511,3.59270260760246,149.89913149815598,41.60030131926749,0.998721054320666,2.047635189041539
2957,0.5,569.8142857142856,43.01857142857144,3.6747996601308137,3.603927118687013,149.9033580408843,41.75312635150345,0.9987394253562619,2.0535691569009837
2958,0.5,569.6857142857142,43.03142857142858,3.673554719512303,3.6036462329590364,149.9075831550026,42.14444085100524,0.9987255852472033,2.0529457782562917
2959,0.5,569.5571428571428,43.044285714285714,3.6753720082256973,3.5989762375497976,149.91180684147633,42.030113621208294,0.9986922372202997,2.049822623069612
2960,0.5,569.4285714285714,43.057142857142864,3.6713530980190057,3.595056414686734,149.91602910126988,41.778969073969506,0.9987064488634427,2.0471278384201885
2961,0.5,569.3,43.07000000000001,3.6734409736803944,3.598351336874737,149.92024993534682,41.63466762901856,0.9987998533822144,2.0485414160827875
2962,0.5,569.1714285714285,43.08285714285716,3.6751638955571293,3.599859335079289,149.92446934466957,41.973232313647934,0.9988008363227907,2.0489370804032716
2963,0.5,569.0428571428571,43.095714285714294,3.676079707521706,3.603554343637873,149.9286873301997,41.75867154546291,0.998843501154269,2.0505768595732485
2964,0.5,568.9142857142857,43.10857142857143,3.6733839755744166,3.601425056618709,149.93290389289783,42.061397366152875,0.9987438948734797,2.048902163639764
2965,0.5,568.7857142857142,43.12142857142858,3.6757169049065,3.5981099767609734,149.93711903372346,41.37149807705114,0.9988173008857636,2.0465535532105448
2966,0.5,568.6571428571427,43.134285714285724,3.6754362226130883,3.6004474959070905,149.9413327536353,42.062443856449555,0.9987158710451518,2.04742018602968
2967,0.5,568.5285714285714,43.14714285714286,3.677345926593,3.6028846684208697,149.94554505359088,41.70720722323126,0.9987995132112917,2.048342873559219
2968,0.5,568.4,43.16,3.6763989793702385,3.6062748695768816,149.949755934547,41.4281989832799,0.9987315360141037,2.0498066358675
2969,0.5,568.2714285714285,43.17285714285715,3.6731551159379925,3.5998278054184962,149.9539653974593,42.31466439596308,0.9987254647537939,2.045679289596319
2970,0.5,568.1428571428571,43.1857142857143,3.673441071569337,3.5994396989197597,149.9581734432826,42.18657668597477,0.9988066174985409,2.0449959546576975
2971,0.5,568.0142857142856,43.19857142857144,3.6712442760417807,3.592357879722246,149.96238007297063,41.97833824629981,0.9987166264034453,2.040510595080517
2972,0.5,567.8857142857142,43.21142857142858,3.676637518853114,3.6001922173933654,149.96658528747622,42.13533168100465,0.9987138600338766,2.044497728940301
2973,0.5,567.7571428571429,43.22428571428571,3.678782581871896,3.601935681057643,149.97078908775126,41.80276841813783,0.9988481375452335,2.045024711032484
2974,0.5,567.6285714285714,43.237142857142864,3.6782273906655334,3.6021284079415503,149.97499147474662,41.83526484546409,0.9987504868236532,2.0446710023021364
2975,0.5,567.4999999999999,43.250000000000014,3.6740992249831947,3.5990793933636325,149.97919244941227,41.996808255371604,0.998808691750853,2.042477555733861
2976,0.5,567.3714285714285,43.26285714285715,3.672332444632865,3.6036324328901266,149.9833920126972,41.430439000156504,0.9986623804482806,2.0445980814952036
2977,0.5,567.2428571428571,43.27571428571429,3.6759496456073935,3.6020769902688996,149.98759016554942,42.35663412414799,0.9988178496491835,2.043252443608674
2978,0.5,567.1142857142856,43.28857142857143,3.674359013221936,3.5939444630131057,149.99178690891603,42.23016106785473,0.9987334313850754,2.0381772470384893
2979,0.5,566.9857142857142,43.30142857142858,3.674671154185652,3.595461270756173,149.99598224374313,41.8705330580761,0.9987653921773068,2.0385751767863103
2980,0.5,566.8571428571428,43.31428571428573,3.6743980377487486,3.598407866228312,150.0001761709759,42.263427621957504,0.9987353968212455,2.0397832018848487
2981,0.5,566.7285714285714,43.32714285714287,3.674805607015677,3.598841484221229,150.00436869155857,41.98744984512087,0.9986245622651541,2.039566293150577
2982,0.5,566.6,43.34,3.6752481220830022,3.6028930263831547,150.00855980643436,41.801897111460804,0.998669747668827,2.0413991887486955
2983,0.5,566.4714285714285,43.35285714285715,3.6749850424764645,3.6000799889997603,150.01274951654565,41.993379055713696,0.9987658840164935,2.039342454340107
2984,0.5,566.342857142857,43.3657142857143,3.672420313389709,3.5949647825165445,150.0169378228338,41.916546677014324,0.9987085970622516,2.0359826262583693
2985,0.5,566.2142857142857,43.37857142857143,3.676305794185008,3.604788683550361,150.02112472623918,41.947189638158996,0.9987495459929806,2.041082849607408
2986,0.5,566.0857142857143,43.39142857142857,3.678321086373977,3.6024409690078514,150.02531022770137,41.93300074212486,0.9987775171077694,2.0392903691129303
2987,0.5,565.9571428571428,43.40428571428572,3.675912353055043,3.6006753370285316,150.02949432815885,42.18233829378695,0.9987285082148719,2.0378279261008476
2988,0.5,565.8285714285713,43.41714285714286,3.6713557327883293,3.597169549047953,150.03367702854922,42.40212198689113,0.9986900927477053,2.0353813071241613
2989,0.5,565.6999999999998,43.430000000000014,3.6748714870130472,3.5949915857397494,150.03785832980915,42.102205632764985,0.998766823461382,2.0336867400529757
2990,0.5,565.5714285714286,43.44285714285715,3.676653706459006,3.601571306877719,150.04203823287435,41.854394897445886,0.9987160549169741,2.0369458291326983
2991,0.5,565.4428571428572,43.455714285714286,3.675942457778439,3.5976732905543325,150.0462167386796,42.491064694004656,0.9986337151325196,2.0342786644775863
2992,0.5,565.3142857142857,43.46857142857144,3.6714058870321757,3.5984016270269334,150.05039384815873,42.25821367946733,0.9987131574528244,2.0342278454958542
2993,0.5,565.1857142857142,43.48142857142858,3.6736503179012168,3.596244600232885,150.05456956224467,42.099107137496794,0.9988029903212842,2.032546073128766
2994,0.5,565.0571428571428,43.494285714285716,3.6705732262763737,3.5983045584468316,150.05874388186936,42.23282620991508,0.9987411623479815,2.0332476929257997
2995,0.5,564.9285714285714,43.50714285714285,3.676810764793182,3.605003890042768,150.0629168079639,42.130266852206454,0.998801669385749,2.036569697596304
2996,0.5,564.8,43.52,3.6713993104435825,3.593960875154253,150.0670883414583,42.535151239528105,0.9987961539446787,2.029869102287122
2997,0.5,564.6714285714285,43.532857142857154,3.6732194213306486,3.5944659375774988,150.07125848328178,42.27776463289041,0.9987017089938318,2.0296922159232254
2998,0.5,564.542857142857,43.5457142857143,3.6693498688667936,3.5934998380126735,150.07542723436262,41.83021870752648,0.9987886582849557,2.0286846656940685
2999,0.5,564.4142857142856,43.55857142857143,3.670869105482621,3.592963960805879,150.07959459562807,42.51369213939349,0.9987243121916499,2.0279201875354205
3000,0.5,564.2857142857143,43.57142857142857,3.6763714476106566,3.6047601756356493,150.08376056800458,41.85557073865059,0.9988002192377055,2.0341146705372593
3001,0.5,564.1571428571428,43.58428571428572,3.6755719908629456,3.598743174182862,150.0879251524176,41.759486682840624,0.998793896279527,2.0302566670236484
3002,0.5,564.0285714285714,43.59714285714287,3.6718192717798264,3.601100987649905,150.09208834979162,42.38886149779927,0.9986904324610686,2.0311238456341933
3003,0.5,563.9,43.61000000000001,3.6691355226287308,3.5930723660530988,150.09625016105034,42.323094935926065,0.9986777385294188,2.0261335072173425
3004,0.5,563.7714285714286,43.62285714285714,3.6743400700907496,3.5948954091939895,150.10041058711633,42.54880450346901,0.9987528904686248,2.026699320406166
3005,0.5,563.6428571428571,43.635714285714286,3.6785945139938145,3.6046374373954726,150.1045696289115,42.72079339948969,0.9988079060045334,2.031728144177691
3006,0.5,563.5142857142856,43.64857142857144,3.674846179575537,3.5951990489198007,150.1087272873566,42.31132021474023,0.9987113300434729,2.0259460240527205
3007,0.5,563.3857142857141,43.66142857142859,3.674568082207904,3.5970069412839782,150.1128835633716,42.4066111684776,0.9987360089463256,2.026502324905946
3008,0.5,563.2571428571428,43.67428571428572,3.6732051389790574,3.5984590816723876,150.11703845787557,41.29958267142258,0.998782000568643,2.0268577810311266
3009,0.5,563.1285714285714,43.68714285714286,3.6734939432213243,3.6037448730291417,150.12119197178652,42.32428798488293,0.9988251310927213,2.0293717021419386
3010,0.5,563.0,43.7,3.6720944063654963,3.596257763674078,150.12534410602169,41.973960420580696,0.9987688963763097,2.024693120948506
3011,0.5,562.8714285714285,43.71285714285715,3.675315749951632,3.594943903117206,150.12949486149728,42.37362686187855,0.9987065962050079,2.023491210381729
3012,0.5,562.7428571428571,43.72571428571429,3.6713218478472562,3.5929668548485956,150.13364423912876,42.32260980106677,0.9987110437224105,2.021916433517084
3013,0.5,562.6142857142858,43.738571428571426,3.6741954509748846,3.597906042199717,150.1377922398305,42.14198594093488,0.9986714311029675,2.024233337999307
3014,0.5,562.4857142857143,43.751428571428576,3.672845865234049,3.601021443246775,150.14193886451608,42.33785613706002,0.9987868745817013,2.0255231186628357
3015,0.5,562.3571428571428,43.76428571428572,3.673452619368454,3.6030628628313424,150.1460841140981,41.90763785393799,0.9988146178453575,2.026208137076511
3016,0.5,562.2285714285713,43.77714285714287,3.676393370191982,3.5982549021761656,150.15022798948826,42.49053678416673,0.9987303219690233,2.023041713286359
3017,0.5,562.0999999999999,43.790000000000006,3.675745231649557,3.6032215572854462,150.15437049159743,42.63133704103047,0.9986993327727693,2.025370837350149
3018,0.5,561.9714285714285,43.80285714285714,3.670595204738668,3.59364463266374,150.1585116213355,41.95217579193452,0.9987293233616926,2.0195256079960884
3019,0.5,561.842857142857,43.81571428571429,3.6732647456423644,3.59630237222772,150.16265137961145,42.59263577713907,0.9987775903753237,2.0205567999620566
3020,0.5,561.7142857142857,43.828571428571436,3.675160499125873,3.5979431187847717,150.1667897673334,42.21720863675041,0.9988201848532038,2.0210160490088174
3021,0.5,561.5857142857143,43.84142857142857,3.671726926260588,3.5960237225095866,150.17092678540854,42.38635694495805,0.9987299523868172,2.0194755507939193
3022,0.5,561.4571428571429,43.85428571428571,3.6772200952859313,3.60063179803985,150.17506243474324,42.45884007870306,0.998713870444903,2.0216004418080313
3023,0.5,561.3285714285714,43.86714285714286,3.6729303591899307,3.597310909789344,150.1791967162428,42.59860505321323,0.9987406951460566,2.019273393976467
3024,0.5,561.1999999999999,43.88000000000001,3.6761101334962114,3.6019764316667757,150.18332963081178,42.16113388803535,0.9987060567696434,2.021429173451394
3025,0.5,561.0714285714284,43.89285714285715,3.669881055779428,3.5949837643383913,150.1874611793538,42.509572015998955,0.9987367760485847,2.017042676348433
3026,0.5,560.9428571428571,43.90571428571429,3.6740936883830164,3.6032826281322983,150.1915913627715,42.301492676142985,0.9987483530148653,2.0212356525177544
3027,0.5,560.8142857142857,43.918571428571425,3.6736651256922435,3.5991814922084466,150.19572018196675,41.86129429744894,0.9986787215012966,2.018472397708957
3028,0.5,560.6857142857142,43.931428571428576,3.6714657861016864,3.598308760466309,150.19984763784046,42.02140440692517,0.9987190688445171,2.017520317582595
3029,0.5,560.5571428571427,43.944285714285726,3.6751555620092486,3.596822409461406,150.20397373129268,41.87048104134441,0.9986652573421749,2.0162244932122295
3030,0.5,560.4285714285713,43.95714285714287,3.6769121303107037,3.60115796247001,150.20809846322254,42.08614432056311,0.9986038382882748,2.0181918123956923
3031,0.5,560.3000000000001,43.97,3.674133344498449,3.5968115902584823,150.21222183452826,41.87857154423029,0.9988183205279636,2.015293534021828
3032,0.5,560.1714285714286,43.98285714285714,3.6752311089596357,3.5991055296707275,150.21634384610726,41.854829505030736,0.9988386132653979,2.0161160861349794
3033,0.5,560.0428571428571,43.99571428571429,3.6762345159943934,3.6055736517183274,150.220464498856,42.55650525136176,0.9987367809881178,2.019275769547337
3034,0.5,559.9142857142856,44.00857142857144,3.6725749616529413,3.59708749437807,150.22458379366998,42.858791594107096,0.9987295202606158,2.0140606750664864
3035,0.5,559.7857142857142,44.02142857142858,3.6713167283046717,3.596042762434014,150.228701731444,42.131424397941856,0.9988234641193131,2.0130133663710974
3036,0.5,559.6571428571428,44.034285714285716,3.671046389692676,3.5930173236404808,150.23281831307187,42.26119193234084,0.9986693042743692,2.0108578095848495
3037,0.5,559.5285714285714,44.04714285714286,3.6681033458174115,3.5900856445279166,150.23693353944648,41.97152026467685,0.998753824916272,2.0087554919889268
3038,0.5,559.3999999999999,44.06000000000001,3.6761879428353974,3.60243439368734,150.2410474114599,42.03889015955868,0.9987405641953079,2.0152017998286977
3039,0.5,559.2714285714285,44.072857142857146,3.6747297761661017,3.599073705672999,150.24515993000333,42.00875214592328,0.9987159769113666,2.012859092905603
3040,0.5,559.1428571428571,44.08571428571428,3.6752775176170496,3.6011337058725195,150.24927109596706,42.48571343320573,0.9987185160410847,2.013548189255006
3041,0.5,559.0142857142857,44.09857142857143,3.673236045185053,3.5971050354687444,150.25338091024048,42.30141507695778,0.9986756428631713,2.0108331020418206
3042,0.5,558.8857142857142,44.111428571428576,3.676584456592443,3.5998838799392643,150.25748937371213,42.30385981478311,0.9986826769425408,2.011923673585484
3043,0.5,558.7571428571428,44.124285714285726,3.6721683008095454,3.590157002860495,150.2615964872697,42.596640850437076,0.9987361584388765,2.0060258693268933
3044,0.5,558.6285714285714,44.13714285714286,3.671142600054465,3.5971152910436466,150.26570225179995,42.27177364692923,0.9986992178518627,2.009451376299582
3045,0.5,558.5,44.15,3.669811055980033,3.5920713372585262,150.26980666818883,42.557988285428586,0.9987297563826848,2.0061718418588868
3046,0.5,558.3714285714285,44.16285714285715,3.670570825918613,3.594316265952329,150.27390973732136,42.39193071258609,0.9987442728843328,2.0069635081573245
3047,0.5,558.242857142857,44.17571428571429,3.671057568658667,3.5929101240853143,150.2780114600817,42.3160890920467,0.9987584469016234,2.005716413126883
3048,0.5,558.1142857142856,44.188571428571436,3.6762180036281618,3.600490059456757,150.28211183735317,41.93988645481651,0.9987236873445516,2.0094849377550936
3049,0.5,557.9857142857143,44.20142857142857,3.6733136655206526,3.5959149275950693,150.2862108700182,42.01639349235296,0.9986884392393512,2.006469159384797
3050,0.5,557.8571428571428,44.214285714285715,3.6740146855587397,3.60058279621284,150.29030855895837,42.22139964328495,0.9986914173101739,2.0086108313158766
3051,0.5,557.7285714285714,44.227142857142866,3.6740954534601693,3.599832530157423,150.29440490505434,42.80397915013125,0.9987168031224959,2.007729454426799
3052,0.5,557.5999999999999,44.24000000000001,3.6753354742786977,3.599251170727648,150.29849990918598,42.05271509240971,0.9987807567155556,2.006942452797736
3053,0.5,557.4714285714285,44.25285714285715,3.6746306112149627,3.601582672543852,150.3025935722322,42.67728385814528,0.9987648505461258,2.0077794375811244
3054,0.5,557.3428571428572,44.26571428571429,3.6723498953563336,3.5912510982291397,150.30668589507118,42.25978776209277,0.9987382924249882,2.0015581478044524
3055,0.5,557.2142857142857,44.27857142857143,3.672265288521573,3.598358482817871,150.31077687858016,42.88018977815369,0.9987317620846344,2.0050567517473006
3056,0.5,557.0857142857142,44.29142857142858,3.67164099769178,3.60071704311736,150.31486652363543,42.40263007704302,0.9987365404560455,2.005908025905779
3057,0.5,556.9571428571428,44.30428571428572,3.668963054043928,3.588542420760031,150.3189548311126,42.73872365354454,0.9987555194174547,1.9986643336881615
3058,0.5,556.8285714285714,44.317142857142855,3.6759319871925022,3.607502705900762,150.3230418018863,42.44577072029537,0.9987370063020946,2.0087605781514273
3059,0.5,556.6999999999999,44.330000000000005,3.6730471949272627,3.598354302179795,150.32712743683032,42.79962459489473,0.9987016681516396,2.0032038400234917
3060,0.5,556.5714285714284,44.34285714285715,3.676561809892783,3.595605530078625,150.33121173681764,42.64322445349947,0.9988022143691596,2.0012113064551884
3061,0.5,556.4428571428571,44.3557142857143,3.673970039125742,3.6007178132459874,150.33529470272035,42.148665828868765,0.998821407512804,2.0035937077677777
3062,0.5,556.3142857142857,44.368571428571435,3.6756874750233575,3.5983991318089923,150.33937633540967,41.93203017728915,0.9986903071288388,2.0018408427272254
3063,0.5,556.1857142857143,44.38142857142857,3.672256859640755,3.591141904798659,150.34345663575604,42.57779666484797,0.998762949003508,1.997341825421803
3064,0.5,556.0571428571428,44.39428571428572,3.6735719796984996,3.5977223816456756,150.3475356046289,42.87017335625701,0.9987523515884307,2.0005392283310894
3065,0.5,555.9285714285713,44.407142857142865,3.6779455040518485,3.600910944504871,150.35161324289697,42.60548491026251,0.998696833708057,2.0018492772201006
3066,0.5,555.8,44.42,3.672870988949094,3.6003793964378366,150.35568955142816,42.673568718018615,0.9987919634581388,2.001090868540149
3067,0.5,555.6714285714286,44.43285714285714,3.675240920038824,3.5979960049254816,150.35976453108935,41.70343669518162,0.9986328595481436,1.999303580051235
3068,0.5,555.5428571428571,44.44571428571429,3.6774634461160987,3.5988750320594174,150.3638381827467,42.87208020573683,0.9987097024391126,1.9993293178103801
3069,0.5,555.4142857142856,44.45857142857144,3.6716552023361646,3.5985739117121023,150.36791050726555,42.821092536123295,0.9987794012060073,1.99869935876364
3070,0.5,555.2857142857141,44.47142857142858,3.6723114208018917,3.599558163375165,150.3719815055103,42.57950996043911,0.9988288900234987,1.9987832258627516
3071,0.5,555.1571428571428,44.48428571428572,3.6740785053588327,3.601717675414077,150.37605117834454,42.12778277867422,0.9988233898179049,1.999519294060949
3072,0.5,555.0285714285715,44.497142857142855,3.6765127775600313,3.598718924069606,150.38011952663106,42.95100338295673,0.9986945312375385,1.9973918233993193
3073,0.5,554.9,44.510000000000005,3.673778217448871,3.5974265710321993,150.38418655123175,42.12065619747178,0.9987274226628892,1.9962120042657674
3074,0.5,554.7714285714285,44.522857142857156,3.672236086951083,3.6003596650719,150.38825225300775,42.236442936613464,0.9987085145565043,1.9973766747628876
3075,0.5,554.6428571428571,44.53571428571429,3.6712994462229904,3.5984304868692614,150.3923166328192,42.65142624870702,0.9987782958869452,1.9958437664671294
3076,0.5,554.5142857142857,44.54857142857143,3.6720126523017136,3.5974552769212216,150.39637969152554,42.874199376559524,0.9987182534123216,1.994840343271059
3077,0.5,554.3857142857142,44.56142857142857,3.6725016986606493,3.5977945550544823,150.4004414299853,42.72210245363153,0.9987397587910904,1.9945659042571326
3078,0.5,554.2571428571428,44.57428571428572,3.670712756891526,3.593965590399222,150.40450184905626,42.26662741675571,0.9988826137827916,1.991981099661557
3079,0.5,554.1285714285713,44.58714285714287,3.673693855466269,3.5933834612587843,150.40856094959526,42.47835044894119,0.9986779844453888,1.9911964439823848
3080,0.5,553.9999999999999,44.60000000000001,3.6779194337943206,3.604592287235946,150.41261873245836,42.45977660455332,0.9987982980471882,1.9969441271287136
3081,0.5,553.8714285714286,44.612857142857145,3.675259133287128,3.5978499645379074,150.41667519850077,42.29439514000782,0.998672440749752,1.9927462996442746
3082,0.5,553.7428571428571,44.62571428571429,3.6726169682768064,3.5972071319701517,150.42073034857688,42.54815638947711,0.998766349743711,1.9919277549918144
3083,0.5,553.6142857142856,44.63857142857144,3.6738567234201196,3.598424637678266,150.42478418354025,42.89555140591317,0.9986452299296127,1.9921392854849402
3084,0.5,553.4857142857143,44.651428571428575,3.673033826695347,3.5941735435974445,150.4288367042436,42.748619845561485,0.9987789858882887,1.9893237110448483
3085,0.5,553.3571428571429,44.66428571428571,3.6718216268999138,3.5903448105718696,150.43288791153884,43.22621864455005,0.9988066584535993,1.9867429462500197
3086,0.5,553.2285714285714,44.67714285714286,3.675656132735972,3.59747302212209,150.43693780627697,42.815816915181934,0.9987504169931928,1.9902248607814292
3087,0.5,553.0999999999999,44.690000000000005,3.6739540338938945,3.602866768340086,150.44098638930834,43.31453122696774,0.9987464495581158,1.9927456095689013
3088,0.5,552.9714285714284,44.702857142857155,3.674012526456099,3.603203622281571,150.44503366148228,42.67171018144781,0.9987330830547985,1.9924686544467858
3089,0.5,552.842857142857,44.71571428571429,3.673391863118033,3.603656489890552,150.4490796236474,43.074535675298605,0.9986094101133157,1.9922557500324922
3090,0.5,552.7142857142857,44.72857142857143,3.6768943270525445,3.6012125845557854,150.45312427665147,42.26080709509659,0.9988039239929721,1.9904416413780475
3091,0.5,552.5857142857143,44.74142857142858,3.674217216497281,3.5994488352189875,150.4571676213414,42.67357587246812,0.9988093399857964,1.9890040056443665
3092,0.5,552.4571428571428,44.75428571428572,3.674693446908619,3.597337854142547,150.46120965856338,42.12746482965588,0.998692159697972,1.9873749927914366
3093,0.5,552.3285714285714,44.76714285714286,3.6721892866250525,3.595509532435776,150.46525038916266,43.02873085263946,0.9986784828348395,1.9859026436080631
3094,0.5,552.2,44.78,3.672698350941125,3.6020106298567685,150.46928981398372,42.41231129039773,0.9987608504594163,1.9890302698069076
3095,0.5,552.0714285714286,44.792857142857144,3.6723690295659766,3.60348514443281,150.47332793387022,42.82706390391573,0.9986818533755842,1.989381191522942
3096,0.5,551.9428571428571,44.805714285714295,3.6708469701665254,3.5931306060940167,150.47736474966504,42.324784727090204,0.9987817408195578,1.9832027728149775
3097,0.5,551.8142857142856,44.81857142857144,3.670308597552483,3.59645816960926,150.48140026221017,42.76937525369999,0.9988047572560023,1.9845769959642408
3098,0.5,551.6857142857142,44.831428571428575,3.67633121086908,3.6053751116567994,150.48543447234687,42.512407376656405,0.9987367473070855,1.989033943742318
3099,0.5,551.5571428571428,44.84428571428572,3.6708531079490325,3.601966945394784,150.48946738091547,42.69006012782134,0.9988098818445758,1.9866905970678173
3100,0.5,551.4285714285713,44.85714285714286,3.674912822406311,3.598389417676261,150.49349898875562,42.47504922561315,0.9987250410450427,1.9842547360329095
3101,0.5,551.3,44.87000000000001,3.67221099882685,3.596349182913412,150.49752929670606,43.12833130603443,0.9987976275593138,1.982667304540164
3102,0.5,551.1714285714286,44.88285714285715,3.6767251333104842,3.596581164414897,150.50155830560473,42.394160659328946,0.9987143178450485,1.9823327783636506
3103,0.5,551.0428571428572,44.895714285714284,3.6776550887952975,3.6094766404212795,150.50558601628887,42.58979356419833,0.9987386921569514,1.9889763207281432
3104,0.5,550.9142857142857,44.908571428571435,3.673561130791718,3.6039320881574644,150.50961242959474,42.940709608601985,0.9988116455926206,1.9854576721100636
3105,0.5,550.7857142857142,44.92142857142858,3.6735635385838052,3.5962135387475764,150.51363754635793,42.50166231793012,0.9986982725614575,1.98074304266304
3106,0.5,550.6571428571427,44.93428571428573,3.6747219107011113,3.60262371667568,150.5176613674131,43.42417876843006,0.9987634771487447,1.9838104826140104
3107,0.5,550.5285714285714,44.947142857142865,3.6731680200005066,3.5959763005001752,150.52168389359423,42.81886040340262,0.9987760793570769,1.9796876956053604
3108,0.5,550.4,44.96,3.6685995413318375,3.590274536907261,150.52570512573442,42.36074087696559,0.9988365187940023,1.9760871051137563
3109,0.5,550.2714285714285,44.97285714285715,3.6746536433291497,3.598075303009836,150.529725064666,42.897303591411664,0.998801961554693,1.979918037094798
3110,0.5,550.142857142857,44.985714285714295,3.672114159173681,3.5979386695343125,150.53374371122047,42.7431769605213,0.9987509401522876,1.9793802594823762
3111,0.5,550.0142857142857,44.998571428571424,3.673530883116273,3.6000668779436964,150.53776106622854,42.60095247971299,0.9986883237431277,1.980088212395861
3112,0.5,549.8857142857144,45.01142857142857,3.673516970528429,3.597423316804905,150.5417771305201,42.79261990826896,0.9987945526044635,1.978171690149349
3113,0.5,549.7571428571429,45.02428571428572,3.671943041144003,3.5960865684228116,150.5457919049243,42.88850022621617,0.9987293580574087,1.9769742773230723
3114,0.5,549.6285714285714,45.03714285714287,3.6721590558836943,3.594058003432678,150.5498053902694,42.387377376720785,0.9987182511736634,1.9753969660581263
3115,0.5,549.4999999999999,45.05000000000001,3.6752111948784107,3.606041657036331,150.55381758738298,42.68541615877522,0.9987532415101185,1.9815198905414635
3116,0.5,549.3714285714285,45.06285714285715,3.6741219745057743,3.600171366930395,150.55782849709172,42.52242761739873,0.998776579015106,1.9778312869525037
3117,0.5,549.2428571428571,45.075714285714284,3.674288152241228,3.5942795620449735,150.56183812022152,42.96771030844239,0.9987571782960181,1.9741323760277585
3118,0.5,549.1142857142856,45.088571428571434,3.671163551602166,3.5930928469614947,150.56584645759753,43.20519173690776,0.9987651474452643,1.97301861216437
3119,0.5,548.9857142857142,45.101428571428585,3.6769251171623836,3.597888449669921,150.5698535100441,42.67278613175007,0.9987004997190396,1.9751893604623625
3120,0.5,548.8571428571428,45.11428571428572,3.6713013665401597,3.5938299853081466,150.57385927838473,42.82305627510976,0.9986567984207498,1.9724992576505567
3121,0.5,548.7285714285714,45.12714285714286,3.6715251454805053,3.5944420028170723,150.57786376344222,43.1638719649959,0.9987283283278958,1.972373025288665
3122,0.5,548.6,45.14,3.673924498880639,3.5977948126093913,150.5818669660385,42.563908789978015,0.9987216718744876,1.9737502341975122
3123,0.5,548.4714285714285,45.15285714285715,3.6746619707910364,3.602734343355095,150.5858688869947,43.204886768688944,0.9988486291520666,1.9759968520633164
3124,0.5,548.342857142857,45.1657142857143,3.67703479806678,3.601706372518722,150.58986952713127,42.8097283323752,0.99873981105278,1.9749699628965516
3125,0.5,548.2142857142857,45.17857142857144,3.673273594708053,3.5964043293204924,150.59386888726777,42.39955050085919,0.9987517591830878,1.9716002305381983
3126,0.5,548.0857142857143,45.191428571428574,3.6714985009457486,3.5956445975892377,150.597866968223,42.39341289316186,0.9987872434663662,1.970721437587267
3127,0.5,547.9571428571428,45.20428571428572,3.6700022746688763,3.600412306725671,150.60186377081502,42.594090103793334,0.9987566957047981,1.9728716407010936
3128,0.5,547.8285714285713,45.21714285714287,3.6726448081057805,3.5941094664885225,150.60585929586102,42.65632880587792,0.9987625408677888,1.968955854584312
3129,0.5,547.6999999999999,45.230000000000004,3.671934512214714,3.5993176811653775,150.6098535441775,42.84599359914628,0.9986983231250556,1.971346293974277
3130,0.5,547.5714285714284,45.242857142857154,3.673122652599249,3.599726852232657,150.61384651658008,43.093836108422636,0.9988273101841163,1.9711075749439673
3131,0.5,547.4428571428571,45.25571428571429,3.671348147374555,3.5925304545685957,150.6178382138837,43.19787128785516,0.9986946947414284,1.9667051364217591
3132,0.5,547.3142857142857,45.268571428571434,3.673018529659817,3.594646542198966,150.6218286369024,42.768675061718945,0.9987042948107344,1.967401404638954
3133,0.5,547.1857142857142,45.281428571428584,3.6734363824438976,3.5992397714611486,150.62581778644957,42.75672678948359,0.9986969246360874,1.9694525852325193
3134,0.5,547.0571428571428,45.29428571428572,3.6745411941190826,3.5947344190952792,150.62980566333778,42.83941028126736,0.9987200461551516,1.9665251406404947
3135,0.5,546.9285714285714,45.30714285714286,3.673334475565837,3.60173718752226,150.63379226837873,43.07770912048459,0.9987723105014296,1.9698929746327103
3136,0.5,546.8,45.32000000000001,3.6715543942917215,3.5960278961887924,150.6377776023835,42.487649530906346,0.9987581803567974,1.9663080536360313
3137,0.5,546.6714285714285,45.33285714285715,3.670563587015821,3.59816440662427,150.64176166616224,42.85320417433168,0.9988130014051156,1.967013676404156
3138,0.5,546.5428571428571,45.34571428571429,3.6717193885654873,3.595719464455796,150.6457444605244,42.50429562673342,0.9987814787199718,1.9652147895878547
3139,0.5,546.4142857142856,45.35857142857144,3.673447939306883,3.6010466879102583,150.64972598627875,42.3451049730333,0.9987506798759812,1.9676633537982777
3140,0.5,546.2857142857142,45.371428571428574,3.6759334509882393,3.605683656830137,150.6537062442331,42.66094059063638,0.998837201533613,1.9697334719597774
3141,0.5,546.1571428571427,45.384285714285724,3.670287453853719,3.591785978446591,150.65768523519458,43.26896579094347,0.9986779839017385,1.961679567742737
3142,0.5,546.0285714285714,45.39714285714287,3.6729566316613527,3.5963895803855754,150.6616629599696,43.55074041866075,0.9987361055854812,1.9637314648785351
3143,0.5,545.9,45.410000000000004,3.6764546579925965,3.60303221830666,150.6656394193637,42.70968498047122,0.9988299148904869,1.9668952879736057
3144,0.5,545.7714285714286,45.42285714285714,3.6730788124336784,3.5993839203024867,150.66961461418177,43.0981474494751,0.998823771854883,1.9644409041605173
3145,0.5,545.6428571428571,45.43571428571429,3.6698838696583076,3.599532734406753,150.6735885452278,42.48394906178903,0.998683442398437,1.9640593255809418
3146,0.5,545.5142857142856,45.44857142857144,3.6696499441912724,3.595040517346767,150.6775612133051,42.94284383964262,0.9987527585127074,1.9611459599343375
3147,0.5,545.3857142857142,45.46142857142858,3.6687445547393613,3.590958673182164,150.68153261921617,43.16230856683567,0.9987725393310848,1.958457560943935
3148,0.5,545.2571428571428,45.47428571428572,3.669996674155252,3.593814587076948,150.6855027637628,43.1958281645582,0.9987833239650266,1.9595530737078988
3149,0.5,545.1285714285714,45.48714285714286,3.6670900911874567,3.5933765183229416,150.689471647746,42.75524658872218,0.998629528720095,1.9588522080383588
3150,0.5,544.9999999999999,45.50000000000001,3.6756201413258944,3.5996113602095767,150.69343927196593,43.19683045608613,0.9987732076037261,1.961788191314219
3151,0.5,544.8714285714284,45.51285714285716,3.6727307663142787,3.595763546937141,150.69740563722212,42.790915925927386,0.9987631329330644,1.9592288206247064
3152,0.5,544.7428571428571,45.525714285714294,3.6728770091263128,3.5980549856941892,150.70137074431327,42.8015211475466,0.998644426603379,1.9600147530641545
3153,0.5,544.6142857142858,45.53857142857143,3.6750832058260072,3.598058053264044,150.7053345940373,43.281114344178405,0.9988261038198019,1.9595538166369308
3154,0.5,544.4857142857143,45.55142857142857,3.677426574154381,3.600724415620785,150.70929718719142,42.45234698373445,0.9986872392509661,1.9605430053852941
3155,0.5,544.3571428571428,45.564285714285724,3.6768213729481993,3.6009860880251656,150.71325852457207,43.175206841748164,0.9987408641462676,1.9602224983456988
3156,0.5,544.2285714285714,45.57714285714286,3.6720342815346565,3.599528920814481,150.71721860697488,43.59141895751361,0.9988564262500845,1.9589664823906923
3157,0.5,544.0999999999999,45.59000000000001,3.6734030200685024,3.5937288703393993,150.72117743519485,43.296174416739454,0.9987188868745386,1.955347878351667
3158,0.5,543.9714285714285,45.60285714285715,3.671467636086638,3.5890058148484956,150.72513501002607,43.399108303122716,0.9987631911550945,1.9523166202543
3159,0.5,543.842857142857,45.61571428571429,3.67273995559794,3.5968629701918653,150.729091332262,43.29314068557748,0.998696345903257,1.956128234460487
3160,0.5,543.7142857142856,45.62857142857144,3.6745239700739103,3.604272826803877,150.73304640269524,43.14382283765387,0.9987670311372249,1.9596946255450787
3161,0.5,543.5857142857142,45.64142857142858,3.6682011067029356,3.5919779246498904,150.7370002221177,42.41213288941131,0.998736147996862,1.952547885869328
3162,0.5,543.4571428571429,45.65428571428571,3.6740067039039452,3.5993476498168158,150.7409527913206,42.954470385807845,0.9987801362275187,1.956091189919019
3163,0.5,543.3285714285714,45.66714285714286,3.6720751896294916,3.5970553127628353,150.7449041110943,43.07427814797168,0.9986444423032738,1.9543829244329844
3164,0.5,543.1999999999999,45.68000000000001,3.671802169612195,3.596747156131071,150.74885418222846,42.92941699556895,0.9987204227255849,1.9537530552103974
3165,0.5,543.0714285714286,45.69285714285714,3.675356219764523,3.5994080029823987,150.75280300551196,43.080020669596635,0.9987189114762264,1.954735646191084
3166,0.5,542.9428571428571,45.70571428571429,3.6694040305729296,3.598456863007966,150.756750581733,43.03221724256168,0.9987378937855709,1.9537564505068676
3167,0.5,542.8142857142857,45.71857142857143,3.671112714958197,3.591644204335004,150.76069691167896,42.819956743957086,0.998805952413038,1.9495957833159592
3168,0.5,542.6857142857142,45.73142857142858,3.6746836097435187,3.59512293162691,150.7646419961365,42.87368069993848,0.9987536521750644,1.9510218560949006
3169,0.5,542.5571428571427,45.74428571428572,3.675537785234489,3.598474996414655,150.7685858358916,42.77967831864419,0.998709649025684,1.9523783126976022
3170,0.5,542.4285714285713,45.75714285714286,3.672083166394066,3.6032958374719044,150.77252843172934,43.22448401677894,0.9987180040036122,1.9545306135544027
3171,0.5,542.3,45.769999999999996,3.671657840808134,3.59399754929938,150.77646978443425,42.972947746464754,0.9987268448276627,1.9490248709850537
3172,0.5,542.1714285714286,45.78285714285715,3.673880090913096,3.593446102807832,150.78040989478993,43.2179975901688,0.9987403651301366,1.948263807053755
3173,0.5,542.0428571428571,45.7957142857143,3.671712988418368,3.597560036157354,150.78434876357943,43.297012374162954,0.9986456661857287,1.9500317207416924
3174,0.5,541.9142857142857,45.80857142857143,3.672697276999907,3.596987564746057,150.7882863915849,43.67935141842718,0.9987355964044557,1.9492589468725274
3175,0.5,541.7857142857142,45.82142857142858,3.6744071537876266,3.5959821754457773,150.79222277958783,43.37666669683135,0.9987861723384462,1.9482517714825869
3176,0.5,541.6571428571428,45.83428571428571,3.6740347169420122,3.596225558680543,150.79615792836896,43.51739001666115,0.9986650542791699,1.9479212611847354
3177,0.5,541.5285714285714,45.84714285714286,3.673294495524213,3.598838633672593,150.80009183870825,43.097418407361644,0.9986957029604243,1.9488739440946707
3178,0.5,541.3999999999999,45.860000000000014,3.6724636525186343,3.595827719202287,150.80402451138502,43.778657251048784,0.9987945944029842,1.9467811271761177
3179,0.5,541.2714285714285,45.87285714285715,3.6760173000148884,3.6007415381907033,150.8079559471778,43.17591266201954,0.9987434381730881,1.9489785162929647
3180,0.5,541.1428571428571,45.885714285714286,3.6740121127240593,3.599867905659717,150.81188614686428,42.83611518428171,0.9987170101952654,1.9480428038055724
3181,0.5,541.0142857142856,45.89857142857143,3.6743934286174276,3.6074177555926537,150.81581511122167,43.02537562059513,0.998707605598403,1.951664540314991
3182,0.5,540.8857142857142,45.91142857142858,3.67174169269719,3.6007086012366045,150.81974284102614,43.25340880464453,0.9987139210072098,1.947571843714576
3183,0.5,540.7571428571429,45.924285714285716,3.672534917764571,3.5974328936610434,150.82366933705342,43.27802571301876,0.998756822928443,1.9453375331964495
3184,0.5,540.6285714285714,45.93714285714287,3.6739833238659663,3.601515853605327,150.8275946000783,43.65297151486321,0.9987138541712444,1.9470823709119998
3185,0.5,540.5,45.95,3.6721982872340093,3.59564336878287,150.8315186308749,43.30179040733765,0.9987676305763319,1.9434452408271412
3186,0.5,540.3714285714285,45.962857142857146,3.6736115480994918,3.598103863416765,150.8354414302167,42.94051213773333,0.9986765898651812,1.9443125248228932
3187,0.5,540.242857142857,45.9757142857143,3.670504893676216,3.592960979963998,150.8393629988763,43.14163408700337,0.9987782569377427,1.94107150541855
3188,0.5,540.1142857142856,45.98857142857143,3.673877850101286,3.5940897466202277,150.8432833376257,42.78760066976943,0.9987128292988664,1.9412192162888222
3189,0.5,539.9857142857143,46.00142857142857,3.673891643996003,3.598013786439174,150.84720244723613,43.225818222514775,0.9987083829335358,1.942876044480205
3190,0.5,539.8571428571428,46.01428571428572,3.6740875713213073,3.59972116279247,150.85112032847806,43.18386494917222,0.9986574312261453,1.9433351820275346
3191,0.5,539.7285714285713,46.02714285714286,3.672720656898366,3.596177576204223,150.85503698212125,43.277402193626834,0.9986474654803604,1.9409597858081673
3192,0.5,539.6,46.040000000000006,3.6756694989875656,3.600613183227836,150.85895240893475,43.57974319798211,0.998761458237476,1.9428908736697403
3193,0.5,539.4714285714285,46.05285714285715,3.674006911794746,3.597149515545604,150.86286660968696,43.0561450532289,0.9986579708869849,1.940559387936409
3194,0.5,539.3428571428572,46.065714285714286,3.6737893050878547,3.5992974011387133,150.86677958514545,43.426932796899244,0.9986799604341549,1.9412553440370142
3195,0.5,539.2142857142857,46.078571428571436,3.6722406280422573,3.59337630596968,150.87069133607707,42.74777293280435,0.9987263055846094,1.9375998381260795
3196,0.5,539.0857142857142,46.09142857142858,3.6694369872540467,3.6043512863796057,150.87460186324802,43.40910827043975,0.9987879454563052,1.9430542877545824
3197,0.5,538.9571428571428,46.10428571428572,3.6741366786021312,3.5994393888478804,150.87851116742374,42.942779209563504,0.9987381283959033,1.9399435689009137
3198,0.5,538.8285714285714,46.11714285714286,3.675762260220406,3.5976339532952606,150.88241924936898,43.60406972293031,0.9987162132493187,1.938507963577009
3199,0.5,538.6999999999999,46.13,3.6740897203972462,3.5966967995213914,150.88632610984774,43.593599587373724,0.9987906901258184,1.9375405659021734
3200,0.5,538.5714285714284,46.14285714285715,3.671924626921458,3.5968027653508186,150.8902317496233,43.45332876796224,0.9987592384915256,1.9371352036246547
3201,0.5,538.4428571428571,46.15571428571429,3.6751294267771164,3.5994096061565566,150.89413616945825,43.25085443562423,0.9987305795770258,1.9380763923663822
3202,0.5,538.3142857142857,46.16857142857144,3.673055834344822,3.5933379328148467,150.89803937011447,43.4847285374507,0.9987848428012769,1.9343451426332723
3203,0.5,538.1857142857143,46.181428571428576,3.672651346871836,3.5984258462166925,150.90194135235313,43.17023909644747,0.9987434422055791,1.9366213843503066
3204,0.5,538.0571428571428,46.19428571428572,3.672065045955416,3.5971480726898264,150.90584211693462,43.10970149461388,0.998752017366525,1.935471214425566
3205,0.5,537.9285714285713,46.20714285714287,3.6747014175149775,3.5981943002375054,150.90974166461874,43.362576249183014,0.9987824529052903,1.9355715196491892
3206,0.5,537.8,46.220000000000006,3.6719179982381362,3.5933095220672233,150.91363999616442,43.487439319648566,0.9987156123114067,1.9324818609677525
3207,0.5,537.6714285714286,46.23285714285714,3.672949208566373,3.597287247934051,150.91753711233008,43.43409969394898,0.9987206499252752,1.934158573578484
3208,0.5,537.5428571428571,46.24571428571429,3.67124117136861,3.5988390856872097,150.9214330138732,43.27770635721344,0.998760528215747,1.9345302445176902
3209,0.5,537.4142857142856,46.258571428571436,3.6756271332451047,3.598277852483661,150.92532770155077,43.295214785469625,0.9987289962166831,1.9337659218940402
3210,0.5,537.2857142857142,46.27142857142857,3.671818169048906,3.5980008211436236,150.92922117611894,43.03206867618171,0.9986693779986965,1.933154441188738
3211,0.5,537.1571428571427,46.28428571428572,3.671309666380681,3.5965029674448847,150.93311343833315,43.516337042287475,0.9987543331988952,1.9318872582699296
3212,0.5,537.0285714285715,46.297142857142845,3.6716486223936493,3.5908057560519575,150.93700448894822,43.54362824295528,0.998688479410368,1.9283652854500741
3213,0.5,536.9,46.31000000000001,3.672923819357507,3.5972532489572746,150.94089432871823,43.06542605215268,0.9987415546982934,1.9313652693651606
3214,0.5,536.7714285714285,46.32285714285715,3.6726541487716746,3.5997615835620906,150.9447829583965,43.428884745188256,0.9988253252456077,1.932249167725171
3215,0.5,536.6428571428571,46.33571428571429,3.67049518599948,3.6011852967623112,150.94867037873573,43.891036722167954,0.998709329842703,1.9325503667553745
3216,0.5,536.5142857142857,46.348571428571425,3.6697216311755176,3.5929120005843296,150.95255659048783,43.2809699032923,0.9987530443985244,1.927648615627787
3217,0.5,536.3857142857142,46.361428571428576,3.6734127015890023,3.5998289256068774,150.9564415944041,42.845910620961945,0.9986256818363074,1.9308968095680201
3218,0.5,536.2571428571428,46.374285714285726,3.672529389604939,3.601035673112102,150.9603253912351,43.433813813404186,0.9988164081642877,1.9310811013897438
3219,0.5,536.1285714285713,46.38714285714287,3.6699206624523395,3.5946806581460087,150.96420798173068,43.750450092215075,0.9987313564438473,1.9272110059937362
3220,0.5,535.9999999999999,46.400000000000006,3.674908250255105,3.602247886199173,150.96808936664,43.31187533004455,0.9987095674342663,1.9308048670027562
3221,0.5,535.8714285714285,46.41285714285714,3.6694396124479716,3.5941854970258644,150.9719695467115,43.99109888197806,0.9986441380334491,1.9260213168419598
3222,0.5,535.742857142857,46.42571428571431,3.67192515852678,3.5996985066168636,150.97584852269296,43.50251270285819,0.9986366311361667,1.928512762787794
3223,0.5,535.6142857142856,46.43857142857144,3.671954645004416,3.5981093974838485,150.9797262953315,43.47746003672964,0.9987094910654702,1.9271987948551703
3224,0.5,535.4857142857143,46.45142857142858,3.6721898953562673,3.6009452343831563,150.9836028653734,43.16171891838654,0.9988062157916634,1.9282547309374032
3225,0.5,535.3571428571429,46.464285714285715,3.671004023820636,3.5956947624210875,150.98747823356442,43.391022786837354,0.9987670387816826,1.9249808745961465
3226,0.5,535.2285714285714,46.47714285714286,3.6748272017983443,3.5989541168378185,150.9913524006495,42.88945050994216,0.9987024018682337,1.9262630705920816
3227,0.5,535.0999999999999,46.49000000000001,3.6690436704369804,3.5875590572654676,150.995225367373,43.315742545618676,0.9987088281110151,1.9197028515427514
3228,0.5,534.9714285714284,46.50285714285716,3.6717591025092826,3.5913934207405527,150.99909713447843,43.62789079689912,0.9988075555338234,1.9212928688556026
3229,0.5,534.842857142857,46.515714285714296,3.671374210878358,3.601068679483598,151.0029677027088,42.96075309378177,0.9987662057450025,1.926005861302663
3230,0.5,534.7142857142857,46.52857142857143,3.6736346843395076,3.5982911407957996,151.00683707280623,43.499071787801114,0.9987320428449675,1.924057677142668
3231,0.5,534.5857142857142,46.541428571428575,3.6701104579680903,3.590459983793675,151.01070524551233,43.758168347032594,0.9987495979228156,1.9194086150506156
3232,0.5,534.4571428571428,46.55428571428571,3.673021093813469,3.5966035461945296,151.0145722215679,43.200039657317596,0.9986777128406435,1.9222304552889962
3233,0.5,534.3285714285714,46.56714285714286,3.6692576815894253,3.590936442158082,151.01843800171315,43.66123757994587,0.9987479273026079,1.9187399392291247
3234,0.5,534.2,46.58,3.671543807789359,3.6006664726497633,151.02230258668752,43.30873244686236,0.9987314180909485,1.9234760296895037
3235,0.5,534.0714285714286,46.59285714285715,3.6755009455937784,3.605408498894735,151.02616597722977,43.91530663713955,0.9987933433413749,1.9255456675882807
3236,0.5,533.9428571428571,46.60571428571429,3.6702216284694886,3.5937730877220164,151.03002817407804,43.30044635182277,0.9987958447908547,1.918869470381401
3237,0.5,533.8142857142856,46.61857142857144,3.6693513432010745,3.5925258856594584,151.03388917796977,43.31463526295308,0.9986826451221535,1.917741639563385
3238,0.5,533.6857142857142,46.63142857142858,3.6702601821303253,3.5997982669646618,151.0377489896416,43.74178202018204,0.9987312358067093,1.9211609093895115
3239,0.5,533.5571428571428,46.644285714285715,3.669637558474558,3.5925581306890892,151.0416076098297,43.58413051595496,0.9987110219106434,1.9168350517586685
3240,0.5,533.4285714285713,46.657142857142865,3.6717885229276144,3.5947039824593263,151.04546503926935,43.61784328946599,0.998729610572003,1.9175178100718744
3241,0.5,533.2999999999998,46.67000000000001,3.673408446430976,3.600856993179204,151.04932127869526,43.72423559002103,0.9987087532704173,1.9203370344624688
3242,0.5,533.1714285714285,46.682857142857145,3.672147096333247,3.5885886268047456,151.0531763288415,43.362918553840345,0.9987659825298835,1.913332924708667
3243,0.5,533.0428571428572,46.69571428571429,3.671995021312581,3.5929726924891376,151.0570301904413,43.18013519216387,0.9987049741029334,1.9152084296406744
3244,0.5,532.9142857142857,46.70857142857143,3.670712476809732,3.5928390976436693,151.06088286422738,43.850916571499994,0.9987988768950984,1.9146752814071348
3245,0.5,532.7857142857142,46.72142857142858,3.6728256902608,3.5942844199277078,151.0647343509317,44.037644646454225,0.9987947892020795,1.9149833920171977
3246,0.5,532.6571428571427,46.734285714285726,3.671859555674294,3.598538864437196,151.06858465128556,43.31325481505066,0.998671368095257,1.9167874299915038
3247,0.5,532.5285714285714,46.74714285714286,3.6755923253648923,3.60192515037695,151.0724337660196,43.56781450260654,0.9987362292532584,1.9181280547228794
3248,0.5,532.4,46.760000000000005,3.6722257151727824,3.598829634088046,151.07628169586377,43.908364988604795,0.9988043566364049,1.9160168971884755
3249,0.5,532.2714285714285,46.77285714285715,3.670169921583818,3.594620137214991,151.0801284415473,43.58245371805332,0.9986470863606463,1.9133135956070475
3250,0.5,532.142857142857,46.7857142857143,3.675310083298804,3.6003847883996625,151.08397400379883,43.12545882005125,0.998725061471182,1.915919048112677
3251,0.5,532.0142857142856,46.798571428571435,3.6710964970231954,3.5919685467863762,151.08781838334627,43.9649087952003,0.9987379927085536,1.9109785807267345
3252,0.5,531.8857142857142,46.81142857142857,3.6725894591752066,3.60087815963421,151.09166158091688,44.04909032384571,0.9987247515579774,1.91525565199287
3253,0.5,531.7571428571429,46.82428571428572,3.670235378926282,3.593277820235744,151.0955035972373,43.73297897162844,0.998703354578926,1.9107511471805014
3254,0.5,531.6285714285714,46.837142857142865,3.6724722786447246,3.600540315315444,151.09934443303337,44.02103357772011,0.9986791436647738,1.9141501042021276
3255,0.5,531.4999999999999,46.850000000000016,3.671389982533482,3.5995884394937105,151.10318408903038,43.423342036727824,0.9987189841745343,1.913181255590907
3256,0.5,531.3714285714285,46.86285714285715,3.6727017020872843,3.601063369722804,151.10702256595292,43.4705356270861,0.9987592925408345,1.9135021871458484
3257,0.5,531.2428571428571,46.87571428571429,3.6718091488588374,3.597761814863561,151.11085986452488,43.59543273151512,0.9987326225047315,1.911285265847589
3258,0.5,531.1142857142856,46.88857142857144,3.669554441143932,3.5913630781233192,151.11469598546952,43.311938603936234,0.998716962902013,1.9074242359781248
3259,0.5,530.9857142857142,46.90142857142858,3.6720914265241387,3.5973349992559953,151.11853092950943,43.78926439848948,0.9986430648607852,1.9101334941049435
3260,0.5,530.8571428571428,46.91428571428572,3.6727920095249718,3.5958063148714,151.1223646973665,43.17862861702093,0.9986851644026459,1.908859466580303
3261,0.5,530.7285714285714,46.927142857142854,3.673334789597438,3.593874974281424,151.126197289762,44.05336871355846,0.9986601841418025,1.9073721309932739
3262,0.5,530.5999999999999,46.940000000000005,3.671406699896338,3.5966108097024607,151.1300287074165,43.36752581739957,0.9986743453167756,1.9083616956281253
3263,0.5,530.4714285714285,46.952857142857155,3.6729684545574455,3.5958818605913847,151.13385895104997,43.38795162314248,0.9987173133799444,1.9075125875619983
3264,0.5,530.342857142857,46.9657142857143,3.6720851676127495,3.5983696394262537,151.13768802138162,43.47377207885918,0.9987710709476012,1.9083696356294317
3265,0.5,530.2142857142857,46.978571428571435,3.6712137723751987,3.5909415384409624,151.14151591913011,43.36888143652531,0.9987331614723756,1.903968502846233
3266,0.5,530.0857142857143,46.99142857142857,3.6719143354037467,3.58958729494654,151.1453426450134,43.26167361678351,0.9987284290918796,1.9027889452326614
3267,0.5,529.9571428571428,47.00428571428572,3.6726249885647726,3.5927780023871634,151.14916819974866,43.780123083038845,0.9987123148594882,1.904018365065094
3268,0.5,529.8285714285713,47.01714285714287,3.671826080966286,3.596293153480048,151.15299258405264,43.768559849806984,0.9987230059585372,1.9054188639466856
3269,0.5,529.6999999999999,47.03000000000001,3.6733793375399766,3.5979699996774728,151.15681579864125,44.00557848348598,0.9987198032319538,1.905844708829157
3270,0.5,529.5714285714286,47.042857142857144,3.671095488019232,3.587935248104808,151.1606378442298,43.92114382581371,0.9987471930477057,1.9000679949606463
3271,0.5,529.4428571428571,47.05571428571429,3.668526062935791,3.5866142067675915,151.16445872153298,43.676589470196525,0.9986713947704229,1.8989072731001955
3272,0.5,529.3142857142856,47.06857142857144,3.6712135169712927,3.5999206606329937,151.16827843126475,43.673612893852024,0.9987322989898374,1.905489433111052
3273,0.5,529.1857142857142,47.08142857142859,3.6725571708537776,3.5981075827261493,151.1720969741385,43.0321069379467,0.9987504724301379,1.9040671312417818
3274,0.5,529.0571428571428,47.094285714285725,3.676155205093732,3.5998695899524202,151.1759143508669,44.01918431496799,0.9987681849126228,1.904536719918542
3275,0.5,528.9285714285714,47.10714285714286,3.675126755000799,3.5979694347487574,151.179730562162,44.222298016934104,0.9986400668912433,1.903068833165325
3276,0.5,528.8,47.120000000000005,3.672174077190376,3.597887021049819,151.1835456087352,43.66788171745946,0.9986647790614728,1.902562656731144
3277,0.5,528.6714285714285,47.132857142857155,3.674050313235419,3.5954310980272846,151.18735949129717,43.716431488609636,0.9987296827693934,1.9008016949242241
3278,0.5,528.5428571428571,47.14571428571429,3.6710457111048767,3.5950304007797946,151.1911722105581,43.65669419762642,0.9986864979292961,1.900127639543583
3279,0.5,528.4142857142857,47.15857142857143,3.670147519303512,3.5963030574379187,151.19498376722737,44.047803188887016,0.9987312568244188,1.9003379113081595
3280,0.5,528.2857142857142,47.17142857142858,3.670485196487684,3.5952837466905816,151.19879416201377,44.380836033377825,0.9987277426676675,1.8993370421802527
3281,0.5,528.1571428571427,47.18428571428572,3.668885908548108,3.586960035781882,151.20260339562546,44.085177640616195,0.9986636320429717,1.894478564041313
3282,0.5,528.0285714285712,47.19714285714287,3.67142009157036,3.5938361280830957,151.20641146876991,43.70578426775552,0.9987928263316266,1.897648156660105
3283,0.5,527.9,47.21000000000001,3.67293064111152,3.5968816219129423,151.21021838215398,43.55757868197581,0.9986338958023646,1.8987938082078422
3284,0.5,527.7714285714286,47.222857142857144,3.6722669206058307,3.5966363396177417,151.21402413648389,43.22009437948652,0.9986803696090194,1.8982018990119693
3285,0.5,527.6428571428571,47.235714285714295,3.668753649202004,3.591452868657507,151.21782873246516,43.89541109109127,0.998641882259185,1.8950044529123575
3286,0.5,527.5142857142856,47.24857142857144,3.6715737100603762,3.593500506614336,151.22163217080274,44.02102312838875,0.9987435741241322,1.8956228529605847
3287,0.5,527.3857142857142,47.261428571428574,3.6727213761471513,3.593711272051218,151.2254344522009,43.33081830989809,0.9987952553438545,1.8952719861473541
3288,0.5,527.2571428571429,47.27428571428571,3.67126367749678,3.5919481666458766,151.2292355773632,43.6044230720165,0.9987826445120788,1.8938803276366574
3289,0.5,527.1285714285714,47.28714285714286,3.6694297736471073,3.5959937300005618,151.2330355469927,43.197586379618905,0.998821214622899,1.8955510377612959
3290,0.5,526.9999999999999,47.30000000000001,3.6717427303846177,3.594438668390785,151.23683436179175,43.50595057202611,0.9986252170089289,1.8942691782419434
3291,0.5,526.8714285714284,47.312857142857155,3.6706909641275764,3.5923281485652656,151.240632022462,43.92954853261155,0.9987128062990277,1.892695063531936
3292,0.5,526.742857142857,47.32571428571429,3.6715826866812757,3.597592782999603,151.24442852970455,44.19602364800322,0.9986850257649352,1.8950063013537333
3293,0.5,526.6142857142858,47.33857142857143,3.669225337005708,3.594738088858539,151.2482238842198,43.55011663064712,0.9986226430547629,1.8930404309941764
3294,0.5,526.4857142857143,47.35142857142858,3.6691091622112815,3.5990729786415927,151.25201808670758,43.98982082171781,0.9987146228657967,1.8948605079265322
3295,0.5,526.3571428571428,47.36428571428573,3.67003999885131,3.5979733060242496,151.25581113786703,43.809422769933455,0.9986200412052636,1.8938189494351922
3296,0.5,526.2285714285714,47.377142857142864,3.666652085202849,3.5873368128833927,151.25960303839662,43.98125611643675,0.9986274531607958,1.8877591262767521
3297,0.5,526.1,47.39,3.668603700416077,3.596358713228949,151.2633937889943,44.51024996085375,0.9986134498306627,1.8920443190297502
3298,0.5,525.9714285714285,47.402857142857144,3.669228541698257,3.5926035151876845,151.26718339035727,43.64105275085314,0.9986998086329525,1.889606803174002
3299,0.5,525.842857142857,47.415714285714294,3.6670116673178192,3.589142778315342,151.27097184318214,43.82201073774924,0.9986414908969545,1.8873250932429912
3300,0.5,525.7142857142856,47.428571428571445,3.6720871982049346,3.593069790145438,151.27475914816492,43.596400065252766,0.9988017905659805,1.8889281182478868
3301,0.5,525.5857142857142,47.44142857142858,3.668245634478398,3.5976457747051342,151.27854530600092,43.313702666617,0.9987036665262674,1.8908712242453796
3302,0.5,525.4571428571428,47.45428571428572,3.6718866446943683,3.5989832160862494,151.28233031738486,43.449254577265634,0.9987625653726981,1.8911114379154914
3303,0.5,525.3285714285714,47.46714285714286,3.6737643093589303,3.600781560385647,151.28611418301085,43.32936156546534,0.9987441064970388,1.891593433143734
3304,0.5,525.1999999999999,47.48000000000001,3.6725340569940794,3.595703537098443,151.28989690357233,44.41293512063488,0.9987171326892729,1.888463497684102
3305,0.5,525.0714285714286,47.49285714285715,3.670549406394203,3.594861958639433,151.29367847976212,43.95727317154527,0.9987319619232509,1.8875593041398908
3306,0.5,524.9428571428572,47.505714285714284,3.6729122776703598,3.5965751931067103,151.29745891227242,43.42578328811955,0.9987685761108389,1.8879964577985597
3307,0.5,524.8142857142857,47.518571428571434,3.6706185683721686,3.594615518922305,151.30123820179477,43.92293867325745,0.9987065205130105,1.8865055759806957
3308,0.5,524.6857142857142,47.53142857142858,3.672477904150422,3.597121308629445,151.30501634902015,44.10683506268378,0.9987959952539465,1.8873581631906033
3309,0.5,524.5571428571427,47.54428571428573,3.6728514916297526,3.598191076919259,151.30879335463885,44.20789184944554,0.9987005124512162,1.8874568307628319
3310,0.5,524.4285714285713,47.557142857142864,3.670195433978393,3.5969170653153943,151.3125692193406,43.83265618047127,0.9986762879621858,1.8863260781104016
3311,0.5,524.3,47.57,3.6704167589454646,3.596088350965233,151.31634394381436,43.55926820692414,0.9987451753430567,1.8854291224110713
3312,0.5,524.1714285714285,47.58285714285715,3.668712987662995,3.5936125840122495,151.3201175287487,44.26252719806471,0.9987312344840625,1.8836690418939634
3313,0.5,524.0428571428571,47.595714285714294,3.6731635344307274,3.5980195917135305,151.32388997483136,44.388529048348545,0.9987310780821497,1.8855164668975346
3314,0.5,523.9142857142857,47.60857142857143,3.672700444950693,3.5947760509193847,151.32766128274952,43.80495732368284,0.9987104310468317,1.88335452702025
3315,0.5,523.7857142857143,47.62142857142857,3.6703797559003233,3.5908463278647376,151.33143145318982,43.46851775219498,0.9988231661568477,1.880834008730866
3316,0.5,523.6571428571428,47.63428571428572,3.6709494849954964,3.595324862805195,151.33520048683815,44.2852310506301,0.9987296798583485,1.8827175452998175
3317,0.5,523.5285714285714,47.64714285714287,3.673296177352007,3.5957283179134882,151.33896838437988,43.834111686216595,0.998710038994855,1.8824665095225084
3318,0.5,523.3999999999999,47.66000000000001,3.670893654807411,3.5905268379151276,151.34273514649968,44.25179452592439,0.9986897764263342,1.8792817469647773
3319,0.5,523.2714285714285,47.67285714285715,3.671387432882719,3.5934843016631985,151.34650077388167,44.04462480330897,0.9987141876756983,1.880367664080304
3320,0.5,523.1428571428571,47.68571428571428,3.670116565548481,3.5992770538226857,151.35026526720935,44.099517903284344,0.9986877784762069,1.8829360815855247
3321,0.5,523.0142857142856,47.698571428571434,3.671137347280766,3.595690187332449,151.3540286271655,44.39080452754376,0.9987872825608081,1.8805973349775464
3322,0.5,522.8857142857141,47.711428571428584,3.6722748296621206,3.589702390721507,151.35779085443244,43.649954040278416,0.9987354573268576,1.8770040986455507
3323,0.5,522.7571428571428,47.72428571428573,3.6683565636327393,3.5937389611265353,151.36155194969174,43.467489747589724,0.9987887080998691,1.878652711492904
3324,0.5,522.6285714285715,47.73714285714286,3.670998179033224,3.594535716382465,151.36531191362442,43.595560166195526,0.9986754112938271,1.8786070664019443
3325,0.5,522.5,47.75,3.667043543203136,3.59172065334621,151.3690707469109,43.9518536783574,0.9987437010324058,1.8766740413733949
3326,0.5,522.3714285714285,47.76285714285715,3.670892846220981,3.5978126125173553,151.37282845023097,44.1400011062253,0.9987333526193383,1.8793945141329944
3327,0.5,522.242857142857,47.7757142857143,3.6720300662518737,3.5946363384040256,151.37658502426373,43.97949232248738,0.9987152896537695,1.8772731517576562
3328,0.5,522.1142857142856,47.78857142857144,3.671910835854961,3.5908517312768886,151.3803404696878,44.44484140483667,0.9986665668703603,1.8748349867815386
3329,0.5,521.9857142857143,47.80142857142857,3.67254152207183,3.5973681455053237,151.3840947871811,43.77901129256602,0.9987786344930718,1.8777747809802718
3330,0.5,521.8571428571428,47.81428571428572,3.6721256687139308,3.5946475810452756,151.387847977421,43.590424835676075,0.998741034869363,1.8758925162226272
3331,0.5,521.7285714285713,47.82714285714287,3.6720902613377584,3.5956628238383916,151.39160004108416,44.35021460758721,0.9987774912462045,1.8759600284200266
3332,0.5,521.5999999999999,47.84,3.67372555352509,3.5967589359074315,151.39535097884675,43.774678072377135,0.9987325225293513,1.876069460969316
3333,0.5,521.4714285714285,47.85285714285714,3.671159754563991,3.5948802427514748,151.39910079138423,43.589913952833236,0.9987021965908977,1.8746273357308152
3334,0.5,521.3428571428572,47.86571428571429,3.67065267799544,3.5938852158896366,151.40284947937155,43.81214037561478,0.9987208903445037,1.8736463866953772
3335,0.5,521.2142857142857,47.87857142857143,3.669312096364008,3.5925020439332167,151.40659704348295,44.27202868742894,0.9987296879584134,1.872463386755763
3336,0.5,521.0857142857142,47.891428571428584,3.6730498167006442,3.5964498819822808,151.41034348439217,43.51506290236119,0.9987792337191511,1.8740586556455092
3337,0.5,520.9571428571428,47.90428571428572,3.6746574102956986,3.595559622563861,151.41408880277226,44.19781093695197,0.9987344577633249,1.8731324679433758
3338,0.5,520.8285714285714,47.917142857142856,3.668578000237256,3.5909703110763003,151.41783299929568,43.12218552625348,0.9987697770274877,1.870279937160282
3339,0.5,520.6999999999999,47.93000000000001,3.6701488903378023,3.596112819154254,151.42157607463434,44.563985635445455,0.9987498065292718,1.8724959449336198
3340,0.5,520.5714285714284,47.94285714285715,3.6720484222734826,3.5991828058739683,151.42531802945948,43.88275291393532,0.9987004031762471,1.8736317349435339
3341,0.5,520.4428571428571,47.95571428571429,3.6718692937129567,3.5974369097917696,151.42905886444174,44.07791569015952,0.9987064723476053,1.8722603437231993
3342,0.5,520.3142857142857,47.96857142857143,3.6744946552064577,3.6007235114501612,151.43279858025122,44.43448178234261,0.9987617164918444,1.8735078819148252
3343,0.5,520.1857142857142,47.98142857142857,3.670981997870076,3.5950587819141866,151.4365371775574,44.22187032027119,0.9986949203490122,1.8700982203691607
3344,0.5,520.0571428571428,47.99428571428572,3.674691292097132,3.5961261925772203,151.4402746570291,44.169937603256955,0.998682699326653,1.8701911130654445
3345,0.5,519.9285714285713,48.00714285714287,3.6689413909882864,3.5937601981585012,151.44401101933462,44.35578694232418,0.9987421625603264,1.868498605885409
3346,0.5,519.8,48.02000000000001,3.669517696499543,3.5910090092900973,151.4477462651416,44.175989422178155,0.998686691504886,1.8666064830289923
3347,0.5,519.6714285714286,48.03285714285715,3.6728482886336704,3.5996868065751557,151.45148039511707,44.19812140639069,0.9986987460173049,1.8706543851826347
3348,0.5,519.5428571428571,48.04571428571429,3.6652800788965987,3.5888073959592086,151.45521340992755,43.92466527542516,0.9986978176820414,1.864539248232064
3349,0.5,519.4142857142856,48.05857142857144,3.6712469461504362,3.5897776516760787,151.4589453102389,43.998710259628794,0.9987402255755404,1.8645817948184358
3350,0.5,519.2857142857142,48.07142857142858,3.6711022358061904,3.596420046800057,151.46267609671636,43.59083738525002,0.9987548367196214,1.8675695528740293
3351,0.5,519.1571428571428,48.08428571428571,3.671240048084113,3.594809338554597,151.4664057700247,43.82090453805961,0.9986109384853262,1.86627094532018
3352,0.5,519.0285714285714,48.09714285714286,3.669028730732893,3.5958897487020707,151.47013433082785,44.48849369742396,0.9986510328078005,1.8663695192834802
3353,0.5,518.8999999999999,48.11000000000001,3.673058940684644,3.6002950890727496,151.47386177978944,44.318140211015404,0.9986111853178846,1.8681931217198493
3354,0.5,518.7714285714285,48.12285714285716,3.669086458779767,3.5893493441027506,151.47758811757228,44.38882967864806,0.9987689581914325,1.8620518868821039
3355,0.5,518.6428571428571,48.13571428571429,3.670311736055309,3.599594389808539,151.48131334483872,44.10286048960028,0.9987175676533981,1.8669039188857
3356,0.5,518.5142857142857,48.14857142857143,3.6718809450535654,3.596649833563055,151.48503746225043,44.307906178341426,0.998694690842156,1.864914319414352
3357,0.5,518.3857142857142,48.16142857142858,3.6698917257447996,3.5919110504208156,151.48876047046858,43.92017567906039,0.9987469865023554,1.8619953755231446
3358,0.5,518.2571428571428,48.17428571428572,3.672655050783486,3.590635727945487,151.49248237015368,44.06606824145258,0.9987706082056116,1.860872613405805
3359,0.5,518.1285714285714,48.18714285714286,3.6702883602100416,3.596819087864755,151.4962031619656,44.53471968007979,0.9986930554470627,1.8636147356823827
3360,0.5,518.0,48.199999999999996,3.6680245610592843,3.59625955106321,151.4999228465638,44.025574906391135,0.9986406123532839,1.862862447450743
3361,0.5,517.8714285714285,48.212857142857146,3.673489688633196,3.595845685537044,151.50364142460703,43.99782115574049,0.9986565437432843,1.862185742091477
3362,0.5,517.742857142857,48.2257142857143,3.6702071461241554,3.5947044424120587,151.50735889675337,43.937322397404145,0.9987147963037193,1.8611325485985402
3363,0.5,517.6142857142855,48.23857142857144,3.6682474284116173,3.5920401057374436,151.51107526366047,44.21477001490726,0.9987512544144492,1.8592912735883536
3364,0.5,517.4857142857143,48.251428571428576,3.6708292558808786,3.5975273362207236,151.51479052598535,43.9638148963476,0.9987079813173898,1.8616690032465641
3365,0.5,517.3571428571429,48.26428571428571,3.674660926782287,3.5952522567848733,151.5185046843844,43.97439904862164,0.9986929181063963,1.860029435420917
3366,0.5,517.2285714285714,48.27714285714286,3.66973755549351,3.5992365955432035,151.52221773951342,43.92724788715225,0.9987057802595245,1.8616280025462462
3367,0.5,517.0999999999999,48.29000000000001,3.6708426712171702,3.598218064225661,151.52592969202772,43.9626755087343,0.9986394590178403,1.860638561011089
3368,0.5,516.9714285714285,48.30285714285715,3.6718647033448106,3.595056931218284,151.52964054258192,44.27701150494344,0.9986698331199707,1.858541717527532
3369,0.5,516.8428571428572,48.315714285714286,3.670281241012646,3.5918919316469995,151.5333502918301,43.996859233523836,0.9986995424250978,1.8564436885008115
3370,0.5,516.7142857142857,48.32857142857143,3.671787745475827,3.5922371513357194,151.53705894042574,44.48012828969132,0.9987823210859887,1.8561602537687565
3371,0.5,516.5857142857142,48.34142857142858,3.6730272935613266,3.5942522564276134,151.54076648902182,44.40836628782947,0.9987959911971784,1.8567393692096985
3372,0.5,516.4571428571427,48.35428571428573,3.6716028880576776,3.5941610624590967,151.54447293827062,44.05737982985736,0.9986641051970085,1.8562301532860175
3373,0.5,516.3285714285713,48.367142857142866,3.6710428542954125,3.5987202406980945,151.54817828882392,44.223763195232465,0.9987751347409808,1.8581220808507315
3374,0.5,516.2,48.38,3.6698778672872896,3.59370890551488,151.55188254133287,44.100009021976334,0.9986872323558776,1.8550725370267813
3375,0.5,516.0714285714286,48.392857142857146,3.674546574233587,3.5976212241753505,151.5555856964481,44.309859771370895,0.9987103049728332,1.8566295246190647
3376,0.5,515.9428571428571,48.405714285714296,3.6727029407035077,3.603411520770537,151.5592877548196,44.58843089061581,0.9986864963731487,1.8591544354878384
3377,0.5,515.8142857142857,48.41857142857143,3.673591854713941,3.597582279276048,151.5629887170968,44.231348068416104,0.9987743400367,1.8556843336831466
3378,0.5,515.6857142857143,48.43142857142857,3.671144231122518,3.5962824635977615,151.56668858392862,43.54030587725532,0.9987725136788871,1.8545514910136
3379,0.5,515.5571428571428,48.44428571428572,3.669053987273241,3.5913458475209525,151.5703873559633,44.19389077273389,0.9987268240717508,1.8515440041597664
3380,0.5,515.4285714285713,48.45714285714286,3.6717201994506032,3.59851202044814,151.57408503384858,44.346101936522196,0.9986944080686863,1.8547759099681267
3381,0.5,515.2999999999998,48.47000000000001,3.671842240300938,3.5940721630996375,151.57778161823157,44.09373746852802,0.9986983413089607,1.8520253856452424
3382,0.5,515.1714285714285,48.48285714285715,3.6718736172391324,3.5893957891130914,151.58147710975888,44.24705812642415,0.9986788967272074,1.849154156385661
3383,0.5,515.0428571428571,48.495714285714286,3.6729087477486244,3.5946681696947658,151.58517150907642,44.60319511227964,0.99871283714176,1.8514081646000768
3384,0.5,514.9142857142857,48.508571428571436,3.6697508347005883,3.5922541141000854,151.5888648168297,44.140762540578,0.9987253940531612,1.8497029612660496
3385,0.5,514.7857142857142,48.52142857142858,3.6689725934356563,3.5905362508901364,151.5925570336635,44.30291967668204,0.9987729236321728,1.8483567685832292
3386,0.5,514.6571428571428,48.534285714285716,3.671498825768613,3.594252178568247,151.59624816022216,44.10151435968026,0.9986953229356055,1.8498075569299952
3387,0.5,514.5285714285715,48.54714285714286,3.671552961232277,3.6010865716459195,151.59993819714933,44.44620550953102,0.9986796742564128,1.852861929299587
3388,0.5,514.4,48.56,3.6671617431255603,3.58638296941068,151.60362714508815,44.77406608484834,0.9987541154713976,1.8448353994648536
3389,0.5,514.2714285714285,48.57285714285715,3.672427855189609,3.596306396691308,151.6073150046812,44.231665644091265,0.998711448263231,1.8494776282070053
3390,0.5,514.142857142857,48.585714285714296,3.6716458219636623,3.5940897027204493,151.61100177657048,44.19669492022797,0.9987170022096596,1.8478755485844134
3391,0.5,514.0142857142856,48.59857142857143,3.6714929640645217,3.5975626903751987,151.6146874613974,44.550186701040175,0.9987324149396929,1.8491986166055714
3392,0.5,513.8857142857142,48.611428571428576,3.6698870470970064,3.5977637145068577,151.61837205980288,44.14254921199354,0.9986802670789968,1.848839376260581
3393,0.5,513.7571428571428,48.62428571428572,3.67103517298867,3.5965675883262227,151.62205557242714,44.80072398790989,0.9987480655727129,1.8477622882710845
3394,0.5,513.6285714285714,48.63714285714287,3.6677503241623675,3.59367515005594,151.62573799990994,44.08424563960693,0.9987549454177461,1.8458142335015892
3395,0.5,513.5,48.650000000000006,3.66898812991975,3.5957344449898634,151.62941934289046,44.31564023541553,0.9988113692827544,1.8464096375022947
3396,0.5,513.3714285714286,48.66285714285714,3.667276080218728,3.591741624986607,151.6330996020073,44.14418028917427,0.9987023090446178,1.8438975290788389
3397,0.5,513.2428571428571,48.67571428571429,3.668028874884712,3.5922357138319096,151.63677877789848,44.62710542501782,0.9986507602384392,1.8436893212977001
3398,0.5,513.1142857142856,48.688571428571436,3.6686102367504736,3.596139683806196,151.64045687120145,44.042725434070235,0.9986628307581396,1.8452306451850133
3399,0.5,512.9857142857142,48.701428571428586,3.668246607522714,3.596098241453325,151.64413388255315,44.49219559909034,0.998750518598758,1.8447470250335343
3400,0.5,512.8571428571428,48.71428571428572,3.669519746711658,3.5949700418186197,151.64780981258994,44.373613084848465,0.9987436248371039,1.8437060643041205
3401,0.5,512.7285714285714,48.72714285714286,3.6689448659643933,3.591125485133609,151.65148466194756,45.12809242821598,0.9987262615610638,1.8412726398132908
3402,0.5,512.5999999999999,48.74000000000001,3.6708711653802832,3.599680083264397,151.65515843126133,43.92573008085291,0.9987349182709331,1.8451960106813294
3403,0.5,512.4714285714284,48.75285714285715,3.6693385701871444,3.5952839227527287,151.6588311211658,44.190125515316,0.998747830333418,1.84248028801298
3404,0.5,512.3428571428572,48.76571428571428,3.6700329329178656,3.5877167248368975,151.66250273229517,44.64616692154754,0.9987286721404203,1.83814103742215
3405,0.5,512.2142857142858,48.778571428571425,3.67098959404258,3.5979975109971947,151.6661732652829,44.799429232967924,0.9987071029323975,1.8429457250972061
3406,0.5,512.0857142857143,48.791428571428575,3.672645480125247,3.601938315281867,151.66984272076206,44.214265879487826,0.998654637287406,1.8445011549941972
3407,0.5,511.9571428571428,48.804285714285726,3.6721445429448814,3.590915145510049,151.6735110993651,44.75182190701509,0.9987017547628716,1.838394658137766
3408,0.5,511.8285714285713,48.81714285714287,3.670768113516085,3.5936297648179893,151.67717840172378,44.58833498651281,0.9986967808689109,1.839322388769984
3409,0.5,511.69999999999993,48.830000000000005,3.6704860512131443,3.5937403189727006,151.68084462846954,45.091152908775,0.9987631783466743,1.8389169212183305
3410,0.5,511.57142857142856,48.84285714285714,3.6691001051301986,3.593983630890909,151.68450978023307,44.63846127117602,0.998676343811847,1.8385793403171922
3411,0.5,511.44285714285706,48.85571428571429,3.671932805793672,3.594998398151926,151.6881738576446,44.35413824905026,0.9987637673895268,1.8386362521748156
3412,0.5,511.31428571428563,48.86857142857144,3.670779188435182,3.5962447270485454,151.69183686133383,44.91131972769417,0.998731005782966,1.8388113038645932
3413,0.5,511.18571428571425,48.88142857142858,3.671730777180671,3.5886142755838026,151.69549879192982,44.67703044859598,0.9986962809452987,1.834448351760217
3414,0.5,511.0571428571429,48.894285714285715,3.6661053939876465,3.5881318222976746,151.69915965006112,44.68253953008409,0.998684858079423,1.8337403972982431
3415,0.5,510.9285714285714,48.90714285714286,3.671123635619182,3.593422791777527,151.70281943635575,44.48814645074207,0.998689124793416,1.8359823735417606
3416,0.5,510.7999999999999,48.92000000000001,3.67361067590792,3.601051083548975,151.70647815144113,44.58687899674109,0.9987304052820987,1.839416893476816
3417,0.5,510.67142857142846,48.93285714285716,3.6673504347998334,3.5926788843815625,151.7101357959442,44.4967774654992,0.9986787355497849,1.8346784582855384
3418,0.5,510.5428571428571,48.945714285714295,3.671999879318565,3.5952115047697513,151.71379237049126,45.120529592486285,0.9987124297661043,1.8355095536780193
3419,0.5,510.4142857142857,48.95857142857143,3.6708709697141604,3.5914312338388323,151.71744787570813,44.889658920368944,0.9987146344691927,1.8331178079118233
3420,0.5,510.2857142857142,48.971428571428575,3.6716260781023724,3.59633034247826,151.72110231222007,44.709529481198395,0.9987155646010513,1.8351559976189062
3421,0.5,510.15714285714273,48.984285714285726,3.6732906593594534,3.6018365884592773,151.72475568065173,44.7465068929149,0.9986504092129167,1.8375026630067033
3422,0.5,510.0285714285714,48.99714285714286,3.670326932100781,3.5966780401094467,151.72840798162733,44.61988093266499,0.9987281904388688,1.834408562685535
3423,0.5,509.90000000000003,49.01,3.670626072659095,3.599048890828437,151.7320592157704,44.56316996255212,0.9986879756071076,1.8351550294334202
3424,0.5,509.77142857142854,49.02285714285715,3.67053766341289,3.5947405527412233,151.73570938370406,44.04468371319482,0.9987283617622643,1.83249602691454
3425,0.5,509.64285714285705,49.03571428571429,3.669696735590612,3.591125888323663,151.73935848605083,44.27656980078386,0.9986933261201747,1.8301916580849522
3426,0.5,509.51428571428556,49.04857142857144,3.6655171329628633,3.5884425030742095,151.7430065234326,44.83994379420726,0.9986900386894174,1.828362718780639
3427,0.5,509.38571428571424,49.06142857142858,3.6680537636982256,3.5892410862036437,151.74665349647088,44.580791136179336,0.9986228060471116,1.8283081344394758
3428,0.5,509.25714285714287,49.074285714285715,3.66853078318935,3.5922044998867,151.7502994057865,44.23555694911181,0.9987050058550353,1.8293558001708727
3429,0.5,509.1285714285714,49.087142857142865,3.6710076938530998,3.5932081476655333,151.75394425199983,44.36176444753132,0.9986780046159321,1.8294049310664562
3430,0.5,508.9999999999999,49.10000000000001,3.669723715075799,3.5977427300070985,151.75758803573063,44.35168413044474,0.9987313924877779,1.8312510495736127
3431,0.5,508.8714285714285,49.112857142857145,3.6693138608562714,3.595292775091672,151.76123075759816,44.62280421726115,0.9987144433571604,1.8295417705934347
3432,0.5,508.7428571428572,49.12571428571428,3.667902516413704,3.593706328607463,151.76487241822113,44.973030138968184,0.9987857510848577,1.8282724253481284
3433,0.5,508.6142857142857,49.13857142857143,3.671354733747643,3.5906416033017683,151.76851301821776,44.466423586033976,0.998671589189552,1.8262516143193266
3434,0.5,508.4857142857142,49.15142857142858,3.6705217196812354,3.5951805193069304,151.77215255820562,44.66916801973545,0.9987588626783613,1.8280979343458694
3435,0.5,508.3571428571427,49.164285714285725,3.668267709679161,3.5926588558007624,151.77579103880183,44.02265404038571,0.998728008187554,1.8263537911952872
3436,0.5,508.22857142857134,49.17714285714286,3.668474936976209,3.5932961557490546,151.77942846062294,45.32553453110261,0.9987439995011864,1.8262157719561192
3437,0.5,508.1,49.19,3.6740975413969474,3.5941139780254483,151.78306482428493,44.61209642183156,0.9987212519092218,1.8261693122347304
3438,0.5,507.97142857142853,49.20285714285715,3.6685484557412553,3.5933004504495205,151.78670013040332,44.46338019995983,0.9986615323217767,1.8252939631012006
3439,0.5,507.84285714285704,49.2157142857143,3.6689438056282304,3.591423211387056,151.79033437959305,44.310865824590515,0.9987007393553496,1.8238786248799777
3440,0.5,507.71428571428567,49.228571428571435,3.6741506989055623,3.59581758185119,151.7939675724685,44.37977351544231,0.9987111427003436,1.825647955128447
3441,0.5,507.5857142857143,49.24142857142857,3.672025896749827,3.602480370750687,151.79759970964355,45.13324674251474,0.9988394368172842,1.8285675721877523
3442,0.5,507.45714285714286,49.254285714285714,3.6723644322480187,3.60021640596977,151.80123079173157,44.660328622969416,0.9987160655235768,1.826955531040831
3443,0.5,507.32857142857137,49.267142857142865,3.6709140241083795,3.598581779036388,151.80486081934527,44.97570332589789,0.9987125642802215,1.8256633531274176
3444,0.5,507.1999999999999,49.280000000000015,3.671098602236813,3.5920161116862426,151.80848979309698,44.502779360810145,0.9986764374642548,1.8218705718472619
3445,0.5,507.0714285714285,49.29285714285715,3.6727147159744997,3.597946876606681,151.81211771359844,44.9160123431095,0.9987422849195208,1.824416062645059
3446,0.5,506.9428571428571,49.30571428571429,3.6670300777816323,3.591521449454811,151.81574458146082,45.19954384710068,0.9987242049632822,1.8206961450764771
3447,0.5,506.8142857142857,49.31857142857143,3.6700633114672976,3.590310361354107,151.81937039729482,45.415380841563476,0.9987584015609363,1.8196205812822808
3448,0.5,506.6857142857142,49.33142857142858,3.6721794718707117,3.5950725743335754,151.8229951617105,44.53084747825308,0.9986588941586525,1.821571915235189
3449,0.5,506.5571428571428,49.34428571428572,3.67012277001869,3.591879493683577,151.82661887531756,45.125996759784655,0.9987908879390653,1.8194922138075138
3450,0.5,506.42857142857144,49.357142857142854,3.672026226611835,3.597742835156808,151.83024153872503,44.64513990631263,0.9987132947382767,1.8219997643758405
3451,0.5,506.29999999999995,49.370000000000005,3.668760755801992,3.5998700419340595,151.83386315254148,44.85306441654346,0.9987651903335766,1.8226142022312142
3452,0.5,506.1714285714285,49.38285714285715,3.667120751073935,3.5939786484818526,151.8374837173749,44.94447141643498,0.9987554040201887,1.8191693067572712
3453,0.5,506.04285714285703,49.3957142857143,3.6702185889339987,3.600972879972734,151.8411032338328,44.842487254821336,0.9987040945118915,1.8222466046753445
3454,0.5,505.91428571428565,49.408571428571435,3.671347519755589,3.5935983418280055,151.84472170252212,44.62686175676087,0.998705952812566,1.8180527382499567
3455,0.5,505.7857142857143,49.42142857142857,3.664820301973784,3.5905691906696453,151.84833912404935,45.05444893246373,0.9986773231946564,1.8160586027951255
3456,0.5,505.6571428571428,49.43428571428572,3.6722840979536917,3.5979610296093494,151.8519554990203,45.08381732065403,0.9986628565098514,1.8193346943436073
3457,0.5,505.52857142857135,49.447142857142865,3.674199108927756,3.5975184005889673,151.85557082804044,44.97715572511527,0.9986930630594929,1.8186483377377394
3458,0.5,505.4,49.46,3.666409849971549,3.5882165423630177,151.85918511171462,44.86578762624462,0.998662417422165,1.813484640510269
3459,0.5,505.2714285714286,49.47285714285714,3.669070246128999,3.5899810897764524,151.86279835064713,44.4841658500002,0.9986209431162555,1.813914873775762
3460,0.5,505.1428571428571,49.48571428571429,3.6677480290758395,3.589384824400223,151.86641054544182,44.951472912286995,0.9986219938142987,1.813152105582741
3461,0.5,505.0142857142856,49.49857142857144,3.6704094098585163,3.5999825790850513,151.87002169670194,44.55834796786444,0.9987194304464018,1.8180426307605089
3462,0.5,504.8857142857142,49.51142857142858,3.6718652766885573,3.594993755322281,151.87363180503027,45.693618272435245,0.9986770215115967,1.8150609900085717
3463,0.5,504.7571428571428,49.52428571428572,3.6728245577965395,3.5981575863951605,151.87724087102907,44.862443816573,0.9986665922911596,1.8161957428585742
3464,0.5,504.62857142857143,49.537142857142854,3.671419895224717,3.592067795429009,151.88084889530003,44.912271109576395,0.99867394957028,1.8126600400819188
3465,0.5,504.49999999999994,49.550000000000004,3.672420578542937,3.5955669598291,151.88445587844438,44.87806461612079,0.9987217012133335,1.8139635312337807
3466,0.5,504.37142857142845,49.562857142857155,3.6684292736715314,3.5917384554820506,151.8880618210628,44.79102661058349,0.9986508418393727,1.811570255846418
3467,0.5,504.2428571428571,49.57571428571429,3.669852736319643,3.594983780318878,151.8916667237554,44.99109939611468,0.998751657037892,1.8127448927702203
3468,0.5,504.11428571428576,49.58857142857143,3.6709140852522877,3.5944832174319377,151.89527058712187,44.57095822256261,0.9987992903923222,1.812030339667689
3469,0.5,503.98571428571427,49.60142857142857,3.66686117852192,3.593080880664817,151.89887341176131,45.01544696712478,0.9987492846560009,1.8108614341282012
3470,0.5,503.8571428571428,49.61428571428572,3.6748555684577457,3.6002544007904906,151.90247519827233,44.99057750398859,0.9987273666729178,1.8140138959411514
3471,0.5,503.7285714285713,49.62714285714287,3.6719112147925626,3.5935542703903858,151.90607594725302,45.22037213010605,0.9986852181905511,1.8101759589747908
3472,0.5,503.5999999999999,49.64000000000001,3.666992639918576,3.594309602012819,151.90967565930094,44.74641846561045,0.9987692739614803,1.8100943155736555
3473,0.5,503.4714285714286,49.652857142857144,3.6708084903204328,3.5963718868633565,151.91327433501314,44.70976224929331,0.9987453422505254,1.8106704915532181
3474,0.5,503.3428571428571,49.66571428571429,3.6709186668885065,3.595578021081445,151.91687197498615,44.862640102581494,0.9986959724613113,1.8098085142111948
3475,0.5,503.2142857142856,49.67857142857144,3.667937515144243,3.5911002722294816,151.92046857981603,45.52186237619866,0.9987747318872912,1.8070929584183353
3476,0.5,503.08571428571423,49.691428571428574,3.6712168567087917,3.591205415749682,151.92406415009827,44.882224931500765,0.9987018914418807,1.8066841417291541
3477,0.5,502.95714285714286,49.70428571428571,3.6706479873921944,3.5961266290347935,151.92765868642786,45.15385283485267,0.9986970850927869,1.8086975746918283
3478,0.5,502.8285714285714,49.71714285714286,3.668696725573721,3.5875664790157877,151.93125218939926,44.6303969649084,0.9987527861887472,1.8039309275485385
3479,0.5,502.69999999999993,49.730000000000004,3.6742536785356386,3.599879783646283,151.93484465960648,44.83919879969928,0.9987141434661917,1.8096595672389864
3480,0.5,502.57142857142844,49.742857142857154,3.6649850727076307,3.584569652404843,151.938436097643,44.46653350685834,0.9986406163039504,1.8015022910228906
3481,0.5,502.44285714285706,49.75571428571429,3.6705798494438935,3.5963205947862864,151.9420265041017,44.1547599648853,0.9988020815737768,1.8069455948461208
3482,0.5,502.3142857142857,49.76857142857143,3.6722323939004937,3.5987766913116634,151.94561587957503,44.62279928442137,0.9986610091041416,1.8077169431414386
3483,0.5,502.18571428571425,49.78142857142858,3.6709356368104045,3.592823672932235,151.94920422465492,45.278780284309846,0.9987285430266715,1.804264722494098
3484,0.5,502.05714285714276,49.79428571428572,3.6699433906216465,3.5982670915660857,151.9527915399328,44.86684736880569,0.998679995363698,1.8065356952285498
3485,0.5,501.9285714285714,49.807142857142864,3.6677178738571437,3.588895657997719,151.95637782599957,45.48903426941159,0.9987208306740638,1.8013692706249977
3486,0.5,501.8,49.82,3.6685394068284944,3.5885804166591644,151.95996308344564,45.024556217547385,0.9986574047072964,1.8007496530795688
3487,0.5,501.6714285714285,49.832857142857144,3.6684351877127424,3.5923139787143605,151.96354731286087,44.842170439329095,0.9986524380461901,1.8021612855787454
3488,0.5,501.5428571428571,49.845714285714294,3.6706055849358137,3.5925646883939955,151.96713051483468,45.18832131363366,0.9986968723641827,1.8018251582876625
3489,0.5,501.4142857142856,49.85857142857144,3.6693977325330067,3.595385619837934,151.9707126899559,45.040692303197915,0.9987242997161996,1.8027777124384519
3490,0.5,501.2857142857142,49.87142857142858,3.672414504827117,3.5983391626873584,151.97429383881297,45.04864046734234,0.9987169439400688,1.8037960174099912
3491,0.5,501.15714285714284,49.88428571428572,3.6689900482613065,3.593539350686973,151.97787396199368,45.40936183144671,0.9987389599585051,1.8009279137349956
3492,0.5,501.02857142857135,49.89714285714286,3.6690580371499952,3.5894180384763454,151.98145306008539,44.89149602598929,0.9986482634230605,1.798400992077748
3493,0.5,500.8999999999999,49.91000000000001,3.67211761743832,3.5991292509255435,151.98503113367502,45.31575848455769,0.9986782285245794,1.8028038417886043
3494,0.5,500.77142857142854,49.92285714285715,3.6660340389737938,3.586342783062845,151.98860818334887,45.05065904092965,0.9987553276629234,1.7959379988212139
3495,0.5,500.64285714285705,49.9357142857143,3.6711792839089807,3.5955525442645837,151.99218420969282,45.01129070595291,0.9987176782646446,1.8000876987678902
3496,0.5,500.5142857142857,49.948571428571434,3.673871891281415,3.599024930219163,151.99575921329222,44.9744998745132,0.9987324712998747,1.8013633922165513
3497,0.5,500.3857142857142,49.96142857142858,3.6670923851981936,3.591158548121743,151.99933319473183,44.60584698821715,0.9987474414137089,1.7969644352151468
3498,0.5,500.25714285714275,49.97428571428573,3.669539034019899,3.5949715417188015,152.0029061545961,44.62496847659211,0.9988156622806553,1.7984101921129851
3499,0.5,500.1285714285714,49.987142857142864,3.668471596406964,3.59369116769902,152.00647809346881,45.328797405048995,0.9986673468909443,1.7973076298567856
3500,0.5,499.99999999999994,50.0,3.6699242644240324,3.593570683711454,152.01004901193332,45.15436320801349,0.998578487633293,1.7967853418557267
